"cohort","aetiology","n_aetiology","n_control","set","tier","hedges_g","direction"
"GSE57338","DCM",82,136,"KEGG_RIBOSOME","A",-0.274582969868869,"down in disease"
"GSE57338","DCM",82,136,"KEGG_AMINOACYL_TRNA_BIOSYNTHESIS","A",-0.207048097950562,"down in disease"
"GSE57338","DCM",82,136,"REACTOME_TRANSLATION","A",-0.461851940842441,"down in disease"
"GSE57338","DCM",82,136,"REACTOME_EUKARYOTIC_TRANSLATION_INITIATION","A",-0.47137834064691,"down in disease"
"GSE57338","DCM",82,136,"REACTOME_EUKARYOTIC_TRANSLATION_ELONGATION","A",-0.292247087969127,"down in disease"
"GSE57338","DCM",82,136,"REACTOME_TRNA_AMINOACYLATION","A",-0.356375740869958,"down in disease"
"GSE57338","DCM",82,136,"REACTOME_CYTOSOLIC_TRNA_AMINOACYLATION","A",-0.810342603914782,"down in disease"
"GSE57338","DCM",82,136,"REACTOME_RRNA_PROCESSING","A",-0.662640699859057,"down in disease"
"GSE57338","DCM",82,136,"REACTOME_SRP_DEPENDENT_COTRANSLATIONAL_PROTEIN_TARGETING_TO_MEMBRANE","A",-0.456432313340878,"down in disease"
"GSE57338","DCM",82,136,"REACTOME_RIBOSOME_ASSOCIATED_QUALITY_CONTROL","A",-0.378174274273897,"down in disease"
"GSE57338","DCM",82,136,"REACTOME_RIBOSOME_QUALITY_CONTROL_RQC_COMPLEX_EXTRACTS_AND_DEGRADES_NASCENT_PEPTIDE","A",-0.35409970664936,"down in disease"
"GSE57338","DCM",82,136,"REACTOME_MITOCHONDRIAL_TRANSLATION","A",-0.0585845895526456,"down in disease"
"GSE57338","DCM",82,136,"REACTOME_MITOCHONDRIAL_TRANSLATION_ELONGATION","A",-0.0592318101932476,"down in disease"
"GSE57338","DCM",82,136,"REACTOME_MITOCHONDRIAL_TRNA_AMINOACYLATION","A",0.598473544497538,"up in disease"
"GSE57338","DCM",82,136,"REACTOME_RRNA_PROCESSING_IN_THE_MITOCHONDRION","A",-0.122190653145575,"down in disease"
"GSE57338","ICM",95,136,"KEGG_RIBOSOME","A",-0.556301056943638,"down in disease"
"GSE57338","ICM",95,136,"KEGG_AMINOACYL_TRNA_BIOSYNTHESIS","A",-0.208200709806075,"down in disease"
"GSE57338","ICM",95,136,"REACTOME_TRANSLATION","A",-0.602941794175249,"down in disease"
"GSE57338","ICM",95,136,"REACTOME_EUKARYOTIC_TRANSLATION_INITIATION","A",-0.726854776792071,"down in disease"
"GSE57338","ICM",95,136,"REACTOME_EUKARYOTIC_TRANSLATION_ELONGATION","A",-0.591391151648699,"down in disease"
"GSE57338","ICM",95,136,"REACTOME_TRNA_AMINOACYLATION","A",-0.355702756244304,"down in disease"
"GSE57338","ICM",95,136,"REACTOME_CYTOSOLIC_TRNA_AMINOACYLATION","A",-0.84609611248469,"down in disease"
"GSE57338","ICM",95,136,"REACTOME_RRNA_PROCESSING","A",-0.758780596240106,"down in disease"
"GSE57338","ICM",95,136,"REACTOME_SRP_DEPENDENT_COTRANSLATIONAL_PROTEIN_TARGETING_TO_MEMBRANE","A",-0.657792779082724,"down in disease"
"GSE57338","ICM",95,136,"REACTOME_RIBOSOME_ASSOCIATED_QUALITY_CONTROL","A",-0.727481103239791,"down in disease"
"GSE57338","ICM",95,136,"REACTOME_RIBOSOME_QUALITY_CONTROL_RQC_COMPLEX_EXTRACTS_AND_DEGRADES_NASCENT_PEPTIDE","A",-0.680099788566093,"down in disease"
"GSE57338","ICM",95,136,"REACTOME_MITOCHONDRIAL_TRANSLATION","A",-0.112314378498295,"down in disease"
"GSE57338","ICM",95,136,"REACTOME_MITOCHONDRIAL_TRANSLATION_ELONGATION","A",-0.09920431386048,"down in disease"
"GSE57338","ICM",95,136,"REACTOME_MITOCHONDRIAL_TRNA_AMINOACYLATION","A",0.550646366886286,"up in disease"
"GSE57338","ICM",95,136,"REACTOME_RRNA_PROCESSING_IN_THE_MITOCHONDRION","A",-0.0926333735920689,"down in disease"
"GSE141910","Dilated cardiomyopathy (DCM)",166,166,"KEGG_RIBOSOME","A",0.330619683223169,"up in disease"
"GSE141910","Dilated cardiomyopathy (DCM)",166,166,"KEGG_AMINOACYL_TRNA_BIOSYNTHESIS","A",0.156115256311325,"up in disease"
"GSE141910","Dilated cardiomyopathy (DCM)",166,166,"REACTOME_TRANSLATION","A",0.0956234065646065,"up in disease"
"GSE141910","Dilated cardiomyopathy (DCM)",166,166,"REACTOME_EUKARYOTIC_TRANSLATION_INITIATION","A",0.205081709161883,"up in disease"
"GSE141910","Dilated cardiomyopathy (DCM)",166,166,"REACTOME_EUKARYOTIC_TRANSLATION_ELONGATION","A",0.332500757800106,"up in disease"
"GSE141910","Dilated cardiomyopathy (DCM)",166,166,"REACTOME_TRNA_AMINOACYLATION","A",0.0755663157140176,"up in disease"
"GSE141910","Dilated cardiomyopathy (DCM)",166,166,"REACTOME_CYTOSOLIC_TRNA_AMINOACYLATION","A",-0.416319786957195,"down in disease"
"GSE141910","Dilated cardiomyopathy (DCM)",166,166,"REACTOME_RRNA_PROCESSING","A",-0.005966900282397,"down in disease"
"GSE141910","Dilated cardiomyopathy (DCM)",166,166,"REACTOME_SRP_DEPENDENT_COTRANSLATIONAL_PROTEIN_TARGETING_TO_MEMBRANE","A",0.223492729659937,"up in disease"
"GSE141910","Dilated cardiomyopathy (DCM)",166,166,"REACTOME_RIBOSOME_ASSOCIATED_QUALITY_CONTROL","A",0.190962956589758,"up in disease"
"GSE141910","Dilated cardiomyopathy (DCM)",166,166,"REACTOME_RIBOSOME_QUALITY_CONTROL_RQC_COMPLEX_EXTRACTS_AND_DEGRADES_NASCENT_PEPTIDE","A",0.094611366658518,"up in disease"
"GSE141910","Dilated cardiomyopathy (DCM)",166,166,"REACTOME_MITOCHONDRIAL_TRANSLATION","A",0.103281832808191,"up in disease"
"GSE141910","Dilated cardiomyopathy (DCM)",166,166,"REACTOME_MITOCHONDRIAL_TRANSLATION_ELONGATION","A",0.151350480425494,"up in disease"
"GSE141910","Dilated cardiomyopathy (DCM)",166,166,"REACTOME_MITOCHONDRIAL_TRNA_AMINOACYLATION","A",0.581166585535069,"up in disease"
"GSE141910","Dilated cardiomyopathy (DCM)",166,166,"REACTOME_RRNA_PROCESSING_IN_THE_MITOCHONDRION","A",-0.13939511519658,"down in disease"
"GSE141910","Hypertrophic cardiomyopathy (HCM)",28,166,"KEGG_RIBOSOME","A",0.319205856041368,"up in disease"
"GSE141910","Hypertrophic cardiomyopathy (HCM)",28,166,"KEGG_AMINOACYL_TRNA_BIOSYNTHESIS","A",-0.152147955275981,"down in disease"
"GSE141910","Hypertrophic cardiomyopathy (HCM)",28,166,"REACTOME_TRANSLATION","A",-0.0328384641869175,"down in disease"
"GSE141910","Hypertrophic cardiomyopathy (HCM)",28,166,"REACTOME_EUKARYOTIC_TRANSLATION_INITIATION","A",0.196585993254075,"up in disease"
"GSE141910","Hypertrophic cardiomyopathy (HCM)",28,166,"REACTOME_EUKARYOTIC_TRANSLATION_ELONGATION","A",0.335799351385096,"up in disease"
"GSE141910","Hypertrophic cardiomyopathy (HCM)",28,166,"REACTOME_TRNA_AMINOACYLATION","A",-0.258380717300082,"down in disease"
"GSE141910","Hypertrophic cardiomyopathy (HCM)",28,166,"REACTOME_CYTOSOLIC_TRNA_AMINOACYLATION","A",-0.549966280342459,"down in disease"
"GSE141910","Hypertrophic cardiomyopathy (HCM)",28,166,"REACTOME_RRNA_PROCESSING","A",-0.065908735327924,"down in disease"
"GSE141910","Hypertrophic cardiomyopathy (HCM)",28,166,"REACTOME_SRP_DEPENDENT_COTRANSLATIONAL_PROTEIN_TARGETING_TO_MEMBRANE","A",0.237782322135356,"up in disease"
"GSE141910","Hypertrophic cardiomyopathy (HCM)",28,166,"REACTOME_RIBOSOME_ASSOCIATED_QUALITY_CONTROL","A",0.169551365837736,"up in disease"
"GSE141910","Hypertrophic cardiomyopathy (HCM)",28,166,"REACTOME_RIBOSOME_QUALITY_CONTROL_RQC_COMPLEX_EXTRACTS_AND_DEGRADES_NASCENT_PEPTIDE","A",0.0668017817873428,"up in disease"
"GSE141910","Hypertrophic cardiomyopathy (HCM)",28,166,"REACTOME_MITOCHONDRIAL_TRANSLATION","A",-0.0735140811208371,"down in disease"
"GSE141910","Hypertrophic cardiomyopathy (HCM)",28,166,"REACTOME_MITOCHONDRIAL_TRANSLATION_ELONGATION","A",-0.00516511844273676,"down in disease"
"GSE141910","Hypertrophic cardiomyopathy (HCM)",28,166,"REACTOME_MITOCHONDRIAL_TRNA_AMINOACYLATION","A",0.233839637248174,"up in disease"
"GSE141910","Hypertrophic cardiomyopathy (HCM)",28,166,"REACTOME_RRNA_PROCESSING_IN_THE_MITOCHONDRION","A",-0.713522381102915,"down in disease"
"GSE141910","Peripartum cardiomyopathy (PPCM)",6,166,"KEGG_RIBOSOME","A",0.165115827766766,"up in disease"
"GSE141910","Peripartum cardiomyopathy (PPCM)",6,166,"KEGG_AMINOACYL_TRNA_BIOSYNTHESIS","A",-0.14607291167898,"down in disease"
"GSE141910","Peripartum cardiomyopathy (PPCM)",6,166,"REACTOME_TRANSLATION","A",-0.213280374261072,"down in disease"
"GSE141910","Peripartum cardiomyopathy (PPCM)",6,166,"REACTOME_EUKARYOTIC_TRANSLATION_INITIATION","A",0.109331571122991,"up in disease"
"GSE141910","Peripartum cardiomyopathy (PPCM)",6,166,"REACTOME_EUKARYOTIC_TRANSLATION_ELONGATION","A",0.178759052619916,"up in disease"
"GSE141910","Peripartum cardiomyopathy (PPCM)",6,166,"REACTOME_TRNA_AMINOACYLATION","A",-0.255437496495203,"down in disease"
"GSE141910","Peripartum cardiomyopathy (PPCM)",6,166,"REACTOME_CYTOSOLIC_TRNA_AMINOACYLATION","A",-0.453354186543633,"down in disease"
"GSE141910","Peripartum cardiomyopathy (PPCM)",6,166,"REACTOME_RRNA_PROCESSING","A",-0.00568267915693244,"down in disease"
"GSE141910","Peripartum cardiomyopathy (PPCM)",6,166,"REACTOME_SRP_DEPENDENT_COTRANSLATIONAL_PROTEIN_TARGETING_TO_MEMBRANE","A",0.144351178356282,"up in disease"
"GSE141910","Peripartum cardiomyopathy (PPCM)",6,166,"REACTOME_RIBOSOME_ASSOCIATED_QUALITY_CONTROL","A",0.01980147886386,"up in disease"
"GSE141910","Peripartum cardiomyopathy (PPCM)",6,166,"REACTOME_RIBOSOME_QUALITY_CONTROL_RQC_COMPLEX_EXTRACTS_AND_DEGRADES_NASCENT_PEPTIDE","A",0.0351408314058457,"up in disease"
"GSE141910","Peripartum cardiomyopathy (PPCM)",6,166,"REACTOME_MITOCHONDRIAL_TRANSLATION","A",-0.369250256062662,"down in disease"
"GSE141910","Peripartum cardiomyopathy (PPCM)",6,166,"REACTOME_MITOCHONDRIAL_TRANSLATION_ELONGATION","A",-0.289539531228019,"down in disease"
"GSE141910","Peripartum cardiomyopathy (PPCM)",6,166,"REACTOME_MITOCHONDRIAL_TRNA_AMINOACYLATION","A",0.120424757176915,"up in disease"
"GSE141910","Peripartum cardiomyopathy (PPCM)",6,166,"REACTOME_RRNA_PROCESSING_IN_THE_MITOCHONDRION","A",-0.934293759093153,"down in disease"
