"module","n_module","n_overlap","expected","fold","p","fdr","disease"
"purple",153,73,6.8,10.69,2.36746642421884e-58,5.68191941812521e-57,"HF"
"blue",1525,115,68.1,1.69,2.92074856235419e-09,3.50489827482503e-08,"HF"
"pink",173,23,7.7,2.98,2.51193327580193e-06,2.00954662064154e-05,"HF"
"turquoise",2132,119,95.2,1.25,0.00360370053460529,0.0216222032076317,"HF"
"black",184,14,8.2,1.7,0.0359841354748524,0.172723850279292,"HF"
"midnightblue",93,7,4.2,1.69,0.121411717124485,0.485646868497939,"HF"
"lightyellow",58,3,2.6,1.16,0.482752808913672,1,"HF"
"lightcyan",73,2,3.3,0.61,0.843777050829094,1,"HF"
"greenyellow",150,4,6.7,0.6,0.907809914879353,1,"HF"
"salmon",105,2,4.7,0.43,0.951978084496202,1,"HF"
"cyan",103,1,4.6,0.22,0.991163617305504,1,"HF"
"yellow",496,7,22.1,0.32,0.999970642982515,1,"HF"
"green",425,5,19,0.26,0.999977578461763,1,"HF"
"grey",2210,65,98.7,0.66,0.999983876682818,1,"HF"
"brown",1516,16,67.7,0.24,1,1,"HF"
"red",189,0,8.4,0,1,1,"HF"
"magenta",167,0,7.5,0,1,1,"HF"
"tan",146,0,6.5,0,1,1,"HF"
"grey60",70,0,3.1,0,1,1,"HF"
"lightgreen",70,0,3.1,0,1,1,"HF"
"royalblue",52,0,2.3,0,1,1,"HF"
"darkred",43,0,1.9,0,1,1,"HF"
"darkgreen",41,0,1.8,0,1,1,"HF"
"darkturquoise",39,0,1.7,0,1,1,"HF"
"blue",1948,173,87,1.99,4.6980941039289e-22,9.8659976182507e-21,"HCC"
"magenta",146,26,6.5,3.99,1.16459693569864e-09,1.22282678248357e-08,"HCC"
"brown",389,37,17.4,2.13,1.05257496899797e-05,7.36802478298579e-05,"HCC"
"lightgreen",68,8,3,2.63,0.0104683176913554,0.0549586678796156,"HCC"
"grey60",78,8,3.5,2.3,0.0226247121568513,0.0950237910587753,"HCC"
"cyan",99,8,4.4,1.81,0.074543642256827,0.260902747898895,"HCC"
"salmon",110,6,4.9,1.22,0.367973533582955,1,"HCC"
"lightyellow",57,3,2.5,1.18,0.471197804732073,1,"HCC"
"royalblue",43,2,1.9,1.04,0.57832900541952,1,"HCC"
"pink",254,8,11.3,0.71,0.886104152581266,1,"HCC"
"green",323,9,14.4,0.62,0.955761978511345,1,"HCC"
"purple",145,2,6.5,0.31,0.990020548877844,1,"HCC"
"black",255,5,11.4,0.44,0.990324724571256,1,"HCC"
"grey",1445,44,64.5,0.68,0.998737359143438,1,"HCC"
"yellow",347,1,15.5,0.06,0.999999901278408,1,"HCC"
"turquoise",3771,116,168.4,0.69,0.999999964267846,1,"HCC"
"red",302,0,13.5,0,1,1,"HCC"
"greenyellow",130,0,5.8,0,1,1,"HCC"
"tan",117,0,5.2,0,1,1,"HCC"
"midnightblue",96,0,4.3,0,1,1,"HCC"
"lightcyan",90,0,4,0,1,1,"HCC"
