"cohort","score_a","score_b","r"
"GSE57338","TCS","ME_HF_weighted",0.635811397122143
"GSE57338","TCS","ME_HCC_weighted",0.715736659484366
"GSE57338","ME_HF_weighted","ME_HCC_weighted",0.308412813323256
"GSE141198","TCS","ME_HF_weighted",0.462891853666981
"GSE141198","TCS","ME_HCC_weighted",0.548968603271001
"GSE141198","ME_HF_weighted","ME_HCC_weighted",0.772874247574877
"TCGA_LIHC","TCS","ME_HF_weighted",0.60194890193476
"TCGA_LIHC","TCS","ME_HCC_weighted",0.472258065892933
"TCGA_LIHC","ME_HF_weighted","ME_HCC_weighted",0.911503659808932
"GSE116250","TCS","ME_HF_weighted",0.265352290313521
"GSE116250","TCS","ME_HCC_weighted",0.423334049187029
"GSE116250","ME_HF_weighted","ME_HCC_weighted",0.872835309811558
"GSE14520_GPL3921","TCS","ME_HF_weighted",0.78522642753455
"GSE14520_GPL3921","TCS","ME_HCC_weighted",0.703223946160593
"GSE14520_GPL3921","ME_HF_weighted","ME_HCC_weighted",0.727434420673878
"GSE14520_GPL571","TCS","ME_HF_weighted",0.904120228281648
"GSE14520_GPL571","TCS","ME_HCC_weighted",0.852263499235794
"GSE14520_GPL571","ME_HF_weighted","ME_HCC_weighted",0.804092564685605
"GSE76427","TCS","ME_HF_weighted",0.803386654012512
"GSE76427","TCS","ME_HCC_weighted",0.686434318249087
"GSE76427","ME_HF_weighted","ME_HCC_weighted",0.688138440286155
"GSE141910","TCS","ME_HF_weighted",0.874045435175611
"GSE141910","TCS","ME_HCC_weighted",0.917124869501364
"GSE141910","ME_HF_weighted","ME_HCC_weighted",0.950560475182241
