"cohort","disease","panel","n_disease","n_control","mean_disease","mean_control","hedges_g","p_ttest","p_fdr"
"GSE57338","HF","immune_pan",177,136,4527.47853107345,4923.3625,-0.359695787814706,0.00115251682523235,0.00138302019027882
"GSE57338","HF","myeloid",177,136,6198.76755447942,6765.34138655462,-0.490364657900202,1.18417791418927e-05,7.1050674851356e-05
"GSE57338","HF","fibroblast",177,136,8644.76224105461,8266.28860294118,0.445011590033532,0.000102501233112511,0.000251106092120774
"GSE57338","HF","endothelial",177,136,8448.47740112994,8575.18014705882,-0.372846542318172,0.000956785450117962,0.00138302019027882
"GSE57338","HF","hepatocyte",177,136,3705.86629001883,4086.32843137255,-0.432304840768466,0.000125553046060387,0.000251106092120774
"GSE57338","HF","cardiomyocyte",177,136,11287.699354318,11101.4516806723,0.322281597925264,0.00383253288605452,0.00383253288605452
"TCGA_LIHC","HCC","immune_pan",371,50,7419.20807453416,8204.0752173913,-0.450552804512889,0.000231879245163442,0.000309172326884589
"TCGA_LIHC","HCC","myeloid",371,50,11131.8468665768,12079.7325,-0.532221755288005,2.787128761455e-05,4.459406018328e-05
"TCGA_LIHC","HCC","lymphocyte",371,50,5854.83369272237,7004.811,-0.597162748814372,4.99197052337151e-08,9.98394104674303e-08
"TCGA_LIHC","HCC","fibroblast",371,50,11976.7417212168,12168.585,-0.0835593373851241,0.266487900561534,0.266487900561534
"TCGA_LIHC","HCC","endothelial",371,50,11954.7393867925,12481.405,-0.323993323260654,0.00116637723655309,0.00133300255606068
"TCGA_LIHC","HCC","hepatocyte",371,50,16272.5266653831,17115.9285714286,-0.582217335908474,5.99290752297102e-23,2.39716300918841e-22
"TCGA_LIHC","HCC","cardiomyocyte",371,50,6602.81940700809,5966.1725,0.601846715554735,8.24748531469636e-14,2.19932941725236e-13
"TCGA_LIHC","HCC","proliferation",371,50,9791.34109286939,4921.79636363636,2.22675028501281,3.35992489738643e-47,2.68793991790914e-46
"GSE116250","HF","immune_pan",50,14,12339.99375,11492.8392857143,0.546894859005735,0.0331805693358903,0.0442407591145203
"GSE116250","HF","myeloid",50,14,18113.9622222222,18441.5515873016,-0.200403626360186,0.469687571231694,0.469687571231694
"GSE116250","HF","lymphocyte",50,14,10024.345,8492.6,0.95074817408264,0.000190418742748365,0.000761674970993458
"GSE116250","HF","fibroblast",50,14,23522.0985714286,21887.9489795918,1.71650663522256,0.000464242164792569,0.00123797910611352
"GSE116250","HF","endothelial",50,14,21833.4214285714,21075.1632653061,1.3410448856913,5.04538613073448e-07,4.03630890458758e-06
"GSE116250","HF","hepatocyte",50,14,11174.2322222222,11407.8452380952,-0.25945426014396,0.418659482808644,0.469687571231694
"GSE116250","HF","cardiomyocyte",50,14,26036.9928571429,25613.5,1.67401137491036,0.00222799821310395,0.00445599642620791
"GSE116250","HF","proliferation",50,14,10269.9663636364,11664.4318181818,-1.26585228805065,0.0135529276450172,0.0216846842320276
"GSE14520_GPL3921","HCC","immune_pan",225,220,3135.29616161616,3876.6326446281,-0.826524901177997,5.76385448977266e-17,8.06939628568172e-17
"GSE14520_GPL3921","HCC","myeloid",225,220,3478.03688888889,4164.14272727273,-0.93735804175413,5.97491519318003e-21,1.04561015880651e-20
"GSE14520_GPL3921","HCC","lymphocyte",225,220,1711.37166666667,2643.78295454545,-0.985442161757442,9.09861403162215e-23,3.18451491106775e-22
"GSE14520_GPL3921","HCC","fibroblast",225,220,4058.78564102564,4487.46643356643,-0.421537055313871,1.01378088077996e-05,1.18274436090996e-05
"GSE14520_GPL3921","HCC","endothelial",225,220,2080.27238095238,2199.5775974026,-0.180988090203949,0.0559740924481304,0.0559740924481304
"GSE14520_GPL3921","HCC","hepatocyte",225,220,7197.58079365079,7564.31753246753,-0.977896120851329,1.14874381565873e-21,2.68040223653704e-21
"GSE14520_GPL3921","HCC","proliferation",225,220,5130.02777777778,2356.89829545455,3.01748971392653,7.52757224623356e-111,5.26930057236349e-110
"GSE14520_GPL571","HCC","immune_pan",22,19,3171.0928030303,3836.94736842105,-0.807789265389034,0.0097230574676366,0.0170153505683641
"GSE14520_GPL571","HCC","myeloid",22,19,4389.82727272727,5182.66315789474,-1.02649106773816,0.00142109177325635,0.00331588080426482
"GSE14520_GPL571","HCC","lymphocyte",22,19,1615.37272727273,2166.5,-0.762238471707405,0.01396437519297,0.019550125270158
"GSE14520_GPL571","HCC","fibroblast",22,19,4332.04895104895,4554.74696356275,-0.179513535999793,0.539814660825697,0.60048853788962
"GSE14520_GPL571","HCC","endothelial",22,19,2642.44805194805,2528.21428571429,0.154602654321224,0.60048853788962,0.60048853788962
"GSE14520_GPL571","HCC","hepatocyte",22,19,7170.40422077922,7671.38157894737,-1.14712729185651,0.000609947758338588,0.00213481715418506
"GSE14520_GPL571","HCC","proliferation",22,19,4977.82272727273,1811.07368421053,3.11579517981544,1.15004793245638e-12,8.05033552719465e-12
"GSE76427","HCC","immune_pan",115,52,7717.93586956522,8788.02932692308,-0.659482537535012,1.92103488655361e-05,3.07365581848577e-05
"GSE76427","HCC","myeloid",115,52,10820.8256038647,11730.8621794872,-0.643227479795685,1.53112862784113e-05,3.06225725568225e-05
"GSE76427","HCC","lymphocyte",115,52,6086.07577639752,8046.4532967033,-0.824898329051847,1.11138539538205e-07,2.96369438768545e-07
"GSE76427","HCC","fibroblast",115,52,8705.46366459627,9674.90453296703,-0.435262134948138,0.00245341844987516,0.00280390679985732
"GSE76427","HCC","endothelial",115,52,9027.30271739131,9876.76802884615,-0.500240964086055,0.00107164901710895,0.00142886535614526
"GSE76427","HCC","hepatocyte",115,52,16280.4322981366,16807.5879120879,-0.814330077960241,3.71376178028189e-10,1.48550471211275e-09
"GSE76427","HCC","cardiomyocyte",115,52,4496.77826086957,4718.50824175824,-0.288834219256229,0.0487491323344815,0.0487491323344815
"GSE76427","HCC","proliferation",115,52,9717.04184782609,6464.68269230769,1.69298664496802,1.52500368497141e-22,1.22000294797713e-21
"GSE141910","HF","immune_pan",200,166,5979.40702380952,5398.29833620195,0.619794688314656,3.87190950814089e-09,6.19505521302542e-09
"GSE141910","HF","myeloid",200,166,9317.7746875,9533.05948795181,-0.143107064028527,0.172522756056519,0.204809188915138
"GSE141910","HF","lymphocyte",200,166,4510.48944444444,3298.47021419009,1.42892017419695,6.06902317583215e-36,4.85521854066572e-35
"GSE141910","HF","fibroblast",200,166,14751.3176785714,13800.7035283993,1.31799036794095,2.5547157668445e-29,1.0218863067378e-28
"GSE141910","HF","endothelial",200,166,13826.1775,13728.9771944923,0.140533254512175,0.179208040300746,0.204809188915138
"GSE141910","HF","hepatocyte",200,166,6109.9375,6085.95519578313,0.0308319865746789,0.771441843087463,0.771441843087463
"GSE141910","HF","cardiomyocyte",200,166,16712.3923214286,16410.7570998279,0.812028853107609,3.39063502680119e-13,9.04169340480318e-13
"GSE141910","HF","proliferation",200,166,4813.15772727273,5417.62842278204,-0.764219767603878,8.71585670610494e-12,1.74317134122099e-11
