"set","g_GSE57338_DCM","g_GSE141910_DCM"
"KEGG_AMINOACYL_TRNA_BIOSYNTHESIS",-0.207048097950562,0.156115256311325
"KEGG_RIBOSOME",-0.274582969868869,0.330619683223169
"REACTOME_CYTOSOLIC_TRNA_AMINOACYLATION",-0.810342603914782,-0.416319786957195
"REACTOME_EUKARYOTIC_TRANSLATION_ELONGATION",-0.292247087969127,0.332500757800106
"REACTOME_EUKARYOTIC_TRANSLATION_INITIATION",-0.47137834064691,0.205081709161883
"REACTOME_MITOCHONDRIAL_TRANSLATION",-0.0585845895526456,0.103281832808191
"REACTOME_MITOCHONDRIAL_TRANSLATION_ELONGATION",-0.0592318101932476,0.151350480425494
"REACTOME_MITOCHONDRIAL_TRNA_AMINOACYLATION",0.598473544497538,0.581166585535069
"REACTOME_RIBOSOME_ASSOCIATED_QUALITY_CONTROL",-0.378174274273897,0.190962956589758
"REACTOME_RIBOSOME_QUALITY_CONTROL_RQC_COMPLEX_EXTRACTS_AND_DEGRADES_NASCENT_PEPTIDE",-0.35409970664936,0.094611366658518
"REACTOME_RRNA_PROCESSING",-0.662640699859057,-0.005966900282397
"REACTOME_RRNA_PROCESSING_IN_THE_MITOCHONDRION",-0.122190653145575,-0.13939511519658
"REACTOME_SRP_DEPENDENT_COTRANSLATIONAL_PROTEIN_TARGETING_TO_MEMBRANE",-0.456432313340878,0.223492729659937
"REACTOME_TRANSLATION",-0.461851940842441,0.0956234065646065
"REACTOME_TRNA_AMINOACYLATION",-0.356375740869958,0.0755663157140176
