"cohort","disease","set","tier","n","g_unadjusted","p_unadjusted","g_adjusted","p_adjusted","n_covariates","max_vif","g_one_at_a_time_worst","worst_covariate","p_one_at_a_time_worst","covariates","attenuation","sign_kept","survives","p_fdr_unadj","p_fdr_adj"
"GSE57338","HF","KEGG_RIBOSOME","A",313,-0.447254642928176,0.000107975907006712,-0.477437554674435,9.78316153778726e-05,3,1.38772430291624,-0.293698196166982,"myeloid",0.0189236895960996,"cardiomyocyte+fibroblast+immune_pan",-0.0674848483375174,TRUE,TRUE,0.000163963414343526,0.000174395488282295
"GSE57338","HF","KEGG_AMINOACYL_TRNA_BIOSYNTHESIS","A",313,-0.208456066201925,0.0684933318975822,-0.22528354486596,0.0634497977772076,3,1.38772430291624,-0.472597577414395,"myeloid",0.000164118228175906,"cardiomyocyte+fibroblast+immune_pan",-0.080724341443414,TRUE,FALSE,0.084203242344823,0.0788315669353185
"GSE57338","HF","REACTOME_TRANSLATION","A",313,-0.538989389292039,3.46200013155412e-06,-0.461065633439802,0.00016628567006277,3,1.38772430291624,-0.414178784844441,"fibroblast",0.00078840106391965,"cardiomyocyte+fibroblast+immune_pan",0.144573821675024,TRUE,TRUE,6.45190933607814e-06,0.000272708498902942
"GSE57338","HF","REACTOME_EUKARYOTIC_TRANSLATION_INITIATION","A",313,-0.651066975736995,2.6437500451261e-08,-0.678571445242159,4.49037320885168e-08,3,1.38772430291624,-0.538977007533161,"myeloid",1.73799714978464e-05,"cardiomyocyte+fibroblast+immune_pan",-0.0422452228882129,TRUE,TRUE,8.06665424974923e-08,1.22736867708613e-07
"GSE57338","HF","REACTOME_EUKARYOTIC_TRANSLATION_ELONGATION","A",313,-0.47571648903962,3.92367758269809e-05,-0.515160360185368,2.72411050125335e-05,3,1.38772430291624,-0.330326686884443,"myeloid",0.00853185055199992,"cardiomyocyte+fibroblast+immune_pan",-0.082914660421751,TRUE,TRUE,6.43483123562487e-05,5.07675138869943e-05
"GSE57338","HF","REACTOME_TRNA_AMINOACYLATION","A",313,-0.362061913189837,0.00164755408997807,-0.348226934756859,0.00426474962802219,3,1.38772430291624,-0.220091063211856,"fibroblast",0.0702041934548246,"cardiomyocyte+fibroblast+immune_pan",0.0382116370956816,TRUE,TRUE,0.00225165725630336,0.00564047531448096
"GSE57338","HF","REACTOME_CYTOSOLIC_TRNA_AMINOACYLATION","A",313,-0.919927395811433,1.57451213327553e-14,-0.898282155690533,1.09541417310534e-12,3,1.38772430291624,-0.999480563652415,"cardiomyocyte",5.51473102083394e-16,"cardiomyocyte+fibroblast+immune_pan",0.0235292917891712,TRUE,TRUE,8.06937468303711e-14,4.99022012192434e-12
"GSE57338","HF","REACTOME_RRNA_PROCESSING","A",313,-0.81137846137495,7.72613280672211e-12,-0.751453288073892,1.68057128264617e-09,3,1.38772430291624,-0.782087882223375,"myeloid",4.61633202224275e-10,"cardiomyocyte+fibroblast+immune_pan",0.0738560069730098,TRUE,TRUE,2.87974040977824e-11,4.92167304203522e-09
"GSE57338","HF","REACTOME_SRP_DEPENDENT_COTRANSLATIONAL_PROTEIN_TARGETING_TO_MEMBRANE","A",313,-0.607148236115775,1.94365758554036e-07,-0.63971069629942,2.33215481279575e-07,3,1.38772430291624,-0.480962351026354,"myeloid",0.000154466371440083,"cardiomyocyte+fibroblast+immune_pan",-0.0536318122110722,TRUE,TRUE,4.98062256294718e-07,5.97614670778912e-07
"GSE57338","HF","REACTOME_RIBOSOME_ASSOCIATED_QUALITY_CONTROL","A",313,-0.599332996073738,2.74096475413013e-07,-0.560969062828832,5.19891621076843e-06,3,1.38772430291624,-0.536920106676539,"myeloid",1.90822945325858e-05,"cardiomyocyte+fibroblast+immune_pan",0.0640110481088656,TRUE,TRUE,6.61056205407855e-07,1.06577782320753e-05
"GSE57338","HF","REACTOME_RIBOSOME_QUALITY_CONTROL_RQC_COMPLEX_EXTRACTS_AND_DEGRADES_NASCENT_PEPTIDE","A",313,-0.5520724233195,2.03393543599714e-06,-0.467622929225632,0.000134698066036588,3,1.38772430291624,-0.65398211883667,"cardiomyocyte",1.04179837546882e-07,"cardiomyocyte+fibroblast+immune_pan",0.152968144262831,TRUE,TRUE,3.97101680361345e-06,0.000230109196145839
"GSE57338","HF","REACTOME_MITOCHONDRIAL_TRANSLATION","A",313,-0.0882404312711745,0.439612860501216,0.0285035547221683,0.813837370162675,3,1.38772430291624,0.222312999017785,"fibroblast",0.0756895640935707,"cardiomyocyte+fibroblast+immune_pan",1.32302148019396,FALSE,FALSE,0.474319138961839,0.855572619914608
"GSE57338","HF","REACTOME_MITOCHONDRIAL_TRANSLATION_ELONGATION","A",313,-0.0812052395551532,0.476909343825985,0.0391850152895235,0.746158327191669,3,1.38772430291624,0.213153054212873,"fibroblast",0.0854291411674045,"cardiomyocyte+fibroblast+immune_pan",1.4825429430931,FALSE,FALSE,0.488832077421635,0.805065563548906
"GSE57338","HF","REACTOME_MITOCHONDRIAL_TRNA_AMINOACYLATION","A",313,0.558232128349082,1.57787141460514e-06,0.767072466468119,8.04958791001357e-10,3,1.38772430291624,0.39010831028886,"myeloid",0.00357501369176499,"cardiomyocyte+fibroblast+immune_pan",-0.374110208842085,TRUE,TRUE,3.23463639994054e-06,2.53871618700428e-09
"GSE57338","HF","REACTOME_RRNA_PROCESSING_IN_THE_MITOCHONDRION","A",313,-0.100535417807369,0.378639537677179,-0.0499751312611772,0.67973512010829,3,1.38772430291624,0.209700616678129,"fibroblast",0.104625095726247,"cardiomyocyte+fibroblast+immune_pan",0.502910194724292,TRUE,FALSE,0.419573541750387,0.753219997957835
"GSE57338","HF","REACTOME_TRNA_PROCESSING","B_extra",313,-0.44114354296888,0.000133311239924126,-0.426886017835236,0.000479546770612036,3,1.38772430291624,-0.609116475692092,"myeloid",6.47147831163832e-07,"cardiomyocyte+fibroblast+immune_pan",0.0323194691634647,TRUE,TRUE,0.000195205744174613,0.000756208369042057
"GSE57338","HF","REACTOME_TRNA_PROCESSING_IN_THE_NUCLEUS","B_extra",313,-0.5808444490653,6.09635726548019e-07,-0.585563062490572,2.04065527992209e-06,3,1.38772430291624,-0.682787810508238,"myeloid",1.54045389232067e-08,"cardiomyocyte+fibroblast+immune_pan",-0.00812371269599854,TRUE,TRUE,1.31552972570888e-06,4.40351928825292e-06
"GSE57338","HF","REACTOME_TRNA_MODIFICATION_IN_THE_NUCLEUS_AND_CYTOSOL","B_extra",313,-0.14178188766298,0.214663478168847,-0.119485573780963,0.323947252302657,3,1.38772430291624,-0.262424075052443,"myeloid",0.0283163109242089,"cardiomyocyte+fibroblast+immune_pan",0.157257843364423,TRUE,FALSE,0.244477850136743,0.390642274835557
"GSE57338","HF","REACTOME_RRNA_MODIFICATION_IN_THE_NUCLEUS_AND_CYTOSOL","B_extra",313,-0.865168892954097,3.82132499656188e-13,-0.806426468190263,1.20056924829234e-10,3,1.38772430291624,-0.926196856261068,"cardiomyocyte",5.11401081333645e-14,"cardiomyocyte+fibroblast+immune_pan",0.0678970606112049,TRUE,TRUE,1.74082583176708e-12,4.92233391799861e-10
"GSE57338","HF","REACTOME_TRNA_MODIFICATION_IN_THE_MITOCHONDRION","B_extra",313,-0.465162394301445,5.74459534210622e-05,-0.420086507190329,0.000587389820771129,3,1.38772430291624,-0.272851865911787,"fibroblast",0.0246767095351163,"cardiomyocyte+fibroblast+immune_pan",0.0969035495201815,TRUE,TRUE,9.05878496255211e-05,0.000891962320430233
"GSE57338","HF","REACTOME_TRNA_PROCESSING_IN_THE_MITOCHONDRION","B_extra",313,-0.371435326413519,0.00124876673522219,-0.357400905167011,0.00336628620302173,3,1.38772430291624,-0.229994634045878,"fibroblast",0.0557754514777198,"cardiomyocyte+fibroblast+immune_pan",0.0377842931150928,TRUE,TRUE,0.00176549779807275,0.0046005911441297
"GSE57338","HF","REACTOME_CARBOXYTERMINAL_POST_TRANSLATIONAL_MODIFICATIONS_OF_TUBULIN","C_v1",313,-0.650186700481875,2.75446730479242e-08,-0.931157976571806,1.8789364622999e-13,3,1.38772430291624,-0.950920269516566,"fibroblast",3.66534333408576e-13,"cardiomyocyte+fibroblast+immune_pan",-0.4321393776306,TRUE,TRUE,8.06665424974923e-08,9.629549369287e-13
"GSE57338","HF","HALLMARK_MYC_TARGETS_V1","C_v1",313,-0.852123046005495,8.01729969466907e-13,-0.773804080917974,5.84151627628259e-10,3,1.38772430291624,-0.934156588875744,"cardiomyocyte",6.23432686252396e-14,"cardiomyocyte+fibroblast+immune_pan",0.0919103942261124,TRUE,TRUE,3.28709287481432e-12,2.17729243025078e-09
"GSE57338","HF","REACTOME_REGULATION_OF_PD_L1_CD274_POST_TRANSLATIONAL_MODIFICATION","C_v1",313,-0.593364202754587,3.55554583455989e-07,-0.541601285013982,1.06167295974122e-05,3,1.38772430291624,-0.503915845264386,"fibroblast",5.39045452610365e-05,"cardiomyocyte+fibroblast+immune_pan",0.0872363339417938,TRUE,TRUE,8.09874328983086e-07,2.07279006425668e-05
"GSE57338","HF","REACTOME_DENGUE_VIRUS_GENOME_TRANSLATION_AND_REPLICATION","C_v1",313,-0.777176702192746,4.87863246666934e-11,-0.769991095074386,7.00660907476913e-10,3,1.38772430291624,-0.926156322759498,"cardiomyocyte",9.37647987211132e-14,"cardiomyocyte+fibroblast+immune_pan",0.00924578297070189,TRUE,TRUE,1.66686609277869e-10,2.39392476721279e-09
"GSE57338","HF","REACTOME_RESPIRATORY_SYNCYTIAL_VIRUS_RSV_GENOME_REPLICATION_TRANSCRIPTION_AND_TRANSLATION","C_v1",313,-1.09931172514465,2.04862072963442e-19,-1.12440438256983,2.74506141863656e-18,3,1.38772430291624,-1.24678231576884,"cardiomyocyte",2.78957323676896e-22,"cardiomyocyte+fibroblast+immune_pan",-0.0228257889470616,TRUE,TRUE,1.64577547085772e-18,2.25095036328198e-17
"GSE57338","HF","HALLMARK_MYC_TARGETS_V2","C_v1",313,-1.20772215651463,1.38004981200601e-22,-1.18759685391258,5.59937346262412e-20,3,1.38772430291624,-1.28650384726107,"cardiomyocyte",4.48724032667655e-24,"cardiomyocyte+fibroblast+immune_pan",0.0166638514442189,TRUE,TRUE,1.88606807640822e-21,5.73935779918972e-19
"GSE57338","HF","REACTOME_SARS_COV_2_MODULATES_HOST_TRANSLATION_MACHINERY","C_v1",313,-0.630239724303675,6.9000714105397e-08,-0.620850551259367,5.04929255272286e-07,3,1.38772430291624,-0.526621677679972,"myeloid",2.71221480986752e-05,"cardiomyocyte+fibroblast+immune_pan",0.0148977804512109,TRUE,TRUE,1.88601951888085e-07,1.21777055683316e-06
"GSE57338","HF","REACTOME_REGULATION_OF_CDH1_POSTTRANSLATIONAL_PROCESSING_AND_TRAFFICKING_TO_PLASMA_MEMBRANE","C_v1",313,-1.1977926951881,2.73064645433707e-22,-1.26450677662308,4.25836184087139e-22,3,1.38772430291624,-1.16921075768996,"myeloid",2.52846187333423e-19,"cardiomyocyte+fibroblast+immune_pan",-0.0556975190306206,TRUE,TRUE,2.79891261569549e-21,5.81976118252423e-21
"GSE57338","HF","REACTOME_TRANSLATION_OF_SARS_COV_2_STRUCTURAL_PROTEINS","C_v1",313,-1.22014502193102,5.8552769260325e-23,-1.31305175898085,1.82145820240101e-23,3,1.38772430291624,-1.17225238507233,"myeloid",6.02705373312017e-19,"cardiomyocyte+fibroblast+immune_pan",-0.0761440118837591,TRUE,TRUE,1.20033176983666e-21,3.73398931492208e-22
"GSE57338","HF","REACTOME_SARS_COV_1_MODULATES_HOST_TRANSLATION_MACHINERY","C_v1",313,-0.533356179887527,4.3394310480394e-06,-0.586068773896943,2.00112517801055e-06,3,1.38772430291624,-0.390840315234868,"myeloid",0.00190950476339567,"cardiomyocyte+fibroblast+immune_pan",-0.0988318800778338,TRUE,TRUE,7.73550752041807e-06,4.40351928825292e-06
"GSE57338","HF","HALLMARK_MTORC1_SIGNALING","C_v1",313,-1.00051488118521,1.15936784864351e-16,-0.999288381583262,4.28254726450964e-15,3,1.38772430291624,-0.912873210263844,"myeloid",7.85228921434576e-13,"cardiomyocyte+fibroblast+immune_pan",0.00122586842536088,TRUE,TRUE,6.79058311348342e-16,2.50834911206993e-14
"GSE57338","HF","REACTOME_TRANSLATION_OF_REPLICASE_AND_ASSEMBLY_OF_THE_REPLICATION_TRANSCRIPTION_COMPLEX","C_v1",313,0.0459831183734384,0.687035975700689,0.0609319116394686,0.614753165739646,3,1.38772430291624,-0.0842507991673832,"myeloid",0.481215734114019,"cardiomyocyte+fibroblast+immune_pan",-0.325093073171505,TRUE,FALSE,0.687035975700689,0.720139422723585
"GSE57338","HF","REACTOME_REGULATION_OF_CDH1_MRNA_TRANSLATION_BY_MICRORNAS","C_v1",313,-0.287639965133935,0.0121507209293741,-0.385718522847572,0.00157301107390985,3,1.38772430291624,-0.442584520275674,"fibroblast",0.000227501373664967,"cardiomyocyte+fibroblast+immune_pan",-0.340976809908763,TRUE,TRUE,0.0155681111907605,0.00222391220794152
"GSE57338","HF","REACTOME_POST_TRANSLATIONAL_MODIFICATION_SYNTHESIS_OF_GPI_ANCHORED_PROTEINS","C_v1",313,-0.524916814046039,6.06563915149075e-06,-0.411679536664045,0.000752097669164406,3,1.38772430291624,-0.245110157140386,"myeloid",0.0364625778827534,"cardiomyocyte+fibroblast+immune_pan",0.21572423353934,TRUE,TRUE,1.03621335504634e-05,0.00110128587270502
"GSE57338","HF","REACTOME_TRANSCRIPTIONAL_AND_POST_TRANSLATIONAL_REGULATION_OF_MITF_M_EXPRESSION_AND_ACTIVITY","C_v1",313,-1.75913405631652,2.86032898851189e-40,-1.8302623229235,4.55681973267102e-39,3,1.38772430291624,-1.69317676238734,"endothelial",7.52272427190068e-38,"cardiomyocyte+fibroblast+immune_pan",-0.0404336817603961,TRUE,TRUE,1.17273488528988e-38,1.86829609039512e-37
"GSE57338","HF","REACTOME_REGULATION_OF_CDH11_MRNA_TRANSLATION_BY_MICRORNAS","C_v1",313,0.311596522720719,0.00664296388703927,0.00349517145442324,0.976963330291704,3,1.38772430291624,0.100901820215009,"fibroblast",0.398175038903094,"cardiomyocyte+fibroblast+immune_pan",0.988783021633537,TRUE,FALSE,0.00878585546350355,0.976963330291704
"GSE57338","HF","REACTOME_TRANSLATION_OF_SARS_COV_1_STRUCTURAL_PROTEINS","C_v1",313,-1.09685009995302,2.40845190857228e-19,-1.1018327821187,1.07234806623301e-17,3,1.38772430291624,-1.00078316309033,"myeloid",2.34081816445056e-15,"cardiomyocyte+fibroblast+immune_pan",-0.00454271934323391,TRUE,TRUE,1.64577547085772e-18,7.32771178592555e-17
"GSE57338","HF","REACTOME_REGULATION_OF_PTEN_MRNA_TRANSLATION","C_v1",313,0.155863428057521,0.172652381042036,0.0066925254483195,0.95590599290275,3,1.38772430291624,0.275456094071631,"endothelial",0.0191991904612442,"cardiomyocyte+fibroblast+immune_pan",0.957061604946546,TRUE,FALSE,0.202249932077814,0.976963330291704
"GSE57338","HF","REACTOME_REGULATION_OF_NPAS4_MRNA_TRANSLATION","C_v1",313,0.207453357984634,0.0698270790176581,0.0515819363369156,0.670039404081496,3,1.38772430291624,0.337703554629423,"endothelial",0.00402516225802879,"cardiomyocyte+fibroblast+immune_pan",0.751356464710799,TRUE,FALSE,0.084203242344823,0.753219997957835
"GSE57338","HF","REACTOME_REGULATION_OF_PD_L1_CD274_TRANSLATION","C_v1",313,-0.0833739745781139,0.46522988683419,-0.235659141282593,0.0522586458030319,3,1.38772430291624,-0.156668857135372,"myeloid",0.189875782791283,"cardiomyocyte+fibroblast+immune_pan",-1.82653121042948,TRUE,FALSE,0.488832077421635,0.0669563899351346
"TCGA_LIHC","HCC","KEGG_RIBOSOME","A",421,0.640435800878323,2.62411276694726e-05,0.565350630811191,0.00290638422082194,3,1.08571637447611,0.483249100093371,"proliferation",0.0101525905492743,"hepatocyte+proliferation+immune_pan",0.117240744449571,TRUE,TRUE,4.48285931020156e-05,0.00916628869643842
"TCGA_LIHC","HCC","KEGG_AMINOACYL_TRNA_BIOSYNTHESIS","A",421,1.02613887084575,3.36907723144504e-11,0.706598974869751,0.000206964191427629,3,1.08571637447611,0.775435372630787,"proliferation",4.3022608216538e-05,"hepatocyte+proliferation+immune_pan",0.311400245185756,TRUE,TRUE,1.25574696808406e-10,0.00109971983454349
"TCGA_LIHC","HCC","REACTOME_TRANSLATION","A",421,0.68740815267755,6.63532475768961e-06,0.603029338717884,0.0015056350393495,3,1.08571637447611,0.771090161756582,"cardiomyocyte",6.57830790904019e-07,"hepatocyte+proliferation+immune_pan",0.122749219122582,TRUE,TRUE,1.2365832502967e-05,0.00561191241939358
"TCGA_LIHC","HCC","REACTOME_EUKARYOTIC_TRANSLATION_INITIATION","A",421,0.734942391500455,1.5214486573918e-06,0.454170037123008,0.0165553240681797,3,1.08571637447611,0.39678632955409,"proliferation",0.0339882893834116,"hepatocyte+proliferation+immune_pan",0.382033146576596,TRUE,TRUE,2.97044737871732e-06,0.0323222993712079
"TCGA_LIHC","HCC","REACTOME_EUKARYOTIC_TRANSLATION_ELONGATION","A",421,0.881306440111638,9.91448826708675e-09,0.834575254595511,1.2522650715734e-05,3,1.08571637447611,1.00846827089033,"lymphocyte",7.71253527547963e-11,"hepatocyte+proliferation+immune_pan",0.0530248996140404,TRUE,TRUE,2.70996012633704e-08,0.000208652264096315
"TCGA_LIHC","HCC","REACTOME_TRNA_AMINOACYLATION","A",421,1.12119969906544,5.66211549577953e-13,0.765975995716504,5.90942993677471e-05,3,1.08571637447611,0.806213215189524,"proliferation",1.81291145618924e-05,"hepatocyte+proliferation+immune_pan",0.316824650992168,TRUE,TRUE,3.3163819332423e-12,0.000595821380414048
"TCGA_LIHC","HCC","REACTOME_CYTOSOLIC_TRNA_AMINOACYLATION","A",421,1.17504534366919,4.97522281607913e-14,0.747967106849352,8.71933727435193e-05,3,1.08571637447611,0.682767714030743,"proliferation",0.000316973113886036,"hepatocyte+proliferation+immune_pan",0.363456813918555,TRUE,TRUE,3.39973559098741e-13,0.000595821380414048
"TCGA_LIHC","HCC","REACTOME_RRNA_PROCESSING","A",421,0.835714904398851,5.14665192004489e-08,0.489942393225754,0.00977362734292482,3,1.08571637447611,0.504825029819868,"proliferation",0.00678360829493116,"hepatocyte+proliferation+immune_pan",0.413744578866664,TRUE,TRUE,1.24125134542259e-07,0.0234093929301845
"TCGA_LIHC","HCC","REACTOME_SRP_DEPENDENT_COTRANSLATIONAL_PROTEIN_TARGETING_TO_MEMBRANE","A",421,0.857969597900482,2.32377880528982e-08,0.667950297147576,0.000447300996059636,3,1.08571637447611,0.579628914704479,"proliferation",0.00208353629244392,"hepatocyte+proliferation+immune_pan",0.221475564190034,TRUE,TRUE,5.95468318855517e-08,0.00183393408384451
"TCGA_LIHC","HCC","REACTOME_RIBOSOME_ASSOCIATED_QUALITY_CONTROL","A",421,0.968639186663538,3.4880737612122e-10,0.755474226673488,7.4210523156369e-05,3,1.08571637447611,0.668875313346858,"proliferation",0.000391257282683088,"hepatocyte+proliferation+immune_pan",0.220066421971109,TRUE,TRUE,1.10008480161308e-09,0.000595821380414048
"TCGA_LIHC","HCC","REACTOME_RIBOSOME_QUALITY_CONTROL_RQC_COMPLEX_EXTRACTS_AND_DEGRADES_NASCENT_PEPTIDE","A",421,1.10222800745146,1.30755434598625e-12,0.826077586939611,1.52672388363157e-05,3,1.08571637447611,0.752928628807784,"proliferation",6.50354921527963e-05,"hepatocyte+proliferation+immune_pan",0.250538381029129,TRUE,TRUE,6.70121602317955e-12,0.000208652264096315
"TCGA_LIHC","HCC","REACTOME_MITOCHONDRIAL_TRANSLATION","A",421,0.123650371528204,0.412238773978106,0.29697704159452,0.11639110529086,3,1.08571637447611,0.34753710017174,"proliferation",0.0666566184561735,"hepatocyte+proliferation+immune_pan",-1.40174807341182,TRUE,FALSE,0.433379223925701,0.17674204877501
"TCGA_LIHC","HCC","REACTOME_MITOCHONDRIAL_TRANSLATION_ELONGATION","A",421,0.176705507792642,0.241480623731172,0.292972092845969,0.121383968558805,3,1.08571637447611,0.330504438714135,"proliferation",0.0796248373989892,"hepatocyte+proliferation+immune_pan",-0.657968087727987,TRUE,FALSE,0.27501959924939,0.177740811103965
"TCGA_LIHC","HCC","REACTOME_MITOCHONDRIAL_TRNA_AMINOACYLATION","A",421,0.65703875660159,1.62901128422155e-05,0.593898071347555,0.00177138646655636,3,1.08571637447611,0.540755712373363,"lymphocyte",0.000552461229572155,"hepatocyte+proliferation+immune_pan",0.0960988748679281,TRUE,TRUE,2.90388968056884e-05,0.00605223709406757
"TCGA_LIHC","HCC","REACTOME_RRNA_PROCESSING_IN_THE_MITOCHONDRION","A",421,-0.258167271447615,0.08732541339623,0.177530756381748,0.347478671111181,3,1.08571637447611,0.24529638731287,"proliferation",0.195469587357952,"hepatocyte+proliferation+immune_pan",1.68765787152757,FALSE,FALSE,0.105304174977807,0.395739597654401
"TCGA_LIHC","HCC","REACTOME_TRNA_PROCESSING","B_extra",421,1.2702472572197,5.54697199466881e-16,0.20276442647525,0.283336569217396,3,1.08571637447611,0.358738430137691,"proliferation",0.0604844107329012,"hepatocyte+proliferation+immune_pan",0.840374048971333,TRUE,FALSE,4.54851703562843e-15,0.346471198270236
"TCGA_LIHC","HCC","REACTOME_TRNA_PROCESSING_IN_THE_NUCLEUS","B_extra",421,1.46053350984652,3.47138363958167e-20,-0.221963218035299,0.240284310055681,3,1.08571637447611,-0.081800855203985,"proliferation",0.668158506978275,"hepatocyte+proliferation+immune_pan",1.15197406737941,FALSE,FALSE,4.74422430742829e-19,0.317795377815578
"TCGA_LIHC","HCC","REACTOME_TRNA_MODIFICATION_IN_THE_NUCLEUS_AND_CYTOSOL","B_extra",421,0.784334522296117,3.02437730508175e-07,0.549858365772517,0.00377100962064646,3,1.08571637447611,0.672735548363967,"proliferation",0.000415462048093778,"hepatocyte+proliferation+immune_pan",0.298949172652987,TRUE,TRUE,6.52628786886062e-07,0.0103074262964336
"TCGA_LIHC","HCC","REACTOME_RRNA_MODIFICATION_IN_THE_NUCLEUS_AND_CYTOSOL","B_extra",421,0.969707954985276,3.34295912263887e-10,0.461997639713267,0.0147913226345841,3,1.08571637447611,0.513488494634064,"proliferation",0.0060544669255773,"hepatocyte+proliferation+immune_pan",0.523570331316626,TRUE,TRUE,1.10008480161308e-09,0.0303222114008974
"TCGA_LIHC","HCC","REACTOME_TRNA_MODIFICATION_IN_THE_MITOCHONDRION","B_extra",421,0.488990499027748,0.00126492651628017,0.0906772042363108,0.631190950925397,3,1.08571637447611,0.24595236687029,"proliferation",0.205590186594757,"hepatocyte+proliferation+immune_pan",0.814562441567673,TRUE,FALSE,0.00167296732798345,0.631190950925397
"TCGA_LIHC","HCC","REACTOME_TRNA_PROCESSING_IN_THE_MITOCHONDRION","B_extra",421,-0.512594027078973,0.000731799216082638,-0.111562381789531,0.554804049004496,3,1.08571637447611,-0.0595521487919492,"proliferation",0.750209784511623,"hepatocyte+proliferation+immune_pan",0.782357234193165,TRUE,FALSE,0.00103461268480649,0.583255538697034
"TCGA_LIHC","HCC","REACTOME_CARBOXYTERMINAL_POST_TRANSLATIONAL_MODIFICATIONS_OF_TUBULIN","C_v1",421,1.68387643988483,1.45694215707632e-25,0.69288584051741,0.000273168916152245,3,1.08571637447611,0.732331306328402,"proliferation",0.000298498563086986,"hepatocyte+proliferation+immune_pan",0.588517408934827,TRUE,TRUE,5.9734628440129e-24,0.00124443617358245
"TCGA_LIHC","HCC","HALLMARK_MYC_TARGETS_V1","C_v1",421,1.46268734326008,3.09601377955307e-20,-0.100228741076605,0.595695008959744,3,1.08571637447611,-0.113109302975838,"proliferation",0.54489224777727,"hepatocyte+proliferation+immune_pan",1.0685236947858,FALSE,FALSE,4.74422430742829e-19,0.610587384183737
"TCGA_LIHC","HCC","REACTOME_REGULATION_OF_PD_L1_CD274_POST_TRANSLATIONAL_MODIFICATION","C_v1",421,1.03148227193851,2.6971735380169e-11,0.558755429868011,0.00324946615371469,3,1.08571637447611,0.515796976114296,"proliferation",0.00589194880815133,"hepatocyte+proliferation+immune_pan",0.458298562109148,TRUE,TRUE,1.10584115058693e-10,0.00951629373587875
"TCGA_LIHC","HCC","REACTOME_DENGUE_VIRUS_GENOME_TRANSLATION_AND_REPLICATION","C_v1",421,1.06720268925437,5.96207087662543e-12,0.424997755237766,0.0248665900400407,3,1.08571637447611,0.310892975306627,"proliferation",0.100875946045908,"hepatocyte+proliferation+immune_pan",0.601764726122737,TRUE,TRUE,2.7160545104627e-11,0.0463422814382576
"TCGA_LIHC","HCC","REACTOME_RESPIRATORY_SYNCYTIAL_VIRUS_RSV_GENOME_REPLICATION_TRANSCRIPTION_AND_TRANSLATION","C_v1",421,1.34995472314435,1.07098409485653e-17,0.704826113908426,0.000214579479910924,3,1.08571637447611,0.631296573663267,"proliferation",0.000785814195000025,"hepatocyte+proliferation+immune_pan",0.477889071518838,TRUE,TRUE,1.09775869722794e-16,0.00109971983454349
"TCGA_LIHC","HCC","HALLMARK_MYC_TARGETS_V2","C_v1",421,0.960930576347856,4.73393622015446e-10,0.239555018423799,0.205094046737163,3,1.08571637447611,0.239892068366853,"proliferation",0.197716242047776,"hepatocyte+proliferation+immune_pan",0.750705176502699,TRUE,FALSE,1.38636703590238e-09,0.2899605488353
"TCGA_LIHC","HCC","REACTOME_SARS_COV_2_MODULATES_HOST_TRANSLATION_MACHINERY","C_v1",421,0.821545450006949,8.46396731130207e-08,0.356377655179219,0.0597104030968214,3,1.08571637447611,0.329009670627506,"proliferation",0.0771142192322502,"hepatocyte+proliferation+immune_pan",0.566210664088999,TRUE,FALSE,1.92790366535214e-07,0.10644028378129
"TCGA_LIHC","HCC","REACTOME_REGULATION_OF_CDH1_POSTTRANSLATIONAL_PROCESSING_AND_TRAFFICKING_TO_PLASMA_MEMBRANE","C_v1",421,0.607706239686686,6.51992950569769e-05,0.350465727994873,0.0640517027989695,3,1.08571637447611,0.388407744364382,"proliferation",0.03769337708019,"hepatocyte+proliferation+immune_pan",0.423297466592474,TRUE,FALSE,0.000106926843893442,0.10942165894824
"TCGA_LIHC","HCC","REACTOME_TRANSLATION_OF_SARS_COV_2_STRUCTURAL_PROTEINS","C_v1",421,0.760096288590325,6.75481121124459e-07,0.201093393091804,0.287317579053367,3,1.08571637447611,0.0708946172697751,"proliferation",0.725047042340723,"hepatocyte+proliferation+immune_pan",0.735436949093973,TRUE,FALSE,1.38473629830514e-06,0.346471198270236
"TCGA_LIHC","HCC","REACTOME_SARS_COV_1_MODULATES_HOST_TRANSLATION_MACHINERY","C_v1",421,0.54833401253765,0.000306964027644951,0.540332677332107,0.0044131170894521,3,1.08571637447611,0.688767413734575,"lymphocyte",6.61084553482976e-06,"hepatocyte+proliferation+immune_pan",0.014592082604019,TRUE,TRUE,0.000449483040480106,0.011308612541721
"TCGA_LIHC","HCC","HALLMARK_MTORC1_SIGNALING","C_v1",421,0.575239216567909,0.000154622784146226,-0.466886315219601,0.0137759091931314,3,1.08571637447611,-0.717516996505153,"proliferation",0.000334528007545896,"hepatocyte+proliferation+immune_pan",1.81163853536485,FALSE,FALSE,0.000234797561110935,0.029726961943073
"TCGA_LIHC","HCC","REACTOME_TRANSLATION_OF_REPLICASE_AND_ASSEMBLY_OF_THE_REPLICATION_TRANSCRIPTION_COMPLEX","C_v1",421,-0.507441768544187,0.000826142029311943,-0.335842117982665,0.0759228603854718,3,1.08571637447611,-0.34263687343366,"proliferation",0.0727643048961537,"hepatocyte+proliferation+immune_pan",0.338166192061462,TRUE,FALSE,0.00112906077339299,0.124513491032174
"TCGA_LIHC","HCC","REACTOME_REGULATION_OF_CDH1_MRNA_TRANSLATION_BY_MICRORNAS","C_v1",421,-0.595779837953183,8.99473030436831e-05,-0.82827168305451,1.45080339365998e-05,3,1.08571637447611,-0.747425449843773,"proliferation",7.516554879125e-05,"hepatocyte+proliferation+immune_pan",-0.390231139576759,TRUE,TRUE,0.000141839977876577,0.000208652264096315
"TCGA_LIHC","HCC","REACTOME_POST_TRANSLATIONAL_MODIFICATION_SYNTHESIS_OF_GPI_ANCHORED_PROTEINS","C_v1",421,-0.243269275064952,0.107107215002845,-0.209277604237636,0.268178834935879,3,1.08571637447611,-0.126270207049586,"myeloid",0.402794835504402,"hepatocyte+proliferation+immune_pan",0.139728581910888,TRUE,FALSE,0.125468451860475,0.343604132261595
"TCGA_LIHC","HCC","REACTOME_TRANSCRIPTIONAL_AND_POST_TRANSLATIONAL_REGULATION_OF_MITF_M_EXPRESSION_AND_ACTIVITY","C_v1",421,0.476263243052596,0.00168426097745995,0.225128048829269,0.233656973353394,3,1.08571637447611,0.165710858147694,"proliferation",0.4033613232466,"hepatocyte+proliferation+immune_pan",0.527303330430632,TRUE,FALSE,0.00215795937737056,0.317795377815578
"TCGA_LIHC","HCC","REACTOME_REGULATION_OF_CDH11_MRNA_TRANSLATION_BY_MICRORNAS","C_v1",421,0.352621277450131,0.0197176362202447,0.146358884562755,0.438539692763564,3,1.08571637447611,0.227690790948877,"proliferation",0.230084441239889,"hepatocyte+proliferation+immune_pan",0.584940291688853,TRUE,FALSE,0.0244976692433344,0.473161247455425
"TCGA_LIHC","HCC","REACTOME_TRANSLATION_OF_SARS_COV_1_STRUCTURAL_PROTEINS","C_v1",421,0.148592379918104,0.324534622537607,0.486620448219025,0.0102772944571542,3,1.08571637447611,0.388657280737912,"myeloid",0.0107010437928643,"hepatocyte+proliferation+immune_pan",-2.27486812235743,TRUE,TRUE,0.350155776948471,0.0234093929301845
"TCGA_LIHC","HCC","REACTOME_REGULATION_OF_PTEN_MRNA_TRANSLATION","C_v1",421,-0.021364206135739,0.887295456816516,-0.187571970678242,0.320920607081322,3,1.08571637447611,-0.143904305034268,"myeloid",0.342947438822616,"hepatocyte+proliferation+immune_pan",-7.77973042791715,TRUE,FALSE,0.887295456816516,0.375935568295263
"TCGA_LIHC","HCC","REACTOME_REGULATION_OF_NPAS4_MRNA_TRANSLATION","C_v1",421,0.156345120331115,0.299959953643801,-0.15626048763486,0.408221258343313,3,1.08571637447611,-0.029630972930583,"proliferation",0.875406286428786,"hepatocyte+proliferation+immune_pan",1.99945868028324,FALSE,FALSE,0.332388056740428,0.45235328627232
"TCGA_LIHC","HCC","REACTOME_REGULATION_OF_PD_L1_CD274_TRANSLATION","C_v1",421,-0.0329891823260902,0.826773035344905,-0.331378958386452,0.0798857425925144,3,1.08571637447611,-0.254025274093524,"proliferation",0.175348257054268,"hepatocyte+proliferation+immune_pan",-9.04507947820138,TRUE,FALSE,0.847442361228527,0.125973671011273
"GSE116250","HF","KEGG_RIBOSOME","A",64,0.226376777787582,0.456886521342506,0.177636291136625,0.658084341299861,3,1.91504404471034,0.543898361142581,"endothelial",0.107074418702717,"cardiomyocyte+fibroblast+immune_pan",0.215306919408014,TRUE,FALSE,0.646254971015658,0.849141085548208
"GSE116250","HF","KEGG_AMINOACYL_TRNA_BIOSYNTHESIS","A",64,0.22039828642173,0.468808059274399,1.11538886275229,0.00702996327676375,3,1.91504404471034,0.926087771592581,"fibroblast",0.0191838248946047,"cardiomyocyte+fibroblast+immune_pan",-4.06078736301065,TRUE,TRUE,0.646254971015658,0.0468664218450916
"GSE116250","HF","REACTOME_TRANSLATION","A",64,-0.447076994948548,0.14431854287763,0.104522409319331,0.794441579001936,3,1.91504404471034,0.0942549100629294,"fibroblast",0.802316213646807,"cardiomyocyte+fibroblast+immune_pan",1.23379062331615,FALSE,FALSE,0.303828511321327,0.932682534530892
"GSE116250","HF","REACTOME_EUKARYOTIC_TRANSLATION_INITIATION","A",64,-0.0496772285733542,0.870035727797202,-0.0911202494166465,0.820303189105628,3,1.91504404471034,0.280768247437626,"endothelial",0.400912227574029,"cardiomyocyte+fibroblast+immune_pan",-0.834245831208095,TRUE,FALSE,0.93281256634097,0.932682534530892
"GSE116250","HF","REACTOME_EUKARYOTIC_TRANSLATION_ELONGATION","A",64,0.412499824479635,0.177431727301256,0.268788729306299,0.503536517457546,3,1.91504404471034,0.71487934839536,"endothelial",0.0365461276459351,"cardiomyocyte+fibroblast+immune_pan",0.34839068199514,TRUE,FALSE,0.337965194859536,0.762055528558901
"GSE116250","HF","REACTOME_TRNA_AMINOACYLATION","A",64,0.105732851011279,0.727764975983771,0.878921510160198,0.0316712979359058,3,1.91504404471034,0.742782894492801,"fibroblast",0.0573877685246168,"cardiomyocyte+fibroblast+immune_pan",-7.31266254294456,TRUE,TRUE,0.861310585556528,0.140761324159581
"GSE116250","HF","REACTOME_CYTOSOLIC_TRNA_AMINOACYLATION","A",64,-1.04612240913243,0.000983856180147128,-0.689155121349719,0.0896393503746488,3,1.91504404471034,-0.658416008153702,"fibroblast",0.0915508645410675,"cardiomyocyte+fibroblast+immune_pan",0.341228984931839,TRUE,FALSE,0.00787084944117703,0.289294529040512
"GSE116250","HF","REACTOME_RRNA_PROCESSING","A",64,-0.0278219711366476,0.92698475183513,-0.0504779522734756,0.899845556274741,3,1.91504404471034,0.287749516531419,"endothelial",0.394435895746805,"cardiomyocyte+fibroblast+immune_pan",-0.814319769995919,TRUE,FALSE,0.93281256634097,0.932682534530892
"GSE116250","HF","REACTOME_SRP_DEPENDENT_COTRANSLATIONAL_PROTEIN_TARGETING_TO_MEMBRANE","A",64,0.367124796796388,0.229294569256215,0.0544232399468785,0.892064987009709,3,1.91504404471034,0.634753244668297,"endothelial",0.0668239606193981,"cardiomyocyte+fibroblast+immune_pan",0.851758202056119,TRUE,FALSE,0.416899216829482,0.932682534530892
"GSE116250","HF","REACTOME_RIBOSOME_ASSOCIATED_QUALITY_CONTROL","A",64,0.308471117200705,0.311611104908386,0.266448122708278,0.507245703704861,3,1.91504404471034,0.579152621052015,"endothelial",0.0887960960598179,"cardiomyocyte+fibroblast+immune_pan",0.136229916349298,TRUE,FALSE,0.541932356362411,0.762055528558901
"GSE116250","HF","REACTOME_RIBOSOME_QUALITY_CONTROL_RQC_COMPLEX_EXTRACTS_AND_DEGRADES_NASCENT_PEPTIDE","A",64,0.212565247905226,0.484691228261744,0.2474264616623,0.537927239643003,3,1.91504404471034,0.472187727887965,"endothelial",0.166723216552244,"cardiomyocyte+fibroblast+immune_pan",-0.16400241384997,TRUE,FALSE,0.646254971015658,0.76370732460264
"GSE116250","HF","REACTOME_MITOCHONDRIAL_TRANSLATION","A",64,-0.905664677153974,0.00393802222188887,0.0338777089525455,0.932682534530892,3,1.91504404471034,-0.0616669777435049,"fibroblast",0.872352165969296,"cardiomyocyte+fibroblast+immune_pan",1.03740645937413,FALSE,FALSE,0.0189170630835303,0.932682534530892
"GSE116250","HF","REACTOME_MITOCHONDRIAL_TRANSLATION_ELONGATION","A",64,-0.737337411729594,0.0176258887942341,0.14494154339472,0.717945958142907,3,1.91504404471034,0.0926777462754495,"fibroblast",0.807154258977023,"cardiomyocyte+fibroblast+immune_pan",1.19657424279439,FALSE,FALSE,0.0542335039822588,0.870237525021706
"GSE116250","HF","REACTOME_MITOCHONDRIAL_TRNA_AMINOACYLATION","A",64,0.42693171614597,0.162965922479618,1.19928998450679,0.00391606383289969,3,1.91504404471034,1.03605535016035,"fibroblast",0.0083961064386066,"cardiomyocyte+fibroblast+immune_pan",-1.80909086664517,TRUE,TRUE,0.325931844959236,0.0391606383289969
"GSE116250","HF","REACTOME_RRNA_PROCESSING_IN_THE_MITOCHONDRION","A",64,-0.845410677832285,0.00688110445096502,-0.331813544245671,0.409392301402763,3,1.91504404471034,-0.340178000820976,"fibroblast",0.371223302118412,"cardiomyocyte+fibroblast+immune_pan",0.607512002218291,TRUE,FALSE,0.0250221980035092,0.711986611135239
"GSE116250","HF","REACTOME_TRNA_PROCESSING","B_extra",64,-0.504172318153908,0.100480213040687,-0.339615395878204,0.398532789261326,3,1.91504404471034,-0.171863652982411,"fibroblast",0.65168941958677,"cardiomyocyte+fibroblast+immune_pan",0.326390236731463,TRUE,FALSE,0.228703973214435,0.711986611135239
"GSE116250","HF","REACTOME_TRNA_PROCESSING_IN_THE_NUCLEUS","B_extra",64,0.165382510830493,0.586375542171393,0.226483134293616,0.57278049345198,3,1.91504404471034,0.450260471536703,"fibroblast",0.244212939770484,"cardiomyocyte+fibroblast+immune_pan",-0.369450331575557,TRUE,FALSE,0.732969427714241,0.76370732460264
"GSE116250","HF","REACTOME_TRNA_MODIFICATION_IN_THE_NUCLEUS_AND_CYTOSOL","B_extra",64,-0.646270030583173,0.0365220925468041,-0.625577462754229,0.122584971259772,3,1.91504404471034,-0.799786233720975,"cardiomyocyte",0.034257756698357,"cardiomyocyte+fibroblast+immune_pan",0.0320184549023123,TRUE,FALSE,0.104348835848012,0.30646242814943
"GSE116250","HF","REACTOME_RRNA_MODIFICATION_IN_THE_NUCLEUS_AND_CYTOSOL","B_extra",64,0.0255956889455405,0.93281256634097,-0.261967234239005,0.514387481777258,3,1.91504404471034,-0.315283338601412,"cardiomyocyte",0.398908247656997,"cardiomyocyte+fibroblast+immune_pan",11.2348186367004,FALSE,FALSE,0.93281256634097,0.762055528558901
"GSE116250","HF","REACTOME_TRNA_MODIFICATION_IN_THE_MITOCHONDRION","B_extra",64,-1.1023320734999,0.000547498265919472,-0.418689384603017,0.29872113496916,3,1.91504404471034,-0.623097766435245,"fibroblast",0.101574887604662,"cardiomyocyte+fibroblast+immune_pan",0.620178533612219,TRUE,FALSE,0.0072999768789263,0.568992638036496
"GSE116250","HF","REACTOME_CARBOXYTERMINAL_POST_TRANSLATIONAL_MODIFICATIONS_OF_TUBULIN","C_v1",64,-1.1628046459199,0.00028619430035194,-0.96392432994628,0.0189134702142986,3,1.91504404471034,-0.9876825035561,"fibroblast",0.00966497027481759,"cardiomyocyte+fibroblast+immune_pan",0.171035020088251,TRUE,TRUE,0.00572388600703881,0.108076972653135
"GSE116250","HF","HALLMARK_MYC_TARGETS_V1","C_v1",64,-0.268808514616956,0.377439054610106,-0.581977109697889,0.15033558528754,3,1.91504404471034,-0.560759047922697,"cardiomyocyte",0.131420501711745,"cardiomyocyte+fibroblast+immune_pan",-1.16502483385688,TRUE,FALSE,0.580675468630932,0.353730788911859
"GSE116250","HF","REACTOME_REGULATION_OF_PD_L1_CD274_POST_TRANSLATIONAL_MODIFICATION","C_v1",64,0.0404027180482789,0.89413629348085,-0.0345981047341019,0.931254656094885,3,1.91504404471034,0.314581784387763,"lymphocyte",0.335659881575003,"cardiomyocyte+fibroblast+immune_pan",1.85633111843513,FALSE,FALSE,0.93281256634097,0.932682534530892
"GSE116250","HF","REACTOME_DENGUE_VIRUS_GENOME_TRANSLATION_AND_REPLICATION","C_v1",64,-0.103973909387137,0.732113997723049,-0.664846437796179,0.101253085164179,3,1.91504404471034,-0.591289708064484,"cardiomyocyte",0.116242717278293,"cardiomyocyte+fibroblast+immune_pan",-5.39435837043204,TRUE,FALSE,0.861310585556528,0.289294529040512
"GSE116250","HF","REACTOME_RESPIRATORY_SYNCYTIAL_VIRUS_RSV_GENOME_REPLICATION_TRANSCRIPTION_AND_TRANSLATION","C_v1",64,-0.169405444788579,0.577323818953574,-0.677246108649073,0.0951838767551182,3,1.91504404471034,0.321932767303185,"proliferation",0.324263566945549,"cardiomyocyte+fibroblast+immune_pan",-2.99778241776283,TRUE,FALSE,0.732969427714241,0.289294529040512
"GSE116250","HF","HALLMARK_MYC_TARGETS_V2","C_v1",64,0.257140392323847,0.398368417664369,0.235860851489393,0.55703897235729,3,1.91504404471034,0.138180227313343,"lymphocyte",0.667229381897125,"cardiomyocyte+fibroblast+immune_pan",0.0827545631479555,TRUE,FALSE,0.590175433576843,0.76370732460264
"GSE116250","HF","REACTOME_SARS_COV_2_MODULATES_HOST_TRANSLATION_MACHINERY","C_v1",64,0.500516615273644,0.102916787946496,0.522541565430867,0.195788021540167,3,1.91504404471034,0.702153908260664,"endothelial",0.0424681859088879,"cardiomyocyte+fibroblast+immune_pan",-0.0440044335894443,TRUE,FALSE,0.228703973214435,0.412185308505614
"GSE116250","HF","REACTOME_REGULATION_OF_CDH1_POSTTRANSLATIONAL_PROCESSING_AND_TRAFFICKING_TO_PLASMA_MEMBRANE","C_v1",64,0.277883622781387,0.361650073806463,-0.145597112517007,0.716726480579202,3,1.91504404471034,0.74667575341699,"proliferation",0.0254921114233173,"cardiomyocyte+fibroblast+immune_pan",1.52394995811448,FALSE,FALSE,0.578640118090341,0.870237525021706
"GSE116250","HF","REACTOME_TRANSLATION_OF_SARS_COV_2_STRUCTURAL_PROTEINS","C_v1",64,-0.916285839843353,0.00356055338564134,-1.48366724770117,0.000453010287901249,3,1.91504404471034,-1.28016654177589,"cardiomyocyte",0.00109592955030418,"cardiomyocyte+fibroblast+immune_pan",-0.619218788707695,TRUE,TRUE,0.0189170630835303,0.00906020575802498
"GSE116250","HF","REACTOME_SARS_COV_1_MODULATES_HOST_TRANSLATION_MACHINERY","C_v1",64,0.547627265896303,0.0749692017434813,0.466167322989256,0.247782501607363,3,1.91504404471034,0.742862474609372,"endothelial",0.0341554165060281,"cardiomyocyte+fibroblast+immune_pan",0.148750706876731,TRUE,FALSE,0.19991787131595,0.495565003214726
"GSE116250","HF","HALLMARK_MTORC1_SIGNALING","C_v1",64,0.0784854973018462,0.796058242517368,-0.935169860577952,0.0225915986664494,3,1.91504404471034,-0.693995951186996,"fibroblast",0.0765360589811844,"cardiomyocyte+fibroblast+immune_pan",12.9151931595897,FALSE,FALSE,0.909780848591277,0.112957993332247
"GSE116250","HF","REACTOME_TRANSLATION_OF_REPLICASE_AND_ASSEMBLY_OF_THE_REPLICATION_TRANSCRIPTION_COMPLEX","C_v1",64,0.0266306712800585,0.930102779416205,0.0514683807057525,0.89789135647302,3,1.91504404471034,0.476512513997321,"endothelial",0.157737865691744,"cardiomyocyte+fibroblast+immune_pan",-0.932673050727525,TRUE,FALSE,0.93281256634097,0.932682534530892
"GSE116250","HF","REACTOME_REGULATION_OF_CDH1_MRNA_TRANSLATION_BY_MICRORNAS","C_v1",64,-0.503569144477377,0.100878961426144,-0.523198563320743,0.195234482087661,3,1.91504404471034,-0.345160877457096,"cardiomyocyte",0.354007570596895,"cardiomyocyte+fibroblast+immune_pan",-0.0389805830214995,TRUE,FALSE,0.228703973214435,0.412185308505614
"GSE116250","HF","REACTOME_POST_TRANSLATIONAL_MODIFICATION_SYNTHESIS_OF_GPI_ANCHORED_PROTEINS","C_v1",64,-0.297915745860467,0.328323983414251,-0.313567482575188,0.435484434307484,3,1.91504404471034,0.0409138452397627,"cardiomyocyte",0.917644620261475,"cardiomyocyte+fibroblast+immune_pan",-0.0525374604471254,TRUE,FALSE,0.547206639023751,0.725807390512473
"GSE116250","HF","REACTOME_TRANSCRIPTIONAL_AND_POST_TRANSLATIONAL_REGULATION_OF_MITF_M_EXPRESSION_AND_ACTIVITY","C_v1",64,-0.845787293908007,0.00685764173897643,-1.33186736815977,0.00147863030630226,3,1.91504404471034,-1.44158645232398,"endothelial",6.62855972736923e-05,"cardiomyocyte+fibroblast+immune_pan",-0.574707231656082,TRUE,TRUE,0.0250221980035092,0.0197150707506967
"GSE116250","HF","REACTOME_REGULATION_OF_CDH11_MRNA_TRANSLATION_BY_MICRORNAS","C_v1",64,-0.824565356509285,0.00830092411936767,-1.16274669329811,0.00506839736696889,3,1.91504404471034,-1.29409513803946,"fibroblast",0.000977233801945357,"cardiomyocyte+fibroblast+immune_pan",-0.410132846498042,TRUE,TRUE,0.0276697470645589,0.0405471789357512
"GSE116250","HF","REACTOME_TRANSLATION_OF_SARS_COV_1_STRUCTURAL_PROTEINS","C_v1",64,-1.28663875018747,7.18748232226585e-05,-1.86968138499269,1.71186676608455e-05,3,1.91504404471034,-1.76848589909311,"cardiomyocyte",2.02941892594118e-05,"cardiomyocyte+fibroblast+immune_pan",-0.453151776067887,TRUE,TRUE,0.00287499292890634,0.000684746706433821
"GSE116250","HF","REACTOME_REGULATION_OF_PTEN_MRNA_TRANSLATION","C_v1",64,-1.00123864230908,0.00155177213476915,-0.7764247542592,0.0566433341039172,3,1.91504404471034,-0.759645975262991,"cardiomyocyte",0.0423555744788298,"cardiomyocyte+fibroblast+immune_pan",0.224535768547052,TRUE,FALSE,0.0103451475651277,0.226573336415669
"GSE116250","HF","REACTOME_REGULATION_OF_NPAS4_MRNA_TRANSLATION","C_v1",64,-1.06376342008165,0.000820030120892022,-0.708164908648197,0.0813434043221764,3,1.91504404471034,-0.734446428029734,"cardiomyocyte",0.0486994964544458,"cardiomyocyte+fibroblast+immune_pan",0.33428345506199,TRUE,FALSE,0.00787084944117703,0.289294529040512
"GSE116250","HF","REACTOME_REGULATION_OF_PD_L1_CD274_TRANSLATION","C_v1",64,-0.897420073186256,0.00425633919379431,-0.641561968321784,0.113502554535804,3,1.91504404471034,-0.648875417918108,"fibroblast",0.0835036554370075,"cardiomyocyte+fibroblast+immune_pan",0.285104058299094,TRUE,FALSE,0.0189170630835303,0.302673478762143
"GSE14520_GPL3921","HCC","KEGG_RIBOSOME","A",445,1.35034378510811,3.67284071995144e-38,0.986523018257546,8.09734311649064e-08,3,1.32293496449585,0.785540877535752,"proliferation",1.22243253875234e-05,"hepatocyte+proliferation+immune_pan",0.269428252910745,TRUE,TRUE,5.94650402277852e-38,3.31083866851423e-07
"GSE14520_GPL3921","HCC","KEGG_AMINOACYL_TRNA_BIOSYNTHESIS","A",445,0.599512530885695,6.2728017544627e-10,0.240156635262494,0.184715952582383,3,1.32293496449585,0.284797184390654,"myeloid",0.00549913904113964,"hepatocyte+proliferation+immune_pan",0.599413485306644,TRUE,FALSE,7.61697355899042e-10,0.209344746260034
"GSE14520_GPL3921","HCC","REACTOME_TRANSLATION","A",445,2.34429468367114,1.93215620664076e-85,1.21039262508753,6.57568578025258e-11,3,1.32293496449585,1.33005422471313,"proliferation",9.10162719888363e-14,"hepatocyte+proliferation+immune_pan",0.483685803871691,TRUE,TRUE,1.09488851709643e-84,4.47146633057175e-10
"GSE14520_GPL3921","HCC","REACTOME_EUKARYOTIC_TRANSLATION_INITIATION","A",445,1.60132175797579,9.24354429737513e-50,0.947226805916884,2.49996816916835e-07,3,1.32293496449585,0.875925773288975,"proliferation",1.07214758730508e-06,"hepatocyte+proliferation+immune_pan",0.408471906911289,TRUE,TRUE,2.24486075793396e-49,7.08324314597701e-07
"GSE14520_GPL3921","HCC","REACTOME_EUKARYOTIC_TRANSLATION_ELONGATION","A",445,1.07203064115919,3.2429719497034e-26,0.812051580796665,9.02965491834803e-06,3,1.32293496449585,0.622215697311855,"proliferation",0.000494781348857043,"hepatocyte+proliferation+immune_pan",0.242510848459899,TRUE,TRUE,4.59421026207981e-26,2.19291619445595e-05
"GSE14520_GPL3921","HCC","REACTOME_TRNA_AMINOACYLATION","A",445,1.39433578994338,3.76395275263786e-40,0.62922972417249,0.000550098432224727,3,1.32293496449585,0.783720222282044,"proliferation",8.16156515273485e-06,"hepatocyte+proliferation+immune_pan",0.548724397156843,TRUE,TRUE,7.10968853276041e-40,0.000984386668191616
"GSE14520_GPL3921","HCC","REACTOME_RRNA_PROCESSING","A",445,1.71275857765165,4.67427237612712e-55,0.721814900259367,7.65047914451916e-05,3,1.32293496449585,0.843680455726199,"proliferation",2.18853474552821e-06,"hepatocyte+proliferation+immune_pan",0.578565882151914,TRUE,TRUE,1.22250200606402e-54,0.000162572681821032
"GSE14520_GPL3921","HCC","REACTOME_SRP_DEPENDENT_COTRANSLATIONAL_PROTEIN_TARGETING_TO_MEMBRANE","A",445,1.88790335477987,1.78720648573977e-63,1.30813392993157,2.06941078381957e-12,3,1.32293496449585,1.16040729267048,"proliferation",1.22938154719599e-10,"hepatocyte+proliferation+immune_pan",0.307096983211783,TRUE,TRUE,5.06375170959603e-63,2.34533222166218e-11
"GSE14520_GPL3921","HCC","REACTOME_RIBOSOME_ASSOCIATED_QUALITY_CONTROL","A",445,2.35890890777306,3.88909847005175e-86,1.38602877371411,1.13842254564083e-13,3,1.32293496449585,1.33005904410246,"proliferation",4.72055019756888e-13,"hepatocyte+proliferation+immune_pan",0.412428021638786,TRUE,TRUE,2.64458695963519e-85,1.9353183275894e-12
"GSE14520_GPL3921","HCC","REACTOME_RIBOSOME_QUALITY_CONTROL_RQC_COMPLEX_EXTRACTS_AND_DEGRADES_NASCENT_PEPTIDE","A",445,2.5035037533255,5.5455133212702e-93,1.55805977720039,1.23056330086407e-16,3,1.32293496449585,1.55788216222885,"proliferation",4.61921773629304e-17,"hepatocyte+proliferation+immune_pan",0.377648315833057,TRUE,TRUE,4.71368632307967e-92,4.18391522293782e-15
"GSE14520_GPL3921","HCC","REACTOME_MITOCHONDRIAL_TRANSLATION","A",445,1.37362240944402,3.2740759858103e-39,0.552870621666438,0.00236201288962375,3,1.32293496449585,0.756501672093479,"proliferation",2.26023875977398e-05,"hepatocyte+proliferation+immune_pan",0.597509025868169,TRUE,TRUE,5.85887281671316e-39,0.00365038355669126
"GSE14520_GPL3921","HCC","REACTOME_MITOCHONDRIAL_TRANSLATION_ELONGATION","A",445,1.3572262241263,1.79993081998538e-38,0.547754234851232,0.00258992229964013,3,1.32293496449585,0.746942662428426,"proliferation",2.79631722373175e-05,"hepatocyte+proliferation+immune_pan",0.59641640788083,TRUE,TRUE,3.05988239397515e-38,0.00382858079077237
"GSE14520_GPL3921","HCC","REACTOME_MITOCHONDRIAL_TRNA_AMINOACYLATION","A",445,0.599512530885695,6.2728017544627e-10,0.240156635262494,0.184715952582383,3,1.32293496449585,0.284797184390654,"myeloid",0.00549913904113964,"hepatocyte+proliferation+immune_pan",0.599413485306644,TRUE,FALSE,7.61697355899042e-10,0.209344746260034
"GSE14520_GPL3921","HCC","REACTOME_RRNA_PROCESSING_IN_THE_MITOCHONDRION","A",445,-0.596143858125844,7.74238768200618e-10,-0.370200452147579,0.0411717409303399,3,1.32293496449585,-0.205916620545245,"proliferation",0.236430199784858,"hepatocyte+proliferation+immune_pan",0.37900819223163,TRUE,TRUE,9.07728210993828e-10,0.051845895986354
"GSE14520_GPL3921","HCC","REACTOME_TRNA_PROCESSING","B_extra",445,2.62760826991729,8.67138659764565e-99,0.980180882396926,9.73776078974775e-08,3,1.32293496449585,1.4303026907603,"proliferation",8.48863755387877e-14,"hepatocyte+proliferation+immune_pan",0.626968413207277,TRUE,TRUE,9.82757147733174e-98,3.31083866851423e-07
"GSE14520_GPL3921","HCC","REACTOME_TRNA_PROCESSING_IN_THE_NUCLEUS","B_extra",445,2.96224369130087,4.65595966656538e-114,1.21148560109265,6.33345108545535e-11,3,1.32293496449585,1.62345550161922,"proliferation",4.08721680601072e-17,"hepatocyte+proliferation+immune_pan",0.591024329075161,TRUE,TRUE,1.58302628663223e-112,4.47146633057175e-10
"GSE14520_GPL3921","HCC","REACTOME_TRNA_MODIFICATION_IN_THE_NUCLEUS_AND_CYTOSOL","B_extra",445,1.5513841057773,2.06940742591601e-47,0.770905662442968,2.45529071241864e-05,3,1.32293496449585,1.15442871801381,"proliferation",4.53347892432142e-10,"hepatocyte+proliferation+immune_pan",0.503085238805695,TRUE,TRUE,4.39749078007151e-47,5.56532561481558e-05
"GSE14520_GPL3921","HCC","REACTOME_RRNA_MODIFICATION_IN_THE_NUCLEUS_AND_CYTOSOL","B_extra",445,1.57257926860486,2.09158872876387e-48,0.653038689102939,0.000338408559102933,3,1.32293496449585,0.820401667937677,"proliferation",3.18205640256614e-06,"hepatocyte+proliferation+immune_pan",0.584734008555072,TRUE,TRUE,4.74093445186476e-48,0.00063921616719443
"GSE14520_GPL3921","HCC","REACTOME_TRNA_MODIFICATION_IN_THE_MITOCHONDRION","B_extra",445,-0.0645360855499358,0.496447215538584,-0.580390993843013,0.00142209549177927,3,1.32293496449585,-0.413071815182407,"proliferation",0.017766758243683,"hepatocyte+proliferation+immune_pan",-7.99327854947022,TRUE,TRUE,0.511491070554905,0.00241756233602476
"GSE14520_GPL3921","HCC","REACTOME_CARBOXYTERMINAL_POST_TRANSLATIONAL_MODIFICATIONS_OF_TUBULIN","C_v1",445,1.1957488858207,2.2655825065409e-31,0.713331470841896,9.2520757332372e-05,3,1.32293496449585,0.668153771596321,"proliferation",0.000242195042329277,"hepatocyte+proliferation+immune_pan",0.403443750355407,TRUE,TRUE,3.50135478283593e-31,0.000185041514664744
"GSE14520_GPL3921","HCC","HALLMARK_MYC_TARGETS_V1","C_v1",445,2.82414306173499,7.89250622116569e-108,1.13048547453249,9.51507772218106e-10,3,1.32293496449585,1.24477769137572,"proliferation",1.58793724927756e-11,"hepatocyte+proliferation+immune_pan",0.599706725254215,TRUE,TRUE,1.34172605759817e-106,4.62160917934509e-09
"GSE14520_GPL3921","HCC","REACTOME_REGULATION_OF_PD_L1_CD274_POST_TRANSLATIONAL_MODIFICATION","C_v1",445,1.96027400412274,5.72532749343896e-67,0.959768199774891,1.75166489430546e-07,3,1.32293496449585,1.03112112120209,"proliferation",4.5494357657435e-09,"hepatocyte+proliferation+immune_pan",0.510390793452161,TRUE,TRUE,1.76964667979023e-66,5.41423694603506e-07
"GSE14520_GPL3921","HCC","REACTOME_DENGUE_VIRUS_GENOME_TRANSLATION_AND_REPLICATION","C_v1",445,2.0871291271095,4.27765130512745e-73,0.98225920453259,9.16750792066886e-08,3,1.32293496449585,1.11209993631581,"proliferation",3.54846280594662e-10,"hepatocyte+proliferation+immune_pan",0.529373055181814,TRUE,TRUE,1.61600160415926e-72,3.31083866851423e-07
"GSE14520_GPL3921","HCC","REACTOME_RESPIRATORY_SYNCYTIAL_VIRUS_RSV_GENOME_REPLICATION_TRANSCRIPTION_AND_TRANSLATION","C_v1",445,2.10620809065337,5.13798973731725e-74,0.846192796278757,3.81057772891855e-06,3,1.32293496449585,1.02889885861286,"proliferation",9.43407562786976e-09,"hepatocyte+proliferation+immune_pan",0.598238749516787,TRUE,TRUE,2.18364563835983e-73,9.96612636794081e-06
"GSE14520_GPL3921","HCC","HALLMARK_MYC_TARGETS_V2","C_v1",445,1.4548818645528,6.3614605399295e-43,0.424941318639239,0.0191829471329303,3,1.32293496449585,0.576140122788813,"proliferation",0.000951085467744471,"hepatocyte+proliferation+immune_pan",0.707920396155425,TRUE,TRUE,1.2722921079859e-42,0.0271758417716512
"GSE14520_GPL3921","HCC","REACTOME_SARS_COV_2_MODULATES_HOST_TRANSLATION_MACHINERY","C_v1",445,2.32650288892481,1.36320556121024e-84,1.14528778515476,5.86331598785784e-10,3,1.32293496449585,1.02616250998603,"proliferation",9.47853526605228e-09,"hepatocyte+proliferation+immune_pan",0.507721313991553,TRUE,TRUE,6.62128415444973e-84,3.32254572645278e-09
"GSE14520_GPL3921","HCC","REACTOME_REGULATION_OF_CDH1_POSTTRANSLATIONAL_PROCESSING_AND_TRAFFICKING_TO_PLASMA_MEMBRANE","C_v1",445,0.311812057278309,0.00108700323926198,0.0566420863470615,0.754183913053609,3,1.32293496449585,0.154195297802722,"myeloid",0.142333120687734,"hepatocyte+proliferation+immune_pan",0.818345426275465,TRUE,FALSE,0.00115494094171586,0.80132040761946
"GSE14520_GPL3921","HCC","REACTOME_TRANSLATION_OF_SARS_COV_2_STRUCTURAL_PROTEINS","C_v1",445,1.08544204287099,9.24656162309985e-27,0.553853219505993,0.00232041087727342,3,1.32293496449585,0.810395173227236,"proliferation",6.50954056997715e-06,"hepatocyte+proliferation+immune_pan",0.489744088002105,TRUE,TRUE,1.36688302254519e-26,0.00365038355669126
"GSE14520_GPL3921","HCC","REACTOME_SARS_COV_1_MODULATES_HOST_TRANSLATION_MACHINERY","C_v1",445,0.701232009284845,7.09519456283497e-13,0.382024657992125,0.0351446147757133,3,1.32293496449585,0.108856782062918,"proliferation",0.540703310408924,"hepatocyte+proliferation+immune_pan",0.455209327392606,TRUE,TRUE,9.27833135139957e-13,0.0459583423990097
"GSE14520_GPL3921","HCC","HALLMARK_MTORC1_SIGNALING","C_v1",445,1.98072349333765,5.88687696728738e-68,0.386449513270886,0.0330920802653875,3,1.32293496449585,0.327732786568718,"proliferation",0.0573223858692612,"hepatocyte+proliferation+immune_pan",0.804894769728968,TRUE,TRUE,2.00153816887771e-67,0.045005229160927
"GSE14520_GPL3921","HCC","REACTOME_TRANSLATION_OF_REPLICASE_AND_ASSEMBLY_OF_THE_REPLICATION_TRANSCRIPTION_COMPLEX","C_v1",445,0.411730724559376,1.74796131441058e-05,0.0418478389085131,0.817044442438766,3,1.32293496449585,-0.0282201143926889,"proliferation",0.872930023059301,"hepatocyte+proliferation+immune_pan",0.898361146224155,TRUE,FALSE,1.98102282299866e-05,0.84180336493691
"GSE14520_GPL3921","HCC","REACTOME_POST_TRANSLATIONAL_MODIFICATION_SYNTHESIS_OF_GPI_ANCHORED_PROTEINS","C_v1",445,0.0356676681370762,0.706962136049351,-0.000288410433635262,0.998727795817747,3,1.32293496449585,-0.0412348796949954,"lymphocyte",0.696060818033637,"hepatocyte+proliferation+immune_pan",1.00808604679529,FALSE,FALSE,0.706962136049351,0.998727795817747
"GSE14520_GPL3921","HCC","REACTOME_TRANSCRIPTIONAL_AND_POST_TRANSLATIONAL_REGULATION_OF_MITF_M_EXPRESSION_AND_ACTIVITY","C_v1",445,0.861483550984343,3.44342446586171e-18,0.35729503788101,0.0487310576768864,3,1.32293496449585,0.377327300972224,"proliferation",0.0318972161433299,"hepatocyte+proliferation+immune_pan",0.585256111422255,TRUE,TRUE,4.68305727357192e-18,0.0591734271790763
"GSE14520_GPL3921","HCC","REACTOME_TRANSLATION_OF_SARS_COV_1_STRUCTURAL_PROTEINS","C_v1",445,-0.320289852479868,0.000794503451913169,-0.123836209586602,0.493694852284997,3,1.32293496449585,-0.0141131068221891,"proliferation",0.936470871964181,"hepatocyte+proliferation+immune_pan",0.613362057437065,TRUE,FALSE,0.000871390882743476,0.541471773473867
"GSE14520_GPL571","HCC","KEGG_RIBOSOME","A",41,0.638675405643602,0.0482393730872402,-0.0652296556911977,0.919217599505707,3,1.65216319190479,0.319704324889008,"hepatocyte",0.383824226628417,"hepatocyte+proliferation+immune_pan",1.10213271892858,FALSE,FALSE,0.0620220511121659,0.980834874439565
"GSE14520_GPL571","HCC","KEGG_AMINOACYL_TRNA_BIOSYNTHESIS","A",41,0.679340238742584,0.036231731168077,-0.329612124787002,0.608946908559402,3,1.65216319190479,0.192849419275675,"proliferation",0.779230907273301,"hepatocyte+proliferation+immune_pan",1.48519446661527,FALSE,FALSE,0.0483089748907693,0.980834874439565
"GSE14520_GPL571","HCC","REACTOME_TRANSLATION","A",41,1.22721143663803,0.00034917989093922,0.171658094178726,0.789638158020035,3,1.65216319190479,0.47757427095761,"proliferation",0.438653749224574,"hepatocyte+proliferation+immune_pan",0.860123456273365,TRUE,FALSE,0.000897891148129424,0.980834874439565
"GSE14520_GPL571","HCC","REACTOME_EUKARYOTIC_TRANSLATION_INITIATION","A",41,1.00330640639872,0.0027045190789686,0.0839493366751337,0.896156167265249,3,1.65216319190479,0.453778629035202,"proliferation",0.461374980009173,"hepatocyte+proliferation+immune_pan",0.916327319212021,TRUE,FALSE,0.0050563567856177,0.980834874439565
"GSE14520_GPL571","HCC","REACTOME_EUKARYOTIC_TRANSLATION_ELONGATION","A",41,0.45278675178577,0.156239048721299,-0.1494960790499,0.816253977302431,3,1.65216319190479,0.122753232484487,"hepatocyte",0.734600028681634,"hepatocyte+proliferation+immune_pan",1.33016884540083,FALSE,FALSE,0.187486858465559,0.980834874439565
"GSE14520_GPL571","HCC","REACTOME_TRNA_AMINOACYLATION","A",41,0.709462538441552,0.0291255295703977,-0.117299293459005,0.855309653444453,3,1.65216319190479,0.327494319241273,"hepatocyte",0.38982763619656,"hepatocyte+proliferation+immune_pan",1.16533542943179,FALSE,FALSE,0.0403276563282429,0.980834874439565
"GSE14520_GPL571","HCC","REACTOME_CYTOSOLIC_TRNA_AMINOACYLATION","A",41,1.31542854514474,0.000149840835173056,0.26169136659044,0.684422242258286,3,1.65216319190479,0.889804321625044,"proliferation",0.196804490628276,"hepatocyte+proliferation+immune_pan",0.801059991014833,TRUE,FALSE,0.000490388187839093,0.980834874439565
"GSE14520_GPL571","HCC","REACTOME_RRNA_PROCESSING","A",41,1.26896440678826,0.0002345035689446,-0.248993162005864,0.69893630245222,3,1.65216319190479,0.484168618800918,"proliferation",0.477893745287632,"hepatocyte+proliferation+immune_pan",1.19621760915743,FALSE,FALSE,0.000649394498615816,0.980834874439565
"GSE14520_GPL571","HCC","REACTOME_SRP_DEPENDENT_COTRANSLATIONAL_PROTEIN_TARGETING_TO_MEMBRANE","A",41,1.00196332848019,0.00273649434418095,0.174938164278218,0.785719704811895,3,1.65216319190479,0.646102070379588,"proliferation",0.304005286617165,"hepatocyte+proliferation+immune_pan",0.825404623796392,TRUE,FALSE,0.0050563567856177,0.980834874439565
"GSE14520_GPL571","HCC","REACTOME_RIBOSOME_ASSOCIATED_QUALITY_CONTROL","A",41,1.12640096281109,0.000895421679279691,-0.0108711894676477,0.986513397171841,3,1.65216319190479,0.426096634269196,"proliferation",0.490804669607184,"hepatocyte+proliferation+immune_pan",1.00965126080904,FALSE,FALSE,0.00214901203027126,0.986513397171841
"GSE14520_GPL571","HCC","REACTOME_RIBOSOME_QUALITY_CONTROL_RQC_COMPLEX_EXTRACTS_AND_DEGRADES_NASCENT_PEPTIDE","A",41,1.27125543525668,0.000229408015969325,0.114956878484552,0.858166819299209,3,1.65216319190479,0.581212997657179,"proliferation",0.350996991031783,"hepatocyte+proliferation+immune_pan",0.909572163629459,TRUE,FALSE,0.000649394498615816,0.980834874439565
"GSE14520_GPL571","HCC","REACTOME_MITOCHONDRIAL_TRANSLATION","A",41,0.853661034001285,0.00955913264040057,0.210067648304936,0.744126902821539,3,1.65216319190479,0.136044602321553,"proliferation",0.826873587364496,"hepatocyte+proliferation+immune_pan",0.753921474756432,TRUE,FALSE,0.0151021159222994,0.980834874439565
"GSE14520_GPL571","HCC","REACTOME_MITOCHONDRIAL_TRANSLATION_ELONGATION","A",41,0.847242387319317,0.0100680772815329,0.233845836697752,0.716400479958442,3,1.65216319190479,0.161913769951889,"proliferation",0.793029700200002,"hepatocyte+proliferation+immune_pan",0.723991811319022,TRUE,FALSE,0.0151021159222994,0.980834874439565
"GSE14520_GPL571","HCC","REACTOME_MITOCHONDRIAL_TRNA_AMINOACYLATION","A",41,0.0554554236323208,0.860371328294523,-0.424960512418135,0.510046971678919,3,1.65216319190479,-0.254854170236818,"hepatocyte",0.490034015318154,"hepatocyte+proliferation+immune_pan",8.66310100226982,FALSE,FALSE,0.884953366245795,0.980834874439565
"GSE14520_GPL571","HCC","REACTOME_RRNA_PROCESSING_IN_THE_MITOCHONDRION","A",41,0.378599119790817,0.233995024403734,0.923460142524158,0.15685333770315,3,1.65216319190479,0.630618952033235,"proliferation",0.297453305402885,"hepatocyte+proliferation+immune_pan",-1.43915026277501,TRUE,FALSE,0.263244402454201,0.980834874439565
"GSE14520_GPL571","HCC","REACTOME_TRNA_PROCESSING","B_extra",41,2.41387940044336,2.33577630417191e-09,0.429846033244322,0.505224986342142,3,1.65216319190479,0.87144578565318,"proliferation",0.185194462924842,"hepatocyte+proliferation+immune_pan",0.82192729547078,TRUE,FALSE,4.20439734750943e-08,0.980834874439565
"GSE14520_GPL571","HCC","REACTOME_TRNA_PROCESSING_IN_THE_NUCLEUS","B_extra",41,2.53833654369097,6.86204586174176e-10,0.528297724134808,0.413583248480141,3,1.65216319190479,0.950844151994302,"proliferation",0.141448058090935,"hepatocyte+proliferation+immune_pan",0.791872466459228,TRUE,FALSE,2.47033651022703e-08,0.980834874439565
"GSE14520_GPL571","HCC","REACTOME_TRNA_MODIFICATION_IN_THE_NUCLEUS_AND_CYTOSOL","B_extra",41,1.54763611618481,1.50575006418367e-05,0.345851527557761,0.591487016144467,3,1.65216319190479,0.624937728415496,"proliferation",0.31333651350389,"hepatocyte+proliferation+immune_pan",0.776529169912147,TRUE,FALSE,6.02300025673469e-05,0.980834874439565
"GSE14520_GPL571","HCC","REACTOME_RRNA_MODIFICATION_IN_THE_NUCLEUS_AND_CYTOSOL","B_extra",41,1.08193913298868,0.00134305832244283,-0.435263428494843,0.499907434740404,3,1.65216319190479,0.293883879701993,"proliferation",0.673154691680732,"hepatocyte+proliferation+immune_pan",1.40229936714878,FALSE,FALSE,0.00302188122549636,0.980834874439565
"GSE14520_GPL571","HCC","REACTOME_TRNA_MODIFICATION_IN_THE_MITOCHONDRION","B_extra",41,0.84841348447435,0.00997338883170066,-0.215298586323445,0.737996144755598,3,1.65216319190479,0.124910275786547,"proliferation",0.839194584796333,"hepatocyte+proliferation+immune_pan",1.25376610610667,FALSE,FALSE,0.0151021159222994,0.980834874439565
"GSE14520_GPL571","HCC","REACTOME_CARBOXYTERMINAL_POST_TRANSLATIONAL_MODIFICATIONS_OF_TUBULIN","C_v1",41,2.02846099196433,1.12874179838439e-07,1.11558392395198,0.0892129626897862,3,1.65216319190479,1.71218792268911,"hepatocyte",5.6826579065884e-05,"hepatocyte+proliferation+immune_pan",0.450034322389575,TRUE,FALSE,1.01586761854595e-06,0.980834874439565
"GSE14520_GPL571","HCC","HALLMARK_MYC_TARGETS_V1","C_v1",41,2.12334286019577,4.30493417524504e-08,0.289008142896668,0.653613542910377,3,1.65216319190479,0.847911623494729,"proliferation",0.18968625283737,"hepatocyte+proliferation+immune_pan",0.863890025339562,TRUE,FALSE,5.16592101029404e-07,0.980834874439565
"GSE14520_GPL571","HCC","REACTOME_REGULATION_OF_PD_L1_CD274_POST_TRANSLATIONAL_MODIFICATION","C_v1",41,0.993377050199084,0.00294954145827699,0.0827713955216063,0.897604837172546,3,1.65216319190479,0.336311972550771,"proliferation",0.5756355689897,"hepatocyte+proliferation+immune_pan",0.916676758834908,TRUE,FALSE,0.0050563567856177,0.980834874439565
"GSE14520_GPL571","HCC","REACTOME_DENGUE_VIRUS_GENOME_TRANSLATION_AND_REPLICATION","C_v1",41,1.82939034220142,8.6066131253195e-07,0.326261152432386,0.612579287610384,3,1.65216319190479,0.414030593827668,"proliferation",0.48544131456175,"hepatocyte+proliferation+immune_pan",0.821655802533769,TRUE,FALSE,5.1639678751917e-06,0.980834874439565
"GSE14520_GPL571","HCC","REACTOME_RESPIRATORY_SYNCYTIAL_VIRUS_RSV_GENOME_REPLICATION_TRANSCRIPTION_AND_TRANSLATION","C_v1",41,2.00141152238692,1.48679308806466e-07,0.823995833438966,0.205216970579042,3,1.65216319190479,1.32354521004179,"proliferation",0.0421417414083183,"hepatocyte+proliferation+immune_pan",0.588292650350962,TRUE,FALSE,1.07049102340656e-06,0.980834874439565
"GSE14520_GPL571","HCC","HALLMARK_MYC_TARGETS_V2","C_v1",41,1.77371965251092,1.51928733889285e-06,0.634367983236728,0.327211916116451,3,1.65216319190479,0.63264516771065,"proliferation",0.288016453921587,"hepatocyte+proliferation+immune_pan",0.64235160706558,TRUE,FALSE,6.8367930250178e-06,0.980834874439565
"GSE14520_GPL571","HCC","REACTOME_SARS_COV_2_MODULATES_HOST_TRANSLATION_MACHINERY","C_v1",41,1.41945448511998,5.410045092032e-05,0.245041091695186,0.703477341005229,3,1.65216319190479,0.527176909994318,"proliferation",0.389174682235571,"hepatocyte+proliferation+immune_pan",0.827369532264732,TRUE,FALSE,0.000194761623313152,0.980834874439565
"GSE14520_GPL571","HCC","REACTOME_REGULATION_OF_CDH1_POSTTRANSLATIONAL_PROCESSING_AND_TRAFFICKING_TO_PLASMA_MEMBRANE","C_v1",41,0.797040337625885,0.014999278062153,-0.361249782559152,0.575156145105354,3,1.65216319190479,0.240369437590747,"proliferation",0.708289838169731,"hepatocyte+proliferation+immune_pan",1.4532390212962,FALSE,FALSE,0.0215989604095003,0.980834874439565
"GSE14520_GPL571","HCC","REACTOME_TRANSLATION_OF_SARS_COV_2_STRUCTURAL_PROTEINS","C_v1",41,1.79649577779646,1.20418966201218e-06,0.857030182243655,0.188032877292749,3,1.65216319190479,1.10861981855867,"proliferation",0.0784798666350617,"hepatocyte+proliferation+immune_pan",0.522943391887696,TRUE,FALSE,6.19297540463409e-06,0.980834874439565
"GSE14520_GPL571","HCC","REACTOME_SARS_COV_1_MODULATES_HOST_TRANSLATION_MACHINERY","C_v1",41,-0.0325255719853932,0.917817842703826,-0.62209877869594,0.33653094945071,3,1.65216319190479,-0.322976255236556,"proliferation",0.592387078412157,"hepatocyte+proliferation+immune_pan",-18.1264516109145,TRUE,FALSE,0.917817842703826,0.980834874439565
"GSE14520_GPL571","HCC","HALLMARK_MTORC1_SIGNALING","C_v1",41,1.06731939084486,0.00153233390258707,0.0594572892244458,0.926344048081811,3,1.65216319190479,-0.374454151007716,"proliferation",0.545797526245061,"hepatocyte+proliferation+immune_pan",0.944292880149605,TRUE,FALSE,0.00324494238194909,0.980834874439565
"GSE14520_GPL571","HCC","REACTOME_TRANSLATION_OF_REPLICASE_AND_ASSEMBLY_OF_THE_REPLICATION_TRANSCRIPTION_COMPLEX","C_v1",41,0.625512571523463,0.0528092215058252,0.210268839480658,0.743890787212316,3,1.65216319190479,0.206993160354314,"hepatocyte",0.577525077104855,"hepatocyte+proliferation+immune_pan",0.663845541955233,TRUE,FALSE,0.0655562749727486,0.980834874439565
"GSE14520_GPL571","HCC","REACTOME_REGULATION_OF_CDH1_MRNA_TRANSLATION_BY_MICRORNAS","C_v1",41,-0.391273594383162,0.218991189325014,-0.529248958064549,0.412750734568414,3,1.65216319190479,0.127621454645821,"proliferation",0.846410365756887,"hepatocyte+proliferation+immune_pan",-0.352631421240944,TRUE,FALSE,0.254312348893565,0.980834874439565
"GSE14520_GPL571","HCC","REACTOME_POST_TRANSLATIONAL_MODIFICATION_SYNTHESIS_OF_GPI_ANCHORED_PROTEINS","C_v1",41,-0.35020498091442,0.27032334243899,-0.616370088759807,0.340942520010174,3,1.65216319190479,-0.681817771215973,"lymphocyte",0.0390418859454849,"hepatocyte+proliferation+immune_pan",-0.760026619696851,TRUE,FALSE,0.294898191751625,0.980834874439565
"GSE14520_GPL571","HCC","REACTOME_TRANSCRIPTIONAL_AND_POST_TRANSLATIONAL_REGULATION_OF_MITF_M_EXPRESSION_AND_ACTIVITY","C_v1",41,0.997357143123204,0.00284890123406614,-0.257360921704711,0.689358651408278,3,1.65216319190479,0.120051869680725,"hepatocyte",0.739809351330059,"hepatocyte+proliferation+immune_pan",1.2580428921367,FALSE,FALSE,0.0050563567856177,0.980834874439565
"GSE14520_GPL571","HCC","REACTOME_TRANSLATION_OF_SARS_COV_1_STRUCTURAL_PROTEINS","C_v1",41,0.203261543567105,0.520135751290294,-0.0307917757921491,0.96181358369535,3,1.65216319190479,-0.333551012426737,"proliferation",0.582966689376457,"hepatocyte+proliferation+immune_pan",1.15148844809389,FALSE,FALSE,0.550731971954429,0.986513397171841
"GSE76427","HCC","KEGG_RIBOSOME","A",167,1.01773392943666,7.67053155120171e-09,0.888507263329769,8.50486965454454e-05,3,1.31134985371915,0.758000561092135,"proliferation",0.000563790745781057,"hepatocyte+proliferation+immune_pan",0.126974902151898,TRUE,TRUE,1.22031183769118e-08,0.000212621741363613
"GSE76427","HCC","KEGG_AMINOACYL_TRNA_BIOSYNTHESIS","A",167,1.04667508712765,3.14908384698792e-09,0.716002057445721,0.00140847562006655,3,1.31134985371915,0.783181677404724,"lymphocyte",1.82986226908952e-05,"hepatocyte+proliferation+immune_pan",0.315927104551023,TRUE,TRUE,5.24847307831319e-09,0.00246483233511645
"GSE76427","HCC","REACTOME_TRANSLATION","A",167,1.61075578984825,1.01529241153225e-17,1.15705226092772,4.7106160653067e-07,3,1.31134985371915,1.19790280636563,"proliferation",7.19872266301111e-08,"hepatocyte+proliferation+immune_pan",0.281671207876444,TRUE,TRUE,5.92253906727147e-17,4.12178905714337e-06
"GSE76427","HCC","REACTOME_EUKARYOTIC_TRANSLATION_INITIATION","A",167,1.21171646309403,1.52290706955424e-11,1.01483468034839,8.30148764959967e-06,3,1.31134985371915,0.9173161357142,"proliferation",3.06036670435111e-05,"hepatocyte+proliferation+immune_pan",0.162481726329701,TRUE,TRUE,3.55344982895989e-11,2.90552067735989e-05
"GSE76427","HCC","REACTOME_EUKARYOTIC_TRANSLATION_ELONGATION","A",167,1.1944747049101,2.70812714259914e-11,1.07898161132825,2.34797600490449e-06,3,1.31134985371915,0.969842676161586,"proliferation",1.18710745782226e-05,"hepatocyte+proliferation+immune_pan",0.0966894427375431,TRUE,TRUE,5.92402812443562e-11,1.17398800245225e-05
"GSE76427","HCC","REACTOME_TRNA_AMINOACYLATION","A",167,1.38330593281575,4.05820554926462e-14,0.850050451036215,0.000165205574843578,3,1.31134985371915,1.02117647807336,"proliferation",6.04674856489544e-06,"hepatocyte+proliferation+immune_pan",0.38549352614579,TRUE,TRUE,1.42037194224262e-13,0.000361387194970327
"GSE76427","HCC","REACTOME_RRNA_PROCESSING","A",167,1.2707304201445,2.06186138137234e-12,0.963815830898104,2.18105983677914e-05,3,1.31134985371915,0.908127298784258,"proliferation",3.26934353901251e-05,"hepatocyte+proliferation+immune_pan",0.241526121025337,TRUE,TRUE,6.013762362336e-12,6.93973584429727e-05
"GSE76427","HCC","REACTOME_SRP_DEPENDENT_COTRANSLATIONAL_PROTEIN_TARGETING_TO_MEMBRANE","A",167,1.34763485512807,1.43004077972817e-13,1.05750635119262,3.60459574408003e-06,3,1.31134985371915,0.964980471745445,"proliferation",1.20921202440586e-05,"hepatocyte+proliferation+immune_pan",0.215287177258322,TRUE,TRUE,4.55012975368053e-13,1.57701063803501e-05
"GSE76427","HCC","REACTOME_RIBOSOME_ASSOCIATED_QUALITY_CONTROL","A",167,1.41850542911371,1.15659651117808e-14,1.10550061661177,1.37198342588608e-06,3,1.31134985371915,1.02550052485669,"proliferation",3.47315608304101e-06,"hepatocyte+proliferation+immune_pan",0.220658170266931,TRUE,TRUE,5.06010973640411e-14,8.00323665100212e-06
"GSE76427","HCC","REACTOME_RIBOSOME_QUALITY_CONTROL_RQC_COMPLEX_EXTRACTS_AND_DEGRADES_NASCENT_PEPTIDE","A",167,1.53723881817468,1.54719994240127e-16,1.22863999087125,1.01376816997638e-07,3,1.31134985371915,1.15187841969389,"proliferation",2.26097072219837e-07,"hepatocyte+proliferation+immune_pan",0.200748786496205,TRUE,TRUE,7.73599971200635e-16,1.18272953163911e-06
"GSE76427","HCC","REACTOME_MITOCHONDRIAL_TRANSLATION","A",167,1.08583588412493,9.23131484479237e-10,0.716020789545726,0.00140808082580541,3,1.31134985371915,0.843127883919538,"proliferation",0.000136829211611475,"hepatocyte+proliferation+immune_pan",0.340581021483954,TRUE,TRUE,1.61548009783867e-09,0.00246483233511645
"GSE76427","HCC","REACTOME_MITOCHONDRIAL_TRANSLATION_ELONGATION","A",167,1.1088313847133,4.43927559178642e-10,0.706119093063528,0.00163174655090007,3,1.31134985371915,0.816989843846042,"proliferation",0.000201741449130051,"hepatocyte+proliferation+immune_pan",0.363186231199523,TRUE,TRUE,8.17761293223815e-10,0.00271957758483345
"GSE76427","HCC","REACTOME_MITOCHONDRIAL_TRNA_AMINOACYLATION","A",167,1.18063359727312,4.28627455406448e-11,0.652411000310524,0.00353410726843436,3,1.31134985371915,0.900799503189023,"proliferation",9.2862055433666e-05,"hepatocyte+proliferation+immune_pan",0.447406035354761,TRUE,TRUE,8.82468290542687e-11,0.00537798932153055
"GSE76427","HCC","REACTOME_RRNA_PROCESSING_IN_THE_MITOCHONDRION","A",167,-0.0767198346707294,0.646772099818258,0.0668547320675931,0.762003532863135,3,1.31134985371915,0.278857187135567,"proliferation",0.213906130946375,"hepatocyte+proliferation+immune_pan",1.8714139225472,FALSE,FALSE,0.665794808636442,0.784415401476757
"GSE76427","HCC","REACTOME_TRNA_PROCESSING","B_extra",167,2.20840926397927,1.16928664399897e-27,1.33550321658014,9.21846866109064e-09,3,1.31134985371915,1.52882824980964,"proliferation",7.93652371618248e-11,"hepatocyte+proliferation+immune_pan",0.395264619487362,TRUE,TRUE,4.09250325399638e-26,3.22646403138172e-07
"GSE76427","HCC","REACTOME_TRNA_PROCESSING_IN_THE_NUCLEUS","B_extra",167,2.18927004765158,2.44955753553503e-27,1.28560599741199,2.86659935322636e-08,3,1.31134985371915,1.41878518395325,"proliferation",7.60325439566638e-10,"hepatocyte+proliferation+immune_pan",0.412769567285201,TRUE,TRUE,4.28672568718629e-26,5.01654886814612e-07
"GSE76427","HCC","REACTOME_TRNA_MODIFICATION_IN_THE_NUCLEUS_AND_CYTOSOL","B_extra",167,1.14557597269092,1.35486739923643e-10,0.830131232527209,0.000231055662830521,3,1.31134985371915,0.910381468932193,"lymphocyte",5.34020465941161e-07,"hepatocyte+proliferation+immune_pan",0.27535907498369,TRUE,TRUE,2.63446438740416e-10,0.000475702835239307
"GSE76427","HCC","REACTOME_RRNA_MODIFICATION_IN_THE_NUCLEUS_AND_CYTOSOL","B_extra",167,0.733696391757387,2.01392280140355e-05,0.472919806133967,0.0333674238771074,3,1.31134985371915,0.487378411027465,"proliferation",0.0227643987790727,"hepatocyte+proliferation+immune_pan",0.35542846953192,TRUE,TRUE,2.51740350175444e-05,0.0432540679888429
"GSE76427","HCC","REACTOME_TRNA_MODIFICATION_IN_THE_MITOCHONDRION","B_extra",167,0.879602870672618,4.34658235458943e-07,0.341749214571443,0.122917954920209,3,1.31134985371915,0.536303502546423,"proliferation",0.015845983827136,"hepatocyte+proliferation+immune_pan",0.6114732841764,TRUE,FALSE,6.0852152964252e-07,0.153647443650262
"GSE76427","HCC","REACTOME_CARBOXYTERMINAL_POST_TRANSLATIONAL_MODIFICATIONS_OF_TUBULIN","C_v1",167,0.898290917271017,2.57262083865502e-07,0.567255733435052,0.0109488670438312,3,1.31134985371915,0.475149031469708,"proliferation",0.0333072253142511,"hepatocyte+proliferation+immune_pan",0.368516677026681,TRUE,TRUE,3.75173872303857e-07,0.0153284138613637
"GSE76427","HCC","HALLMARK_MYC_TARGETS_V1","C_v1",167,1.91403508510327,1.0107140534346e-22,1.01697178883898,7.96627846741551e-06,3,1.31134985371915,0.997912030489942,"proliferation",6.20284772538571e-06,"hepatocyte+proliferation+immune_pan",0.468676516562336,TRUE,TRUE,1.1791663956737e-21,2.90552067735989e-05
"GSE76427","HCC","REACTOME_REGULATION_OF_PD_L1_CD274_POST_TRANSLATIONAL_MODIFICATION","C_v1",167,1.7328500249827,1.02820003116352e-19,1.14431357129898,6.15302501559038e-07,3,1.31134985371915,1.23884632875466,"proliferation",3.48387517853193e-08,"hepatocyte+proliferation+immune_pan",0.339634962748491,TRUE,TRUE,8.99675027268078e-19,4.30711751091326e-06
"GSE76427","HCC","REACTOME_DENGUE_VIRUS_GENOME_TRANSLATION_AND_REPLICATION","C_v1",167,1.66894319231926,1.14861140390614e-18,0.930154515852759,4.04640383819081e-05,3,1.31134985371915,0.900748601864415,"proliferation",4.60860960381178e-05,"hepatocyte+proliferation+immune_pan",0.442668558083056,TRUE,TRUE,8.04027982734297e-18,0.000118020111947232
"GSE76427","HCC","REACTOME_RESPIRATORY_SYNCYTIAL_VIRUS_RSV_GENOME_REPLICATION_TRANSCRIPTION_AND_TRANSLATION","C_v1",167,1.40348063309401,1.97928273788527e-14,0.776713676677282,0.000551843872412867,3,1.31134985371915,0.77533776933763,"proliferation",0.000387239849912487,"hepatocyte+proliferation+immune_pan",0.446580409902061,TRUE,TRUE,7.69721064733159e-14,0.00107302975191391
"GSE76427","HCC","HALLMARK_MYC_TARGETS_V2","C_v1",167,0.578473353949267,0.000683827710156027,0.208567493234425,0.345353702032134,3,1.31134985371915,0.152723967840313,"proliferation",0.473556191665095,"hepatocyte+proliferation+immune_pan",0.639451857530647,TRUE,FALSE,0.000825309305360722,0.389915470036281
"GSE76427","HCC","REACTOME_SARS_COV_2_MODULATES_HOST_TRANSLATION_MACHINERY","C_v1",167,1.25710273393741,3.28465607056312e-12,0.850691931402126,0.000163414632665583,3,1.31134985371915,0.853733846356008,"proliferation",8.71896304843906e-05,"hepatocyte+proliferation+immune_pan",0.323291638434637,TRUE,TRUE,8.84330480536224e-12,0.000361387194970327
"GSE76427","HCC","REACTOME_REGULATION_OF_CDH1_POSTTRANSLATIONAL_PROCESSING_AND_TRAFFICKING_TO_PLASMA_MEMBRANE","C_v1",167,0.326830014918858,0.0521829266847358,0.129055611514423,0.558955355134946,3,1.31134985371915,0.199294733348533,"proliferation",0.35073459057884,"hepatocyte+proliferation+immune_pan",0.605129254892752,TRUE,FALSE,0.0589162075472823,0.611357419678848
"GSE76427","HCC","REACTOME_TRANSLATION_OF_SARS_COV_2_STRUCTURAL_PROTEINS","C_v1",167,1.23793942529593,6.29754292899611e-12,0.917846420497581,5.05253455642441e-05,3,1.31134985371915,0.890821794295279,"proliferation",4.51300438820353e-05,"hepatocyte+proliferation+immune_pan",0.258569198344926,TRUE,TRUE,1.57438573224903e-11,0.000136029776519119
"GSE76427","HCC","REACTOME_SARS_COV_1_MODULATES_HOST_TRANSLATION_MACHINERY","C_v1",167,0.813582968890647,2.6141223632456e-06,0.58785215637524,0.00841907086337285,3,1.31134985371915,0.522385273776489,"proliferation",0.0152656153528929,"hepatocyte+proliferation+immune_pan",0.277452725962541,TRUE,TRUE,3.38867713754059e-06,0.0122778116757521
"GSE76427","HCC","HALLMARK_MTORC1_SIGNALING","C_v1",167,0.87373740424932,5.11675391142731e-07,-0.0918131118862302,0.677512721618871,3,1.31134985371915,-0.310587162613055,"proliferation",0.172462650733172,"hepatocyte+proliferation+immune_pan",1.10508089895168,FALSE,FALSE,6.88793795769061e-07,0.718574098686681
"GSE76427","HCC","REACTOME_TRANSLATION_OF_REPLICASE_AND_ASSEMBLY_OF_THE_REPLICATION_TRANSCRIPTION_COMPLEX","C_v1",167,0.998102636131848,1.39145899376766e-08,0.666700458112233,0.00289012794517051,3,1.31134985371915,0.636503053843206,"proliferation",0.0034900215264,"hepatocyte+proliferation+immune_pan",0.332032163850368,TRUE,TRUE,2.11743759921165e-08,0.00459793082186217
"GSE76427","HCC","REACTOME_REGULATION_OF_CDH1_MRNA_TRANSLATION_BY_MICRORNAS","C_v1",167,-0.306436617917519,0.0684972105996651,0.0533880221446404,0.808889186516334,3,1.31134985371915,0.0030281251774237,"proliferation",0.988716456609934,"hepatocyte+proliferation+immune_pan",1.17422207080686,FALSE,FALSE,0.0749188240933837,0.808889186516334
"GSE76427","HCC","REACTOME_POST_TRANSLATIONAL_MODIFICATION_SYNTHESIS_OF_GPI_ANCHORED_PROTEINS","C_v1",167,0.283674677812755,0.0914851452962477,0.322658312778544,0.145103862220053,3,1.31134985371915,0.435816429626797,"endothelial",0.00993467851603708,"hepatocyte+proliferation+immune_pan",-0.137423739286032,TRUE,FALSE,0.0970296995566263,0.175125350955237
"GSE76427","HCC","REACTOME_TRANSCRIPTIONAL_AND_POST_TRANSLATIONAL_REGULATION_OF_MITF_M_EXPRESSION_AND_ACTIVITY","C_v1",167,0.49963331302218,0.00321895010956604,0.506662832731499,0.0227796934063501,3,1.31134985371915,0.233165159114403,"proliferation",0.306115052260806,"hepatocyte+proliferation+immune_pan",-0.0140693575190161,TRUE,TRUE,0.00375544179449371,0.0306649718931636
"GSE76427","HCC","REACTOME_TRANSLATION_OF_SARS_COV_1_STRUCTURAL_PROTEINS","C_v1",167,0.0511041778459122,0.760136365106673,0.272328132663027,0.218350604944592,3,1.31134985371915,0.184872376883303,"lymphocyte",0.299705941244717,"hepatocyte+proliferation+immune_pan",-4.3288819846421,TRUE,FALSE,0.760136365106673,0.254742372435357
"GSE141910","HF","KEGG_RIBOSOME","A",366,0.329230212690024,0.00185415847797982,-0.0439603978585346,0.729582664072232,3,1.93917884957759,-0.102059283856383,"lymphocyte",0.443057952801394,"cardiomyocyte+fibroblast+immune_pan",1.13352479864879,FALSE,FALSE,0.00506803317314483,0.766997159665679
"GSE141910","HF","KEGG_AMINOACYL_TRNA_BIOSYNTHESIS","A",366,0.106417403953017,0.311475230485442,0.497280129042961,0.000108778990499857,3,1.93917884957759,0.578408827385998,"fibroblast",1.54185046644661e-05,"cardiomyocyte+fibroblast+immune_pan",-3.67292106902466,TRUE,TRUE,0.386984377269792,0.000371661550874512
"GSE141910","HF","REACTOME_TRANSLATION","A",366,0.0683203447670896,0.515652863349042,0.0185535819100339,0.883996192187981,3,1.93917884957759,-0.126682299622022,"lymphocyte",0.341308924272087,"cardiomyocyte+fibroblast+immune_pan",0.72843254855805,TRUE,FALSE,0.587271316591965,0.883996192187981
"GSE141910","HF","REACTOME_EUKARYOTIC_TRANSLATION_INITIATION","A",366,0.203835324874899,0.0529850527027639,-0.155593897221442,0.221579038546039,3,1.93917884957759,-0.225306031715225,"lymphocyte",0.0906980452619229,"cardiomyocyte+fibroblast+immune_pan",1.76333136720505,FALSE,FALSE,0.0775852557433328,0.297641831425147
"GSE141910","HF","REACTOME_EUKARYOTIC_TRANSLATION_ELONGATION","A",366,0.333839432098609,0.00160146640872026,-0.0554183850167892,0.6630116916358,3,1.93917884957759,-0.0931400978792926,"lymphocyte",0.484908868067079,"cardiomyocyte+fibroblast+immune_pan",1.16600311313859,FALSE,FALSE,0.00469000876839504,0.715354719922837
"GSE141910","HF","REACTOME_TRNA_AMINOACYLATION","A",366,0.023249004262856,0.824883230619063,0.272652871862623,0.0325667544915886,3,1.93917884957759,0.363871498430802,"fibroblast",0.00568202585869934,"cardiomyocyte+fibroblast+immune_pan",-10.7275075001053,TRUE,TRUE,0.855608802926578,0.0667618467077566
"GSE141910","HF","REACTOME_CYTOSOLIC_TRNA_AMINOACYLATION","A",366,-0.444595299417117,2.90543098620006e-05,-0.638887607487635,7.83095817746693e-07,3,1.93917884957759,-0.657484896940101,"cardiomyocyte",1.64721547658355e-08,"cardiomyocyte+fibroblast+immune_pan",-0.437009361829158,TRUE,TRUE,0.000108293336758366,4.0133660659518e-06
"GSE141910","HF","REACTOME_RRNA_PROCESSING","A",366,-0.0146431889895496,0.889160113495652,-0.24491047353156,0.0547220325364373,3,1.93917884957759,-0.300928571001492,"lymphocyte",0.024437948202729,"cardiomyocyte+fibroblast+immune_pan",-15.725214275821,TRUE,FALSE,0.889160113495652,0.101981969726997
"GSE141910","HF","REACTOME_SRP_DEPENDENT_COTRANSLATIONAL_PROTEIN_TARGETING_TO_MEMBRANE","A",366,0.227552985716921,0.0308629391946067,-0.178124253014906,0.161846417481276,3,1.93917884957759,-0.228196275905368,"lymphocyte",0.0898116041870558,"cardiomyocyte+fibroblast+immune_pan",1.78278143639255,FALSE,FALSE,0.0550165437816903,0.25521935064355
"GSE141910","HF","REACTOME_RIBOSOME_ASSOCIATED_QUALITY_CONTROL","A",366,0.184371234537972,0.0799313712527785,-0.0938849270891029,0.460488611699523,3,1.93917884957759,-0.1671301648191,"lymphocyte",0.207415109633592,"cardiomyocyte+fibroblast+immune_pan",1.50921678386748,FALSE,FALSE,0.113006421426342,0.555295090578836
"GSE141910","HF","REACTOME_RIBOSOME_QUALITY_CONTROL_RQC_COMPLEX_EXTRACTS_AND_DEGRADES_NASCENT_PEPTIDE","A",366,0.0892622991644723,0.395799442231405,-0.129602823180086,0.308450913993694,3,1.93917884957759,-0.238424242894172,"lymphocyte",0.0716080787074467,"cardiomyocyte+fibroblast+immune_pan",2.45193238795343,FALSE,FALSE,0.477287562690812,0.39520273355442
"GSE141910","HF","REACTOME_MITOCHONDRIAL_TRANSLATION","A",366,0.0653380545613653,0.534139036986328,0.158230067174277,0.213865687107533,3,1.93917884957759,-0.113671813166913,"proliferation",0.318463887543285,"cardiomyocyte+fibroblast+immune_pan",-1.42171378129522,TRUE,FALSE,0.591883797741607,0.297641831425147
"GSE141910","HF","REACTOME_MITOCHONDRIAL_TRANSLATION_ELONGATION","A",366,0.115539176337232,0.271877138386604,0.154430421064854,0.225046262784868,3,1.93917884957759,-0.0534483572204809,"proliferation",0.638278981468743,"cardiomyocyte+fibroblast+immune_pan",-0.336606560307365,TRUE,FALSE,0.348342583557836,0.297641831425147
"GSE141910","HF","REACTOME_MITOCHONDRIAL_TRNA_AMINOACYLATION","A",366,0.511499310823217,1.65434373393847e-06,1.24837720908043,2.41774087523911e-20,3,1.93917884957759,1.31228014494956,"fibroblast",1.31107008852727e-20,"cardiomyocyte+fibroblast+immune_pan",-1.44062344301357,TRUE,TRUE,7.5364547879419e-06,2.47818439712009e-19
"GSE141910","HF","REACTOME_RRNA_PROCESSING_IN_THE_MITOCHONDRION","A",366,-0.220071585231045,0.0367717642516301,0.126038108606944,0.321928161282533,3,1.93917884957759,0.201067051638502,"fibroblast",0.119793324245732,"cardiomyocyte+fibroblast+immune_pan",1.57271413969514,FALSE,FALSE,0.0580119499676428,0.399971351896481
"GSE141910","HF","REACTOME_TRNA_PROCESSING","B_extra",366,-0.671890242090977,4.80938767252133e-10,-0.257516342965664,0.0434442535992769,3,1.93917884957759,-0.198858201757614,"fibroblast",0.119706054716429,"cardiomyocyte+fibroblast+immune_pan",0.616728556491232,TRUE,TRUE,3.94369789146749e-09,0.0848197332176358
"GSE141910","HF","REACTOME_TRNA_PROCESSING_IN_THE_NUCLEUS","B_extra",366,-0.465661196361602,1.22082083246526e-05,-0.0743544784708715,0.558821275904174,3,1.93917884957759,-0.053227494889361,"fibroblast",0.673112150742913,"cardiomyocyte+fibroblast+immune_pan",0.840324942142844,TRUE,FALSE,5.00536541310755e-05,0.637962174793524
"GSE141910","HF","REACTOME_TRNA_MODIFICATION_IN_THE_NUCLEUS_AND_CYTOSOL","B_extra",366,-0.568396629155518,1.12396840590829e-07,-0.277510443470041,0.029613847599594,3,1.93917884957759,-0.200851147053033,"fibroblast",0.119207536831221,"cardiomyocyte+fibroblast+immune_pan",0.511766204732168,TRUE,TRUE,6.58324352031998e-07,0.0639035658728082
"GSE141910","HF","REACTOME_RRNA_MODIFICATION_IN_THE_NUCLEUS_AND_CYTOSOL","B_extra",366,-0.253708232697616,0.0161675594080473,-0.474274859920214,0.000220311634728033,3,1.93917884957759,-0.468690159830154,"cardiomyocyte",5.59085641693914e-05,"cardiomyocyte+fibroblast+immune_pan",-0.869371186253468,TRUE,TRUE,0.0315652350347591,0.000645198358846383
"GSE141910","HF","REACTOME_TRNA_MODIFICATION_IN_THE_MITOCHONDRION","B_extra",366,-0.832634386612068,2.7146743530038e-14,-0.486896917182422,0.000150088300458622,3,1.93917884957759,-0.420679165313624,"fibroblast",0.00108341744024797,"cardiomyocyte+fibroblast+immune_pan",0.415233234404873,TRUE,TRUE,2.7825412118289e-13,0.00047335540913873
"GSE141910","HF","REACTOME_TRNA_PROCESSING_IN_THE_MITOCHONDRION","B_extra",366,-0.282679910754302,0.00742396242078858,-0.195935033010068,0.123968650263819,3,1.93917884957759,-0.111566139766061,"fibroblast",0.38904271439026,"cardiomyocyte+fibroblast+immune_pan",0.306866085788567,TRUE,FALSE,0.0152191229626166,0.211779777534023
"GSE141910","HF","REACTOME_CARBOXYTERMINAL_POST_TRANSLATIONAL_MODIFICATIONS_OF_TUBULIN","C_v1",366,-1.12773766366167,1.46535004848764e-23,-1.53760642400985,1.59061020420923e-28,3,1.93917884957759,-1.4651356327641,"cardiomyocyte",1.22422073555139e-31,"cardiomyocyte+fibroblast+immune_pan",-0.363443355272328,TRUE,TRUE,6.00793519879931e-22,3.26075091862891e-27
"GSE141910","HF","HALLMARK_MYC_TARGETS_V1","C_v1",366,-0.209933674700326,0.0463025327756699,-0.460548005697702,0.000331319455356626,3,1.93917884957759,-0.47911306667278,"lymphocyte",0.000367864440000544,"cardiomyocyte+fibroblast+immune_pan",-1.19377861296011,TRUE,TRUE,0.0703112534741653,0.000905606511308111
"GSE141910","HF","REACTOME_REGULATION_OF_PD_L1_CD274_POST_TRANSLATIONAL_MODIFICATION","C_v1",366,-0.220052418361091,0.0367880658331394,-0.155734344747095,0.221163111032878,3,1.93917884957759,-0.0666248280157908,"fibroblast",0.608229607847168,"cardiomyocyte+fibroblast+immune_pan",0.292285238640069,TRUE,FALSE,0.0580119499676428,0.297641831425147
"GSE141910","HF","REACTOME_DENGUE_VIRUS_GENOME_TRANSLATION_AND_REPLICATION","C_v1",366,-0.225012226517535,0.0327706453910547,-0.572931041963289,8.82845758028084e-06,3,1.93917884957759,-0.515617594728595,"fibroblast",6.7713853010831e-05,"cardiomyocyte+fibroblast+immune_pan",-1.54622182461112,TRUE,TRUE,0.0559831858763851,3.61966760791514e-05
"GSE141910","HF","REACTOME_RESPIRATORY_SYNCYTIAL_VIRUS_RSV_GENOME_REPLICATION_TRANSCRIPTION_AND_TRANSLATION","C_v1",366,-0.417471290609208,8.45217353266946e-05,-0.75266159612211,7.36665497151271e-09,3,1.93917884957759,-0.78074892486341,"lymphocyte",1.63293439568061e-08,"cardiomyocyte+fibroblast+immune_pan",-0.802906243022757,TRUE,TRUE,0.000286559927651906,4.31475505474316e-08
"GSE141910","HF","HALLMARK_MYC_TARGETS_V2","C_v1",366,-0.301185108657415,0.00436400759629471,-0.591292889291014,4.59538249738385e-06,3,1.93917884957759,-0.556281278673516,"cardiomyocyte",1.81150963633377e-06,"cardiomyocyte+fibroblast+immune_pan",-0.963220864161594,TRUE,TRUE,0.0105249594969461,2.09345202658598e-05
"GSE141910","HF","REACTOME_SARS_COV_2_MODULATES_HOST_TRANSLATION_MACHINERY","C_v1",366,0.291450587690432,0.00579045458656694,0.0323448168638268,0.799223809669785,3,1.93917884957759,-0.0862323827610755,"lymphocyte",0.51298138784005,"cardiomyocyte+fibroblast+immune_pan",0.889021267309358,TRUE,FALSE,0.012495191476276,0.819204404911529
"GSE141910","HF","REACTOME_REGULATION_OF_CDH1_POSTTRANSLATIONAL_PROCESSING_AND_TRAFFICKING_TO_PLASMA_MEMBRANE","C_v1",366,-0.0219205267529088,0.834740295538125,-0.54587105331649,2.24107159069397e-05,3,1.93917884957759,-0.461584138799278,"fibroblast",0.000489938320191367,"cardiomyocyte+fibroblast+immune_pan",-23.9022781007785,TRUE,TRUE,0.855608802926578,8.35308501985935e-05
"GSE141910","HF","REACTOME_TRANSLATION_OF_SARS_COV_2_STRUCTURAL_PROTEINS","C_v1",366,-0.520474324419028,1.09895207091704e-06,-1.29673813846982,1.18991398713876e-21,3,1.93917884957759,-1.293454599886,"fibroblast",8.47366831158875e-22,"cardiomyocyte+fibroblast+immune_pan",-1.49145457831621,TRUE,TRUE,5.63212936344984e-06,1.62621578242298e-20
"GSE141910","HF","REACTOME_SARS_COV_1_MODULATES_HOST_TRANSLATION_MACHINERY","C_v1",366,0.415582257841514,9.08604648652386e-05,0.0677191242396149,0.594417183999309,3,1.93917884957759,0.0205058448891434,"lymphocyte",0.87658102021371,"cardiomyocyte+fibroblast+immune_pan",0.837050011250865,TRUE,FALSE,0.000286559927651906,0.658678501188423
"GSE141910","HF","HALLMARK_MTORC1_SIGNALING","C_v1",366,-0.933804248482346,2.80119817306114e-17,-1.65818805163734,3.77021262344341e-32,3,1.93917884957759,-1.59999596970853,"fibroblast",1.22866344391785e-28,"cardiomyocyte+fibroblast+immune_pan",-0.775734105228471,TRUE,TRUE,3.82830416985022e-16,1.5457871756118e-30
"GSE141910","HF","REACTOME_TRANSLATION_OF_REPLICASE_AND_ASSEMBLY_OF_THE_REPLICATION_TRANSCRIPTION_COMPLEX","C_v1",366,-0.654455475592778,1.26581210050619e-09,-0.34592582381056,0.00679774729866088,3,1.93917884957759,-0.337819107002635,"fibroblast",0.00801264005999954,"cardiomyocyte+fibroblast+immune_pan",0.471429552182699,TRUE,TRUE,8.64971602012566e-09,0.0174192274528185
"GSE141910","HF","REACTOME_REGULATION_OF_CDH1_MRNA_TRANSLATION_BY_MICRORNAS","C_v1",366,-0.244828517363729,0.0202563921840504,-0.0741009741089946,0.560161909574801,3,1.93917884957759,0.0217220704628541,"lymphocyte",0.868324052473296,"cardiomyocyte+fibroblast+immune_pan",0.697335200544034,TRUE,FALSE,0.0377505490702758,0.637962174793524
"GSE141910","HF","REACTOME_POST_TRANSLATIONAL_MODIFICATION_SYNTHESIS_OF_GPI_ANCHORED_PROTEINS","C_v1",366,-0.295380015778462,0.00517032310671273,-0.8154603938739,4.36120878172486e-10,3,1.93917884957759,-1.14921659687131,"lymphocyte",1.32738601631911e-15,"cardiomyocyte+fibroblast+immune_pan",-1.76071619714958,TRUE,TRUE,0.0117768470764012,2.98015933417866e-09
"GSE141910","HF","REACTOME_TRANSCRIPTIONAL_AND_POST_TRANSLATIONAL_REGULATION_OF_MITF_M_EXPRESSION_AND_ACTIVITY","C_v1",366,-1.08115568466195,5.4182402481615e-22,-1.21383810756659,1.99737382594088e-19,3,1.93917884957759,-0.912163049976994,"proliferation",7.24807104817342e-15,"cardiomyocyte+fibroblast+immune_pan",-0.122722772295394,TRUE,TRUE,1.11073925087311e-20,1.63784653727152e-18
"GSE141910","HF","REACTOME_REGULATION_OF_CDH11_MRNA_TRANSLATION_BY_MICRORNAS","C_v1",366,0.0722630193044878,0.491735350289029,0.170714162592938,0.179971834760949,3,1.93917884957759,0.380756687799449,"lymphocyte",0.00378762852183647,"cardiomyocyte+fibroblast+immune_pan",-1.36240008009651,TRUE,FALSE,0.576032838910005,0.273290563896257
"GSE141910","HF","REACTOME_TRANSLATION_OF_SARS_COV_1_STRUCTURAL_PROTEINS","C_v1",366,0.320693461499252,0.00242162768181724,-0.31882027570341,0.0125456781403526,3,1.93917884957759,-0.269812502884007,"fibroblast",0.0360558310514115,"cardiomyocyte+fibroblast+immune_pan",1.99415895233072,FALSE,FALSE,0.00620542093465669,0.0302572237502621
"GSE141910","HF","REACTOME_REGULATION_OF_PTEN_MRNA_TRANSLATION","C_v1",366,-0.123800496088275,0.239128220480222,0.196565901808439,0.122766755215664,3,1.93917884957759,0.234962825630762,"lymphocyte",0.0769836028738676,"cardiomyocyte+fibroblast+immune_pan",2.58776344214549,FALSE,FALSE,0.316266356119003,0.211779777534023
"GSE141910","HF","REACTOME_REGULATION_OF_NPAS4_MRNA_TRANSLATION","C_v1",366,-0.0454139749987448,0.665611105280097,0.297611589016837,0.019719957903254,3,1.93917884957759,0.341289051284167,"lymphocyte",0.0106034837225479,"cardiomyocyte+fibroblast+immune_pan",7.55330411013487,FALSE,FALSE,0.718159350433789,0.0449176818907452
"GSE141910","HF","REACTOME_REGULATION_OF_PD_L1_CD274_TRANSLATION","C_v1",366,-0.150535587238678,0.152507462822139,0.189119886477634,0.137547485024451,3,1.93917884957759,0.285301483426898,"lymphocyte",0.0306946933282459,"cardiomyocyte+fibroblast+immune_pan",2.25631347342326,FALSE,FALSE,0.208426865856923,0.2255778754401
