"set","g_HCC","g_HF","hcc_solid","hf_solid","mirror","same_direction","hcc_cohort","hf_cohort","tier","cluster"
"KEGG_RIBOSOME",0.639288751682723,-0.446175186831,TRUE,TRUE,TRUE,FALSE,"TCGA_LIHC","GSE57338","A",1
"KEGG_AMINOACYL_TRNA_BIOSYNTHESIS",1.02430101018155,-0.207952954215918,TRUE,FALSE,FALSE,FALSE,"TCGA_LIHC","GSE57338","A",2
"REACTOME_TRANSLATION",0.686176973896633,-0.537688529945398,TRUE,TRUE,TRUE,FALSE,"TCGA_LIHC","GSE57338","A",3
"REACTOME_EUKARYOTIC_TRANSLATION_INITIATION",0.733626076769412,-0.649495615377207,TRUE,TRUE,TRUE,FALSE,"TCGA_LIHC","GSE57338","A",1
"REACTOME_EUKARYOTIC_TRANSLATION_ELONGATION",0.879727980815916,-0.474568339830354,TRUE,TRUE,TRUE,FALSE,"TCGA_LIHC","GSE57338","A",1
"REACTOME_TRNA_AMINOACYLATION",1.11919158020144,-0.361188071082379,TRUE,TRUE,TRUE,FALSE,"TCGA_LIHC","GSE57338","A",2
"REACTOME_CYTOSOLIC_TRNA_AMINOACYLATION",1.17294078484471,-0.917707136609953,TRUE,TRUE,TRUE,FALSE,"TCGA_LIHC","GSE57338","A",2
"REACTOME_RRNA_PROCESSING",0.834218101585005,-0.809420186729634,TRUE,TRUE,TRUE,FALSE,"TCGA_LIHC","GSE57338","A",1
"REACTOME_SRP_DEPENDENT_COTRANSLATIONAL_PROTEIN_TARGETING_TO_MEMBRANE",0.856432935934094,-0.605682874323055,TRUE,TRUE,TRUE,FALSE,"TCGA_LIHC","GSE57338","A",1
"REACTOME_RIBOSOME_ASSOCIATED_QUALITY_CONTROL",0.966904310508323,-0.597886496485464,TRUE,TRUE,TRUE,FALSE,"TCGA_LIHC","GSE57338","A",1
"REACTOME_RIBOSOME_QUALITY_CONTROL_RQC_COMPLEX_EXTRACTS_AND_DEGRADES_NASCENT_PEPTIDE",1.10025386773662,-0.550739987864988,TRUE,TRUE,TRUE,FALSE,"TCGA_LIHC","GSE57338","A",1
"REACTOME_MITOCHONDRIAL_TRANSLATION",0.123428908176211,-0.0880274616059987,FALSE,FALSE,FALSE,FALSE,"TCGA_LIHC","GSE57338","A",4
"REACTOME_MITOCHONDRIAL_TRANSLATION_ELONGATION",0.176389020315996,-0.0810092494355517,FALSE,FALSE,FALSE,FALSE,"TCGA_LIHC","GSE57338","A",4
"REACTOME_MITOCHONDRIAL_TRNA_AMINOACYLATION",0.655861970768873,0.556884826349847,TRUE,TRUE,FALSE,TRUE,"TCGA_LIHC","GSE57338","A",2
"REACTOME_RRNA_PROCESSING_IN_THE_MITOCHONDRION",-0.257704882304727,-0.100292773999306,TRUE,FALSE,FALSE,TRUE,"TCGA_LIHC","GSE57338","A",5
"REACTOME_CARBOXYTERMINAL_POST_TRANSLATIONAL_MODIFICATIONS_OF_TUBULIN",1.68086054178355,-0.648617464680227,TRUE,TRUE,TRUE,FALSE,"TCGA_LIHC","GSE57338","C",10
"HALLMARK_MYC_TARGETS_V1",1.46006760473485,-0.850066433665979,TRUE,TRUE,TRUE,FALSE,"TCGA_LIHC","GSE57338","C",11
"REACTOME_CYTOSOLIC_TRNA_AMINOACYLATION",1.17294078484471,-0.917707136609953,TRUE,TRUE,TRUE,FALSE,"TCGA_LIHC","GSE57338","C",2
"REACTOME_TRNA_AMINOACYLATION",1.11919158020144,-0.361188071082379,TRUE,TRUE,TRUE,FALSE,"TCGA_LIHC","GSE57338","C",2
"REACTOME_RIBOSOME_QUALITY_CONTROL_RQC_COMPLEX_EXTRACTS_AND_DEGRADES_NASCENT_PEPTIDE",1.10025386773662,-0.550739987864988,TRUE,TRUE,TRUE,FALSE,"TCGA_LIHC","GSE57338","C",1
"REACTOME_RIBOSOME_ASSOCIATED_QUALITY_CONTROL",0.966904310508323,-0.597886496485464,TRUE,TRUE,TRUE,FALSE,"TCGA_LIHC","GSE57338","C",1
"REACTOME_REGULATION_OF_PD_L1_CD274_POST_TRANSLATIONAL_MODIFICATION",1.02963484100369,-0.591932108942626,TRUE,TRUE,TRUE,FALSE,"TCGA_LIHC","GSE57338","C",12
"REACTOME_DENGUE_VIRUS_GENOME_TRANSLATION_AND_REPLICATION",1.06529128145273,-0.775300974029769,TRUE,TRUE,TRUE,FALSE,"TCGA_LIHC","GSE57338","C",13
"REACTOME_RESPIRATORY_SYNCYTIAL_VIRUS_RSV_GENOME_REPLICATION_TRANSCRIPTION_AND_TRANSLATION",1.34753689378947,-1.09665851905017,TRUE,TRUE,TRUE,FALSE,"TCGA_LIHC","GSE57338","C",14
"HALLMARK_MYC_TARGETS_V2",0.959209506658879,-1.20480730014332,TRUE,TRUE,TRUE,FALSE,"TCGA_LIHC","GSE57338","C",15
"REACTOME_EUKARYOTIC_TRANSLATION_ELONGATION",0.879727980815916,-0.474568339830354,TRUE,TRUE,TRUE,FALSE,"TCGA_LIHC","GSE57338","C",1
"REACTOME_SRP_DEPENDENT_COTRANSLATIONAL_PROTEIN_TARGETING_TO_MEMBRANE",0.856432935934094,-0.605682874323055,TRUE,TRUE,TRUE,FALSE,"TCGA_LIHC","GSE57338","C",1
"REACTOME_RRNA_PROCESSING",0.834218101585005,-0.809420186729634,TRUE,TRUE,TRUE,FALSE,"TCGA_LIHC","GSE57338","C",1
"REACTOME_SARS_COV_2_MODULATES_HOST_TRANSLATION_MACHINERY",0.82007402532037,-0.628718630841958,TRUE,TRUE,TRUE,FALSE,"TCGA_LIHC","GSE57338","C",16
"REACTOME_REGULATION_OF_CDH1_POSTTRANSLATIONAL_PROCESSING_AND_TRAFFICKING_TO_PLASMA_MEMBRANE",0.606617810600682,-1.19490180372747,TRUE,TRUE,TRUE,FALSE,"TCGA_LIHC","GSE57338","C",17
"REACTOME_TRANSLATION_OF_SARS_COV_2_STRUCTURAL_PROTEINS",0.758734922103297,-1.21720018277913,TRUE,TRUE,TRUE,FALSE,"TCGA_LIHC","GSE57338","C",18
"REACTOME_EUKARYOTIC_TRANSLATION_INITIATION",0.733626076769412,-0.649495615377207,TRUE,TRUE,TRUE,FALSE,"TCGA_LIHC","GSE57338","C",1
"REACTOME_TRANSLATION",0.686176973896633,-0.537688529945398,TRUE,TRUE,TRUE,FALSE,"TCGA_LIHC","GSE57338","C",3
"REACTOME_SARS_COV_1_MODULATES_HOST_TRANSLATION_MACHINERY",0.547351921768928,-0.532068916380157,TRUE,TRUE,TRUE,FALSE,"TCGA_LIHC","GSE57338","C",16
"HALLMARK_MTORC1_SIGNALING",0.574208937374059,-0.99810012282354,TRUE,TRUE,TRUE,FALSE,"TCGA_LIHC","GSE57338","C",19
"REACTOME_MITOCHONDRIAL_TRNA_AMINOACYLATION",0.655861970768873,0.556884826349847,TRUE,TRUE,FALSE,TRUE,"TCGA_LIHC","GSE57338","C",2
"REACTOME_TRANSLATION_OF_REPLICASE_AND_ASSEMBLY_OF_THE_REPLICATION_TRANSCRIPTION_COMPLEX",-0.506532917615453,0.0458721373958686,TRUE,FALSE,FALSE,FALSE,"TCGA_LIHC","GSE57338","C",20
"REACTOME_REGULATION_OF_CDH1_MRNA_TRANSLATION_BY_MICRORNAS",-0.5947127695867,-0.286945741565631,TRUE,TRUE,FALSE,TRUE,"TCGA_LIHC","GSE57338","C",21
"REACTOME_POST_TRANSLATIONAL_MODIFICATION_SYNTHESIS_OF_GPI_ANCHORED_PROTEINS",-0.24283356890066,-0.523649919080521,TRUE,TRUE,FALSE,TRUE,"TCGA_LIHC","GSE57338","C",22
"REACTOME_TRANSCRIPTIONAL_AND_POST_TRANSLATIONAL_REGULATION_OF_MITF_M_EXPRESSION_AND_ACTIVITY",0.475410234259072,-1.75488835867456,TRUE,TRUE,TRUE,FALSE,"TCGA_LIHC","GSE57338","C",23
"REACTOME_REGULATION_OF_CDH11_MRNA_TRANSLATION_BY_MICRORNAS",0.351989716953209,0.31084447962485,TRUE,TRUE,FALSE,TRUE,"TCGA_LIHC","GSE57338","C",21
"REACTOME_TRANSLATION_OF_SARS_COV_1_STRUCTURAL_PROTEINS",0.148326244312284,-1.09420283502956,FALSE,TRUE,FALSE,FALSE,"TCGA_LIHC","GSE57338","C",18
"REACTOME_REGULATION_OF_PTEN_MRNA_TRANSLATION",-0.0213259418859418,0.155487249228741,FALSE,FALSE,FALSE,FALSE,"TCGA_LIHC","GSE57338","C",21
"REACTOME_MITOCHONDRIAL_TRANSLATION_ELONGATION",0.176389020315996,-0.0810092494355517,FALSE,FALSE,FALSE,FALSE,"TCGA_LIHC","GSE57338","C",4
"REACTOME_RRNA_PROCESSING_IN_THE_MITOCHONDRION",-0.257704882304727,-0.100292773999306,TRUE,FALSE,FALSE,TRUE,"TCGA_LIHC","GSE57338","C",5
"REACTOME_REGULATION_OF_NPAS4_MRNA_TRANSLATION",0.156065099220077,0.20695266605064,FALSE,FALSE,FALSE,TRUE,"TCGA_LIHC","GSE57338","C",21
"REACTOME_MITOCHONDRIAL_TRANSLATION",0.123428908176211,-0.0880274616059987,FALSE,FALSE,FALSE,FALSE,"TCGA_LIHC","GSE57338","C",4
"REACTOME_REGULATION_OF_PD_L1_CD274_TRANSLATION",-0.0329300972234152,-0.0831727501825109,FALSE,FALSE,FALSE,TRUE,"TCGA_LIHC","GSE57338","C",21
"KEGG_RIBOSOME",1.0131008462981,0.223627262267888,TRUE,FALSE,FALSE,TRUE,"GSE76427","GSE116250","A",1
"KEGG_AMINOACYL_TRNA_BIOSYNTHESIS",1.04191025365059,0.2177213841575,TRUE,FALSE,FALSE,TRUE,"GSE76427","GSE116250","A",2
"REACTOME_TRANSLATION",1.60342306242861,-0.441646909989657,TRUE,FALSE,FALSE,FALSE,"GSE76427","GSE116250","A",3
"REACTOME_EUKARYOTIC_TRANSLATION_INITIATION",1.20620030317099,-0.0490738614247328,TRUE,FALSE,FALSE,FALSE,"GSE76427","GSE116250","A",1
"REACTOME_EUKARYOTIC_TRANSLATION_ELONGATION",1.18903703554025,0.40748970515398,TRUE,FALSE,FALSE,TRUE,"GSE76427","GSE116250","A",1
"REACTOME_TRNA_AMINOACYLATION",1.37700863721871,0.104448646343126,TRUE,FALSE,FALSE,TRUE,"GSE76427","GSE116250","A",2
"REACTOME_RRNA_PROCESSING",1.2649456079132,-0.0274840524588761,TRUE,FALSE,FALSE,FALSE,"GSE76427","GSE116250","A",1
"REACTOME_SRP_DEPENDENT_COTRANSLATIONAL_PROTEIN_TARGETING_TO_MEMBRANE",1.34149994683462,0.362665791167279,TRUE,FALSE,FALSE,TRUE,"GSE76427","GSE116250","A",1
"REACTOME_RIBOSOME_ASSOCIATED_QUALITY_CONTROL",1.41204789301759,0.304724504441181,TRUE,FALSE,FALSE,TRUE,"GSE76427","GSE116250","A",1
"REACTOME_RIBOSOME_QUALITY_CONTROL_RQC_COMPLEX_EXTRACTS_AND_DEGRADES_NASCENT_PEPTIDE",1.53024076589165,0.209983483760596,TRUE,FALSE,FALSE,TRUE,"GSE76427","GSE116250","A",1
"REACTOME_MITOCHONDRIAL_TRANSLATION",1.08089277691343,-0.894664701318107,TRUE,TRUE,TRUE,FALSE,"GSE76427","GSE116250","A",4
"REACTOME_MITOCHONDRIAL_TRANSLATION_ELONGATION",1.10378359388759,-0.728381896607365,TRUE,TRUE,TRUE,FALSE,"GSE76427","GSE116250","A",4
"REACTOME_MITOCHONDRIAL_TRNA_AMINOACYLATION",1.17525893749798,0.421746310686705,TRUE,FALSE,FALSE,TRUE,"GSE76427","GSE116250","A",2
"REACTOME_RRNA_PROCESSING_IN_THE_MITOCHONDRION",-0.0763705789742002,-0.835142531947687,FALSE,TRUE,FALSE,TRUE,"GSE76427","GSE116250","A",5
"REACTOME_CARBOXYTERMINAL_POST_TRANSLATIONAL_MODIFICATIONS_OF_TUBULIN",0.894201580773576,-1.14868151256865,TRUE,TRUE,TRUE,FALSE,"GSE76427","GSE116250","C",10
"HALLMARK_MYC_TARGETS_V1",1.90532172356259,-0.265543633872627,TRUE,FALSE,FALSE,FALSE,"GSE76427","GSE116250","C",11
"REACTOME_TRNA_AMINOACYLATION",1.37700863721871,0.104448646343126,TRUE,FALSE,FALSE,TRUE,"GSE76427","GSE116250","C",2
"REACTOME_RIBOSOME_QUALITY_CONTROL_RQC_COMPLEX_EXTRACTS_AND_DEGRADES_NASCENT_PEPTIDE",1.53024076589165,0.209983483760596,TRUE,FALSE,FALSE,TRUE,"GSE76427","GSE116250","C",1
"REACTOME_RIBOSOME_ASSOCIATED_QUALITY_CONTROL",1.41204789301759,0.304724504441181,TRUE,FALSE,FALSE,TRUE,"GSE76427","GSE116250","C",1
"REACTOME_REGULATION_OF_PD_L1_CD274_POST_TRANSLATIONAL_MODIFICATION",1.72496148162163,0.0399119967764268,TRUE,FALSE,FALSE,TRUE,"GSE76427","GSE116250","C",12
"REACTOME_DENGUE_VIRUS_GENOME_TRANSLATION_AND_REPLICATION",1.66134557535877,-0.102711068382435,TRUE,FALSE,FALSE,FALSE,"GSE76427","GSE116250","C",13
"REACTOME_RESPIRATORY_SYNCYTIAL_VIRUS_RSV_GENOME_REPLICATION_TRANSCRIPTION_AND_TRANSLATION",1.39709149515883,-0.167347888778995,TRUE,FALSE,FALSE,FALSE,"GSE76427","GSE116250","C",14
"HALLMARK_MYC_TARGETS_V2",0.575839939591379,0.254017229664039,TRUE,FALSE,FALSE,TRUE,"GSE76427","GSE116250","C",15
"REACTOME_EUKARYOTIC_TRANSLATION_ELONGATION",1.18903703554025,0.40748970515398,TRUE,FALSE,FALSE,TRUE,"GSE76427","GSE116250","C",1
"REACTOME_SRP_DEPENDENT_COTRANSLATIONAL_PROTEIN_TARGETING_TO_MEMBRANE",1.34149994683462,0.362665791167279,TRUE,FALSE,FALSE,TRUE,"GSE76427","GSE116250","C",1
"REACTOME_RRNA_PROCESSING",1.2649456079132,-0.0274840524588761,TRUE,FALSE,FALSE,FALSE,"GSE76427","GSE116250","C",1
"REACTOME_SARS_COV_2_MODULATES_HOST_TRANSLATION_MACHINERY",1.25137995973132,0.49443746610027,TRUE,FALSE,FALSE,TRUE,"GSE76427","GSE116250","C",16
"REACTOME_REGULATION_OF_CDH1_POSTTRANSLATIONAL_PROCESSING_AND_TRAFFICKING_TO_PLASMA_MEMBRANE",0.325342169630912,0.274508518051247,TRUE,FALSE,FALSE,TRUE,"GSE76427","GSE116250","C",17
"REACTOME_TRANSLATION_OF_SARS_COV_2_STRUCTURAL_PROTEINS",1.23230388921719,-0.905156862031484,TRUE,TRUE,TRUE,FALSE,"GSE76427","GSE116250","C",18
"REACTOME_EUKARYOTIC_TRANSLATION_INITIATION",1.20620030317099,-0.0490738614247328,TRUE,FALSE,FALSE,FALSE,"GSE76427","GSE116250","C",1
"REACTOME_TRANSLATION",1.60342306242861,-0.441646909989657,TRUE,FALSE,FALSE,FALSE,"GSE76427","GSE116250","C",3
"REACTOME_SARS_COV_1_MODULATES_HOST_TRANSLATION_MACHINERY",0.809879252795544,0.540975922585813,TRUE,FALSE,FALSE,TRUE,"GSE76427","GSE116250","C",16
"HALLMARK_MTORC1_SIGNALING",0.869759843987182,0.077532232152437,TRUE,FALSE,FALSE,TRUE,"GSE76427","GSE116250","C",19
"REACTOME_MITOCHONDRIAL_TRNA_AMINOACYLATION",1.17525893749798,0.421746310686705,TRUE,FALSE,FALSE,TRUE,"GSE76427","GSE116250","C",2
"REACTOME_TRANSLATION_OF_REPLICASE_AND_ASSEMBLY_OF_THE_REPLICATION_TRANSCRIPTION_COMPLEX",0.993558921551583,0.0263072218313087,TRUE,FALSE,FALSE,TRUE,"GSE76427","GSE116250","C",20
"REACTOME_REGULATION_OF_CDH1_MRNA_TRANSLATION_BY_MICRORNAS",-0.305041610552189,-0.497452920050527,TRUE,TRUE,FALSE,TRUE,"GSE76427","GSE116250","C",21
"REACTOME_POST_TRANSLATIONAL_MODIFICATION_SYNTHESIS_OF_GPI_ANCHORED_PROTEINS",0.28238329081209,-0.294297335991716,FALSE,FALSE,FALSE,FALSE,"GSE76427","GSE116250","C",22
"REACTOME_TRANSCRIPTIONAL_AND_POST_TRANSLATIONAL_REGULATION_OF_MITF_M_EXPRESSION_AND_ACTIVITY",0.497358806286113,-0.835514573739083,TRUE,TRUE,TRUE,FALSE,"GSE76427","GSE116250","C",23
"REACTOME_TRANSLATION_OF_SARS_COV_1_STRUCTURAL_PROTEINS",0.0508715336372037,-1.27101155888965,FALSE,TRUE,FALSE,FALSE,"GSE76427","GSE116250","C",18
"REACTOME_MITOCHONDRIAL_TRANSLATION_ELONGATION",1.10378359388759,-0.728381896607365,TRUE,TRUE,TRUE,FALSE,"GSE76427","GSE116250","C",4
"REACTOME_RRNA_PROCESSING_IN_THE_MITOCHONDRION",-0.0763705789742002,-0.835142531947687,FALSE,TRUE,FALSE,TRUE,"GSE76427","GSE116250","C",5
"REACTOME_MITOCHONDRIAL_TRANSLATION",1.08089277691343,-0.894664701318107,TRUE,TRUE,TRUE,FALSE,"GSE76427","GSE116250","C",4
"KEGG_RIBOSOME",1.34805635915932,0.328551387509218,TRUE,TRUE,FALSE,TRUE,"GSE14520_GPL3921","GSE141910","A",1
"KEGG_AMINOACYL_TRNA_BIOSYNTHESIS",0.59849698170859,0.106197986625278,TRUE,FALSE,FALSE,TRUE,"GSE14520_GPL3921","GSE141910","A",2
"REACTOME_TRANSLATION",2.34032354643173,0.0681794780768459,TRUE,FALSE,FALSE,TRUE,"GSE14520_GPL3921","GSE141910","A",3
"REACTOME_EUKARYOTIC_TRANSLATION_INITIATION",1.59860918582789,0.203415045854538,TRUE,FALSE,FALSE,TRUE,"GSE14520_GPL3921","GSE141910","A",1
"REACTOME_EUKARYOTIC_TRANSLATION_ELONGATION",1.07021466604713,0.333151103372631,TRUE,TRUE,FALSE,TRUE,"GSE14520_GPL3921","GSE141910","A",1
"REACTOME_TRNA_AMINOACYLATION",1.39197384337657,0.023201068171591,TRUE,FALSE,FALSE,TRUE,"GSE14520_GPL3921","GSE141910","A",2
"REACTOME_RRNA_PROCESSING",1.70985723618754,-0.0146129968473039,TRUE,FALSE,FALSE,FALSE,"GSE14520_GPL3921","GSE141910","A",1
"REACTOME_SRP_DEPENDENT_COTRANSLATIONAL_PROTEIN_TARGETING_TO_MEMBRANE",1.88470532538161,0.227083804303071,TRUE,TRUE,FALSE,TRUE,"GSE14520_GPL3921","GSE141910","A",1
"REACTOME_RIBOSOME_ASSOCIATED_QUALITY_CONTROL",2.35491301464867,0.183991087662636,TRUE,FALSE,FALSE,TRUE,"GSE14520_GPL3921","GSE141910","A",1
"REACTOME_RIBOSOME_QUALITY_CONTROL_RQC_COMPLEX_EXTRACTS_AND_DEGRADES_NASCENT_PEPTIDE",2.49926292257453,0.0890782531868098,TRUE,FALSE,FALSE,TRUE,"GSE14520_GPL3921","GSE141910","A",1
"REACTOME_MITOCHONDRIAL_TRANSLATION",1.37129555047829,0.0652033369230949,TRUE,FALSE,FALSE,TRUE,"GSE14520_GPL3921","GSE141910","A",4
"REACTOME_MITOCHONDRIAL_TRANSLATION_ELONGATION",1.35492713961339,0.115300951231381,TRUE,FALSE,FALSE,TRUE,"GSE14520_GPL3921","GSE141910","A",4
"REACTOME_MITOCHONDRIAL_TRNA_AMINOACYLATION",0.59849698170859,0.510444673068941,TRUE,TRUE,FALSE,TRUE,"GSE14520_GPL3921","GSE141910","A",2
"REACTOME_RRNA_PROCESSING_IN_THE_MITOCHONDRION",-0.595134015339635,-0.219617829385207,TRUE,TRUE,FALSE,TRUE,"GSE14520_GPL3921","GSE141910","A",5
"REACTOME_CARBOXYTERMINAL_POST_TRANSLATIONAL_MODIFICATIONS_OF_TUBULIN",1.19372333717165,-1.12541243136546,TRUE,TRUE,TRUE,FALSE,"GSE14520_GPL3921","GSE141910","C",10
"HALLMARK_MYC_TARGETS_V1",2.81935908139327,-0.209500821762797,TRUE,TRUE,TRUE,FALSE,"GSE14520_GPL3921","GSE141910","C",11
"REACTOME_TRNA_AMINOACYLATION",1.39197384337657,0.023201068171591,TRUE,FALSE,FALSE,TRUE,"GSE14520_GPL3921","GSE141910","C",2
"REACTOME_RIBOSOME_QUALITY_CONTROL_RQC_COMPLEX_EXTRACTS_AND_DEGRADES_NASCENT_PEPTIDE",2.49926292257453,0.0890782531868098,TRUE,FALSE,FALSE,TRUE,"GSE14520_GPL3921","GSE141910","C",1
"REACTOME_RIBOSOME_ASSOCIATED_QUALITY_CONTROL",2.35491301464867,0.183991087662636,TRUE,FALSE,FALSE,TRUE,"GSE14520_GPL3921","GSE141910","C",1
"REACTOME_REGULATION_OF_PD_L1_CD274_POST_TRANSLATIONAL_MODIFICATION",1.95695338186845,-0.219598702034571,TRUE,TRUE,TRUE,FALSE,"GSE14520_GPL3921","GSE141910","C",12
"REACTOME_DENGUE_VIRUS_GENOME_TRANSLATION_AND_REPLICATION",2.08359361757742,-0.224548283782443,TRUE,TRUE,TRUE,FALSE,"GSE14520_GPL3921","GSE141910","C",13
"REACTOME_RESPIRATORY_SYNCYTIAL_VIRUS_RSV_GENOME_REPLICATION_TRANSCRIPTION_AND_TRANSLATION",2.10264026215424,-0.41661052506156,TRUE,TRUE,TRUE,FALSE,"GSE14520_GPL3921","GSE141910","C",14
"HALLMARK_MYC_TARGETS_V2",1.45241735546548,-0.300564108433379,TRUE,TRUE,TRUE,FALSE,"GSE14520_GPL3921","GSE141910","C",15
"REACTOME_EUKARYOTIC_TRANSLATION_ELONGATION",1.07021466604713,0.333151103372631,TRUE,TRUE,FALSE,TRUE,"GSE14520_GPL3921","GSE141910","C",1
"REACTOME_SRP_DEPENDENT_COTRANSLATIONAL_PROTEIN_TARGETING_TO_MEMBRANE",1.88470532538161,0.227083804303071,TRUE,TRUE,FALSE,TRUE,"GSE14520_GPL3921","GSE141910","C",1
"REACTOME_RRNA_PROCESSING",1.70985723618754,-0.0146129968473039,TRUE,FALSE,FALSE,FALSE,"GSE14520_GPL3921","GSE141910","C",1
"REACTOME_SARS_COV_2_MODULATES_HOST_TRANSLATION_MACHINERY",2.32256189024228,0.290849658643645,TRUE,TRUE,FALSE,TRUE,"GSE14520_GPL3921","GSE141910","C",16
"REACTOME_REGULATION_OF_CDH1_POSTTRANSLATIONAL_PROCESSING_AND_TRAFFICKING_TO_PLASMA_MEMBRANE",0.31128386068213,-0.0218753297905313,TRUE,FALSE,FALSE,FALSE,"GSE14520_GPL3921","GSE141910","C",17
"REACTOME_TRANSLATION_OF_SARS_COV_2_STRUCTURAL_PROTEINS",1.0836033494048,-0.519401181482079,TRUE,TRUE,TRUE,FALSE,"GSE14520_GPL3921","GSE141910","C",18
"REACTOME_EUKARYOTIC_TRANSLATION_INITIATION",1.59860918582789,0.203415045854538,TRUE,FALSE,FALSE,TRUE,"GSE14520_GPL3921","GSE141910","C",1
"REACTOME_TRANSLATION",2.34032354643173,0.0681794780768459,TRUE,FALSE,FALSE,TRUE,"GSE14520_GPL3921","GSE141910","C",3
"REACTOME_SARS_COV_1_MODULATES_HOST_TRANSLATION_MACHINERY",0.700044151561607,0.414725387206789,TRUE,TRUE,FALSE,TRUE,"GSE14520_GPL3921","GSE141910","C",16
"HALLMARK_MTORC1_SIGNALING",1.9773682305031,-0.931878878897839,TRUE,TRUE,TRUE,FALSE,"GSE14520_GPL3921","GSE141910","C",19
"REACTOME_MITOCHONDRIAL_TRNA_AMINOACYLATION",0.59849698170859,0.510444673068941,TRUE,TRUE,FALSE,TRUE,"GSE14520_GPL3921","GSE141910","C",2
"REACTOME_TRANSLATION_OF_REPLICASE_AND_ASSEMBLY_OF_THE_REPLICATION_TRANSCRIPTION_COMPLEX",0.411033269915856,-0.653106082859596,TRUE,TRUE,TRUE,FALSE,"GSE14520_GPL3921","GSE141910","C",20
"REACTOME_POST_TRANSLATIONAL_MODIFICATION_SYNTHESIS_OF_GPI_ANCHORED_PROTEINS",0.0356072485976017,-0.294770984818093,FALSE,TRUE,FALSE,FALSE,"GSE14520_GPL3921","GSE141910","C",22
"REACTOME_TRANSCRIPTIONAL_AND_POST_TRANSLATIONAL_REGULATION_OF_MITF_M_EXPRESSION_AND_ACTIVITY",0.860024233845468,-1.07892649768326,TRUE,TRUE,TRUE,FALSE,"GSE14520_GPL3921","GSE141910","C",23
"REACTOME_TRANSLATION_OF_SARS_COV_1_STRUCTURAL_PROTEINS",-0.319747294852856,0.320032237867296,TRUE,TRUE,TRUE,FALSE,"GSE14520_GPL3921","GSE141910","C",18
"REACTOME_MITOCHONDRIAL_TRANSLATION_ELONGATION",1.35492713961339,0.115300951231381,TRUE,FALSE,FALSE,TRUE,"GSE14520_GPL3921","GSE141910","C",4
"REACTOME_RRNA_PROCESSING_IN_THE_MITOCHONDRION",-0.595134015339635,-0.219617829385207,TRUE,TRUE,FALSE,TRUE,"GSE14520_GPL3921","GSE141910","C",5
"REACTOME_MITOCHONDRIAL_TRANSLATION",1.37129555047829,0.0652033369230949,TRUE,FALSE,FALSE,TRUE,"GSE14520_GPL3921","GSE141910","C",4
"KEGG_RIBOSOME",0.626313946179537,-0.446175186831,TRUE,TRUE,TRUE,FALSE,"GSE14520_GPL571","GSE57338","A",1
"KEGG_AMINOACYL_TRNA_BIOSYNTHESIS",0.666191717992728,-0.207952954215918,TRUE,FALSE,FALSE,FALSE,"GSE14520_GPL571","GSE57338","A",2
"REACTOME_TRANSLATION",1.20345895721923,-0.537688529945398,TRUE,TRUE,TRUE,FALSE,"GSE14520_GPL571","GSE57338","A",3
"REACTOME_EUKARYOTIC_TRANSLATION_INITIATION",0.983887572726483,-0.649495615377207,TRUE,TRUE,TRUE,FALSE,"GSE14520_GPL571","GSE57338","A",1
"REACTOME_EUKARYOTIC_TRANSLATION_ELONGATION",0.44402313723507,-0.474568339830354,FALSE,TRUE,FALSE,FALSE,"GSE14520_GPL571","GSE57338","A",1
"REACTOME_TRNA_AMINOACYLATION",0.695731005439458,-0.361188071082379,TRUE,TRUE,TRUE,FALSE,"GSE14520_GPL571","GSE57338","A",2
"REACTOME_CYTOSOLIC_TRNA_AMINOACYLATION",1.28996863781936,-0.917707136609953,TRUE,TRUE,TRUE,FALSE,"GSE14520_GPL571","GSE57338","A",2
"REACTOME_RRNA_PROCESSING",1.24440380536656,-0.809420186729634,TRUE,TRUE,TRUE,FALSE,"GSE14520_GPL571","GSE57338","A",1
"REACTOME_SRP_DEPENDENT_COTRANSLATIONAL_PROTEIN_TARGETING_TO_MEMBRANE",0.982570489864455,-0.605682874323055,TRUE,TRUE,TRUE,FALSE,"GSE14520_GPL571","GSE57338","A",1
"REACTOME_RIBOSOME_ASSOCIATED_QUALITY_CONTROL",1.10459965385345,-0.597886496485464,TRUE,TRUE,TRUE,FALSE,"GSE14520_GPL571","GSE57338","A",1
"REACTOME_RIBOSOME_QUALITY_CONTROL_RQC_COMPLEX_EXTRACTS_AND_DEGRADES_NASCENT_PEPTIDE",1.24665049134849,-0.550739987864988,TRUE,TRUE,TRUE,FALSE,"GSE14520_GPL571","GSE57338","A",1
"REACTOME_MITOCHONDRIAL_TRANSLATION",0.837138562375455,-0.0880274616059987,TRUE,FALSE,FALSE,FALSE,"GSE14520_GPL571","GSE57338","A",4
"REACTOME_MITOCHONDRIAL_TRANSLATION_ELONGATION",0.83084414756475,-0.0810092494355517,TRUE,FALSE,FALSE,FALSE,"GSE14520_GPL571","GSE57338","A",4
"REACTOME_MITOCHONDRIAL_TRNA_AMINOACYLATION",0.0543820928523405,0.556884826349847,FALSE,TRUE,FALSE,TRUE,"GSE14520_GPL571","GSE57338","A",2
"REACTOME_RRNA_PROCESSING_IN_THE_MITOCHONDRION",0.37127139489164,-0.100292773999306,FALSE,FALSE,FALSE,FALSE,"GSE14520_GPL571","GSE57338","A",5
"REACTOME_CARBOXYTERMINAL_POST_TRANSLATIONAL_MODIFICATIONS_OF_TUBULIN",1.98920045663599,-0.648617464680227,TRUE,TRUE,TRUE,FALSE,"GSE14520_GPL571","GSE57338","C",10
"HALLMARK_MYC_TARGETS_V1",2.08224590161134,-0.850066433665979,TRUE,TRUE,TRUE,FALSE,"GSE14520_GPL571","GSE57338","C",11
"REACTOME_CYTOSOLIC_TRNA_AMINOACYLATION",1.28996863781936,-0.917707136609953,TRUE,TRUE,TRUE,FALSE,"GSE14520_GPL571","GSE57338","C",2
"REACTOME_TRNA_AMINOACYLATION",0.695731005439458,-0.361188071082379,TRUE,TRUE,TRUE,FALSE,"GSE14520_GPL571","GSE57338","C",2
"REACTOME_RIBOSOME_QUALITY_CONTROL_RQC_COMPLEX_EXTRACTS_AND_DEGRADES_NASCENT_PEPTIDE",1.24665049134849,-0.550739987864988,TRUE,TRUE,TRUE,FALSE,"GSE14520_GPL571","GSE57338","C",1
"REACTOME_RIBOSOME_ASSOCIATED_QUALITY_CONTROL",1.10459965385345,-0.597886496485464,TRUE,TRUE,TRUE,FALSE,"GSE14520_GPL571","GSE57338","C",1
"REACTOME_REGULATION_OF_PD_L1_CD274_POST_TRANSLATIONAL_MODIFICATION",0.974150397614587,-0.591932108942626,TRUE,TRUE,TRUE,FALSE,"GSE14520_GPL571","GSE57338","C",12
"REACTOME_DENGUE_VIRUS_GENOME_TRANSLATION_AND_REPLICATION",1.79398278719107,-0.775300974029769,TRUE,TRUE,TRUE,FALSE,"GSE14520_GPL571","GSE57338","C",13
"REACTOME_RESPIRATORY_SYNCYTIAL_VIRUS_RSV_GENOME_REPLICATION_TRANSCRIPTION_AND_TRANSLATION",1.96267452517943,-1.09665851905017,TRUE,TRUE,TRUE,FALSE,"GSE14520_GPL571","GSE57338","C",14
"HALLMARK_MYC_TARGETS_V2",1.73938959472038,-1.20480730014332,TRUE,TRUE,TRUE,FALSE,"GSE14520_GPL571","GSE57338","C",15
"REACTOME_EUKARYOTIC_TRANSLATION_ELONGATION",0.44402313723507,-0.474568339830354,FALSE,TRUE,FALSE,FALSE,"GSE14520_GPL571","GSE57338","C",1
"REACTOME_SRP_DEPENDENT_COTRANSLATIONAL_PROTEIN_TARGETING_TO_MEMBRANE",0.982570489864455,-0.605682874323055,TRUE,TRUE,TRUE,FALSE,"GSE14520_GPL571","GSE57338","C",1
"REACTOME_RRNA_PROCESSING",1.24440380536656,-0.809420186729634,TRUE,TRUE,TRUE,FALSE,"GSE14520_GPL571","GSE57338","C",1
"REACTOME_SARS_COV_2_MODULATES_HOST_TRANSLATION_MACHINERY",1.39198117250475,-0.628718630841958,TRUE,TRUE,TRUE,FALSE,"GSE14520_GPL571","GSE57338","C",16
"REACTOME_REGULATION_OF_CDH1_POSTTRANSLATIONAL_PROCESSING_AND_TRAFFICKING_TO_PLASMA_MEMBRANE",0.781613750446028,-1.19490180372747,TRUE,TRUE,TRUE,FALSE,"GSE14520_GPL571","GSE57338","C",17
"REACTOME_TRANSLATION_OF_SARS_COV_2_STRUCTURAL_PROTEINS",1.76172489177459,-1.21720018277913,TRUE,TRUE,TRUE,FALSE,"GSE14520_GPL571","GSE57338","C",18
"REACTOME_EUKARYOTIC_TRANSLATION_INITIATION",0.983887572726483,-0.649495615377207,TRUE,TRUE,TRUE,FALSE,"GSE14520_GPL571","GSE57338","C",1
"REACTOME_TRANSLATION",1.20345895721923,-0.537688529945398,TRUE,TRUE,TRUE,FALSE,"GSE14520_GPL571","GSE57338","C",3
"REACTOME_SARS_COV_1_MODULATES_HOST_TRANSLATION_MACHINERY",-0.0318960447856659,-0.532068916380157,FALSE,TRUE,FALSE,TRUE,"GSE14520_GPL571","GSE57338","C",16
"HALLMARK_MTORC1_SIGNALING",1.04666159618335,-0.99810012282354,TRUE,TRUE,TRUE,FALSE,"GSE14520_GPL571","GSE57338","C",19
"REACTOME_MITOCHONDRIAL_TRNA_AMINOACYLATION",0.0543820928523405,0.556884826349847,FALSE,TRUE,FALSE,TRUE,"GSE14520_GPL571","GSE57338","C",2
"REACTOME_TRANSLATION_OF_REPLICASE_AND_ASSEMBLY_OF_THE_REPLICATION_TRANSCRIPTION_COMPLEX",0.613405876590751,0.0458721373958686,TRUE,FALSE,FALSE,TRUE,"GSE14520_GPL571","GSE57338","C",20
"REACTOME_REGULATION_OF_CDH1_MRNA_TRANSLATION_BY_MICRORNAS",-0.38370055707252,-0.286945741565631,FALSE,TRUE,FALSE,TRUE,"GSE14520_GPL571","GSE57338","C",21
"REACTOME_POST_TRANSLATIONAL_MODIFICATION_SYNTHESIS_OF_GPI_ANCHORED_PROTEINS",-0.343426819993496,-0.523649919080521,FALSE,TRUE,FALSE,TRUE,"GSE14520_GPL571","GSE57338","C",22
"REACTOME_TRANSCRIPTIONAL_AND_POST_TRANSLATIONAL_REGULATION_OF_MITF_M_EXPRESSION_AND_ACTIVITY",0.97805345648211,-1.75488835867456,TRUE,TRUE,TRUE,FALSE,"GSE14520_GPL571","GSE57338","C",23
"REACTOME_TRANSLATION_OF_SARS_COV_1_STRUCTURAL_PROTEINS",0.199327449175485,-1.09420283502956,FALSE,TRUE,FALSE,FALSE,"GSE14520_GPL571","GSE57338","C",18
"REACTOME_MITOCHONDRIAL_TRANSLATION_ELONGATION",0.83084414756475,-0.0810092494355517,TRUE,FALSE,FALSE,FALSE,"GSE14520_GPL571","GSE57338","C",4
"REACTOME_RRNA_PROCESSING_IN_THE_MITOCHONDRION",0.37127139489164,-0.100292773999306,FALSE,FALSE,FALSE,FALSE,"GSE14520_GPL571","GSE57338","C",5
"REACTOME_MITOCHONDRIAL_TRANSLATION",0.837138562375455,-0.0880274616059987,TRUE,FALSE,FALSE,FALSE,"GSE14520_GPL571","GSE57338","C",4
