"cohort","disease","tech","set","tier","n_disease","n_control","mean_disease","mean_control","sd_disease","sd_control","cohens_d_equalweight","pooled_sd_nweighted","hedges_J","d_nweighted","hedges_g","ci_lo","ci_hi","p_ttest","ci_excludes_0","meets_min_effect","mirror_candidate","p_fdr"
"GSE57338","HF","array","KEGG_RIBOSOME","A",177,136,0.564612204029208,0.574138580416991,0.0186042425664543,0.0243700606371888,-0.439414839550588,0.021299670195514,0.997586484312148,-0.447254642928172,-0.446175186831,-0.682553528877304,-0.219294815025635,0.000190611943711065,TRUE,TRUE,TRUE,0.000289447766376062
"GSE57338","HF","array","KEGG_AMINOACYL_TRNA_BIOSYNTHESIS","A",177,136,0.220221956062157,0.225258004347184,0.0242569380154598,0.0240302538460828,-0.20858503461383,0.0241587993901246,0.997586484312148,-0.208456066201925,-0.207952954215918,-0.42492044652059,0.0224292298062042,0.0682170833489449,FALSE,TRUE,FALSE,0.0847545581002043
"GSE57338","HF","array","REACTOME_TRANSLATION","A",177,136,0.406833826134447,0.415558687705903,0.0164441329419422,0.0158465594536863,-0.540302315477613,0.0161874458844472,0.997586484312148,-0.53898938929204,-0.537688529945398,-0.746307790614628,-0.325361317478938,3.18023590985148e-06,TRUE,TRUE,TRUE,6.153501044816e-06
"GSE57338","HF","array","REACTOME_EUKARYOTIC_TRANSLATION_INITIATION","A",177,136,0.561238087886687,0.572542485833585,0.013954194189793,0.0209914287357923,-0.634238544429554,0.0173628802691171,0.997586484312148,-0.65106697573699,-0.649495615377207,-0.88778546580913,-0.424933262375144,1.49866780975861e-07,TRUE,TRUE,TRUE,4.38895572857878e-07
"GSE57338","HF","array","REACTOME_EUKARYOTIC_TRANSLATION_ELONGATION","A",177,136,0.577416725499028,0.586693571829332,0.0169691933134107,0.0223751658343325,-0.46718247421678,0.0195007878516715,0.997586484312148,-0.475716489039622,-0.474568339830355,-0.717249965956526,-0.2489335821176,7.55970884898673e-05,TRUE,TRUE,TRUE,0.000119210793387868
"GSE57338","HF","array","REACTOME_TRNA_AMINOACYLATION","A",177,136,0.205267504504207,0.213745655802393,0.0227136115377105,0.0243019110137748,-0.360447661282322,0.0234163025419908,0.997586484312148,-0.362061913189836,-0.361188071082379,-0.57813112899385,-0.138025703453763,0.00182659413468415,TRUE,TRUE,TRUE,0.00249634531740167
"GSE57338","HF","array","REACTOME_CYTOSOLIC_TRNA_AMINOACYLATION","A",177,136,0.397620474624992,0.424101731243508,0.0192325154805103,0.0377721181048777,-0.883537859267647,0.0287862463267101,0.997586484312148,-0.919927395811429,-0.917707136609953,-1.13764043183349,-0.710335674157432,2.97743117272069e-12,TRUE,TRUE,TRUE,1.52593347601936e-11
"GSE57338","HF","array","REACTOME_RRNA_PROCESSING","A",177,136,0.240279726412301,0.258780196076964,0.0120017456023224,0.0317789887629638,-0.770202642011862,0.0228012826878743,0.997586484312148,-0.811378461374948,-0.809420186729634,-1.00658420077692,-0.624210393192903,1.22273784869299e-09,TRUE,TRUE,TRUE,4.5574774360375e-09
"GSE57338","HF","array","REACTOME_SRP_DEPENDENT_COTRANSLATIONAL_PROTEIN_TARGETING_TO_MEMBRANE","A",177,136,0.534854412700432,0.546684522574654,0.0153520751518768,0.0238190164160845,-0.590387857183485,0.019484714227131,0.997586484312148,-0.607148236115772,-0.605682874323055,-0.848524989133845,-0.379094697066686,9.64117894428012e-07,TRUE,TRUE,TRUE,2.19604631508603e-06
"GSE57338","HF","array","REACTOME_RIBOSOME_ASSOCIATED_QUALITY_CONTROL","A",177,136,0.5226470529692,0.531762576521199,0.0123212043591511,0.0183027744762632,-0.584278238337432,0.0152094471883154,0.997586484312148,-0.599332996073736,-0.597886496485464,-0.829958044709648,-0.383293814754565,1.14327550236272e-06,TRUE,TRUE,TRUE,2.46706818930902e-06
"GSE57338","HF","array","REACTOME_RIBOSOME_QUALITY_CONTROL_RQC_COMPLEX_EXTRACTS_AND_DEGRADES_NASCENT_PEPTIDE","A",177,136,0.52392933972817,0.531792897154332,0.0123878346853974,0.0163498733212499,-0.542135896596487,0.0142437062494085,0.997586484312148,-0.5520724233195,-0.550739987864988,-0.781753741725642,-0.336777092609193,4.92677656432124e-06,TRUE,TRUE,TRUE,8.78251474509439e-06
"GSE57338","HF","array","REACTOME_MITOCHONDRIAL_TRANSLATION","A",177,136,0.245617793638278,0.248926523017406,0.0396035882521854,0.0345577095643602,-0.0890247973058242,0.0374967498624191,0.997586484312148,-0.0882404312711744,-0.0880274616059986,-0.291129544380208,0.140080664235283,0.431459273598698,FALSE,FALSE,FALSE,0.465521847830174
"GSE57338","HF","array","REACTOME_MITOCHONDRIAL_TRANSLATION_ELONGATION","A",177,136,0.257903948252192,0.26092274646061,0.0389225334943626,0.0347648723323037,-0.0818051435062818,0.0371749190687147,0.997586484312148,-0.0812052395551539,-0.0810092494355518,-0.286386299520024,0.149745156186663,0.470389318682568,FALSE,FALSE,FALSE,0.491101766337793
"GSE57338","HF","array","REACTOME_MITOCHONDRIAL_TRNA_AMINOACYLATION","A",177,136,0.0308749976639337,0.0130353116158569,0.0342185535363048,0.0287438204676437,0.564547504400019,0.03195746919984,0.997586484312148,0.55823212834908,0.556884826349847,0.346929978396459,0.799342594369624,9.27812590767596e-07,TRUE,TRUE,TRUE,2.19604631508603e-06
"GSE57338","HF","array","REACTOME_RRNA_PROCESSING_IN_THE_MITOCHONDRION","A",177,136,-0.054060935860746,-0.0493931609584518,0.0514873932999244,0.038858230823479,-0.102336496431956,0.0464291590376421,0.997586484312148,-0.100535417807369,-0.100292773999306,-0.301401218035994,0.126840035094403,0.361412225358252,FALSE,FALSE,FALSE,0.400483817288874
"GSE57338","HF","array","REACTOME_TRNA_PROCESSING","B_extra",177,136,-0.0367046383151089,-0.0275814753738894,0.0172313174600701,0.0244577572291062,-0.431245528170374,0.0206807128578171,0.997586484312148,-0.441143542968878,-0.440078836107328,-0.646668405538039,-0.213899659454266,0.000268166381357042,TRUE,TRUE,TRUE,0.000392672201272812
"GSE57338","HF","array","REACTOME_TRNA_PROCESSING_IN_THE_NUCLEUS","B_extra",177,136,0.0826377164399772,0.0936899200152754,0.0141745825692887,0.0239193566790543,-0.562158577023963,0.0190278199147525,0.997586484312148,-0.580844449065299,-0.579442571875278,-0.785312406124847,-0.371408095464996,3.30187860941347e-06,TRUE,TRUE,TRUE,6.153501044816e-06
"GSE57338","HF","array","REACTOME_TRNA_MODIFICATION_IN_THE_NUCLEUS_AND_CYTOSOL","B_extra",177,136,-0.204227120881126,-0.200461253422824,0.0209477907180344,0.0324523211166793,-0.137879909654413,0.026560991113715,0.997586484312148,-0.141781887662979,-0.141439694852851,-0.356338820087304,0.107283338806215,0.240153408997098,FALSE,FALSE,FALSE,0.273508049135584
"GSE57338","HF","array","REACTOME_RRNA_MODIFICATION_IN_THE_NUCLEUS_AND_CYTOSOL","B_extra",177,136,-0.0354595363524475,-0.000512593908661045,0.0182762970445792,0.05764790394182,-0.817228794358538,0.0403932026779894,0.997586484312148,-0.865168892954094,-0.863080794258308,-1.05033477117954,-0.689886136682519,1.97730517059301e-10,TRUE,TRUE,TRUE,8.10695119943133e-10
"GSE57338","HF","array","REACTOME_TRNA_MODIFICATION_IN_THE_MITOCHONDRION","B_extra",177,136,-0.1645998471284,-0.141334230904397,0.0536096484362615,0.0449013956550426,-0.470510551423448,0.0500161158963455,0.997586484312148,-0.465162394301445,-0.4640397175654,-0.690244089199028,-0.23775201266915,3.88915767861719e-05,TRUE,TRUE,TRUE,6.37821859293219e-05
"GSE57338","HF","array","REACTOME_TRNA_PROCESSING_IN_THE_MITOCHONDRION","B_extra",177,136,0.0454394428386494,0.0617660296559461,0.0465726203704911,0.0402888013904749,-0.374942770542739,0.0439553958826209,0.997586484312148,-0.371435326413518,-0.370538861426197,-0.590953311689701,-0.142851961372034,0.00101031578412422,TRUE,TRUE,TRUE,0.00142837748789976
"GSE57338","HF","array","REACTOME_CARBOXYTERMINAL_POST_TRANSLATIONAL_MODIFICATIONS_OF_TUBULIN","C_v1",177,136,0.0747731746572023,0.0917467090450547,0.0221479451119623,0.0305036977771203,-0.636779635488887,0.0261056314675043,0.997586484312148,-0.650186700481873,-0.648617464680227,-0.908399576259956,-0.423170977683095,1.11695309939328e-07,TRUE,TRUE,TRUE,3.52269823654803e-07
"GSE57338","HF","array","HALLMARK_MYC_TARGETS_V1","C_v1",177,136,0.397388008046685,0.413016836439079,0.0108184513522982,0.0249473052126527,-0.812829885340203,0.0183410464787426,0.997586484312148,-0.852123046005493,-0.850066433665979,-1.04891027519963,-0.660049958185896,1.37164680293564e-10,TRUE,TRUE,TRUE,6.24861321337347e-10
"GSE57338","HF","array","REACTOME_REGULATION_OF_PD_L1_CD274_POST_TRANSLATIONAL_MODIFICATION","C_v1",177,136,0.470278711516455,0.478838261648438,0.0132115248771168,0.0158692265387157,-0.586231546413779,0.0144254575726803,0.997586484312148,-0.593364202754584,-0.591932108942626,-0.801444430139021,-0.385482152522259,7.16697072051504e-07,TRUE,TRUE,TRUE,1.83653624713198e-06
"GSE57338","HF","array","REACTOME_DENGUE_VIRUS_GENOME_TRANSLATION_AND_REPLICATION","C_v1",177,136,0.441482920482345,0.45265688798729,0.0102968676380941,0.0183844467382273,-0.749936308184714,0.0143776408549284,0.997586484312148,-0.777176702192745,-0.77530097402977,-1.03367159821208,-0.551762886737793,1.33609603317357e-09,TRUE,TRUE,TRUE,4.5649947800097e-09
"GSE57338","HF","array","REACTOME_RESPIRATORY_SYNCYTIAL_VIRUS_RSV_GENOME_REPLICATION_TRANSCRIPTION_AND_TRANSLATION","C_v1",177,136,0.530028079396813,0.549208892467596,0.0109658472449971,0.02333568610444,-1.05204709593571,0.0174480200948091,0.997586484312148,-1.09931172514464,-1.09665851905017,-1.33394111542679,-0.882209547561377,7.29156541530188e-16,TRUE,TRUE,TRUE,4.98256970045629e-15
"GSE57338","HF","array","HALLMARK_MYC_TARGETS_V2","C_v1",177,136,0.00897876474560771,0.0550969040029839,0.0175256965770073,0.0543945699674769,-1.14125856727992,0.0381860504989564,0.997586484312148,-1.20772215651463,-1.20480730014332,-1.3965646277803,-1.04003018015826,3.17222148565812e-17,TRUE,TRUE,TRUE,2.60122161823966e-16
"GSE57338","HF","array","REACTOME_SARS_COV_2_MODULATES_HOST_TRANSLATION_MACHINERY","C_v1",177,136,0.430395584303165,0.445739888915656,0.0205174335973179,0.0285787019751893,-0.616812597800522,0.0243467747601041,0.997586484312148,-0.630239724303672,-0.628718630841958,-0.865662791840366,-0.405477497472421,2.67449533075039e-07,TRUE,TRUE,TRUE,7.31028723738439e-07
"GSE57338","HF","array","REACTOME_REGULATION_OF_CDH1_POSTTRANSLATIONAL_PROCESSING_AND_TRAFFICKING_TO_PLASMA_MEMBRANE","C_v1",177,136,0.403164171921037,0.421248222781793,0.0111901275391755,0.0190228012410012,-1.15879851270474,0.015097813614497,0.997586484312148,-1.1977926951881,-1.19490180372747,-1.43651065711287,-0.987368615545757,5.3089427001265e-19,TRUE,TRUE,TRUE,6.29962813519832e-18
"GSE57338","HF","array","REACTOME_TRANSLATION_OF_SARS_COV_2_STRUCTURAL_PROTEINS","C_v1",177,136,0.260096857540565,0.278757479572486,0.0121676592584636,0.0185962183118319,-1.18750168372212,0.0152937738518883,0.997586484312148,-1.22014502193102,-1.21720018277913,-1.49527477460006,-0.977758277150396,4.16311214579569e-20,TRUE,TRUE,TRUE,8.53437989888116e-19
"GSE57338","HF","array","REACTOME_SARS_COV_1_MODULATES_HOST_TRANSLATION_MACHINERY","C_v1",177,136,0.586984391249179,0.599319315340555,0.020605549411441,0.0260502587387795,-0.525198452519643,0.0231269919736883,0.997586484312148,-0.533356179887528,-0.532068916380157,-0.774351466200619,-0.302009612146034,8.80982371705152e-06,TRUE,TRUE,TRUE,1.50501155166297e-05
"GSE57338","HF","array","HALLMARK_MTORC1_SIGNALING","C_v1",177,136,0.264350549445925,0.288482161191448,0.0186958711575592,0.0297397937134032,-0.971505678977368,0.024119193226729,0.997586484312148,-1.00051488118521,-0.99810012282354,-1.23704592723974,-0.775937935083039,1.25824974810698e-14,TRUE,TRUE,TRUE,7.36974852462657e-14
"GSE57338","HF","array","REACTOME_TRANSLATION_OF_REPLICASE_AND_ASSEMBLY_OF_THE_REPLICATION_TRANSCRIPTION_COMPLEX","C_v1",177,136,0.279733148524856,0.279037001908332,0.0146326128202275,0.0157751808062059,0.0457550923331611,0.0151391780537865,0.997586484312148,0.0459831183734393,0.0458721373958686,-0.178991340747881,0.274922579961431,0.689977734717925,FALSE,FALSE,FALSE,0.689977734717925
"GSE57338","HF","array","REACTOME_REGULATION_OF_CDH1_MRNA_TRANSLATION_BY_MICRORNAS","C_v1",177,136,0.210409348365059,0.221228668546129,0.038774585528752,0.0360451231819854,-0.289018180204394,0.0376141061483986,0.997586484312148,-0.287639965133935,-0.286945741565631,-0.514765079497059,-0.0768945553660605,0.0113717129831594,TRUE,TRUE,TRUE,0.014570007259673
"GSE57338","HF","array","REACTOME_POST_TRANSLATIONAL_MODIFICATION_SYNTHESIS_OF_GPI_ANCHORED_PROTEINS","C_v1",177,136,-0.0627394538605551,-0.0471001420423445,0.032667724579514,0.0255666750969855,-0.533166689224009,0.0297938861924873,0.997586484312148,-0.524916814046038,-0.52364991908052,-0.769511323534762,-0.290597434377814,3.09608628714211e-06,TRUE,TRUE,TRUE,6.153501044816e-06
"GSE57338","HF","array","REACTOME_TRANSCRIPTIONAL_AND_POST_TRANSLATIONAL_REGULATION_OF_MITF_M_EXPRESSION_AND_ACTIVITY","C_v1",177,136,0.328031065878283,0.350323978073201,0.00955076293524522,0.0158444447141664,-1.7041252409732,0.0126726625039584,0.997586484312148,-1.75913405631651,-1.75488835867456,-2.06360455654892,-1.47932456883086,1.97872471598168e-33,TRUE,TRUE,TRUE,8.11277133552488e-32
"GSE57338","HF","array","REACTOME_REGULATION_OF_CDH11_MRNA_TRANSLATION_BY_MICRORNAS","C_v1",177,136,0.228474372005927,0.216378136395181,0.0381908444165809,0.0396256587457991,0.310838432203626,0.0388201880596348,0.997586484312148,0.311596522720717,0.31084447962485,0.0885796831880022,0.527417642085862,0.00694142327705478,TRUE,TRUE,TRUE,0.00918059207610471
"GSE57338","HF","array","REACTOME_TRANSLATION_OF_SARS_COV_1_STRUCTURAL_PROTEINS","C_v1",177,136,0.206709400211886,0.221679489616457,0.0133501035211673,0.0140274421186333,-1.09326892229437,0.0136482545839332,0.997586484312148,-1.09685009995302,-1.09420283502956,-1.40228858880928,-0.823771249754512,6.14597866848617e-19,TRUE,TRUE,TRUE,6.29962813519832e-18
"GSE57338","HF","array","REACTOME_REGULATION_OF_PTEN_MRNA_TRANSLATION","C_v1",177,136,0.301870521708281,0.296867532815823,0.0278745245129098,0.0368860435594938,0.153032767445107,0.0320985426460105,0.997586484312148,0.155863428057521,0.155487249228741,-0.0788568649883,0.373456044186974,0.188516167977263,FALSE,FALSE,FALSE,0.220833225344793
"GSE57338","HF","array","REACTOME_REGULATION_OF_NPAS4_MRNA_TRANSLATION","C_v1",177,136,0.24923513868087,0.241572037050666,0.0321930781005249,0.0423345512697096,0.203766676222672,0.0369389134244407,0.997586484312148,0.207453357984633,0.20695266605064,-0.0219197274092979,0.418985250588891,0.080255585731943,FALSE,TRUE,FALSE,0.0967787945591077
"GSE57338","HF","array","REACTOME_REGULATION_OF_PD_L1_CD274_TRANSLATION","C_v1",177,136,0.203768211662651,0.206730584754654,0.0315412736478493,0.0401415924601618,-0.082063669526038,0.0355311487426735,0.997586484312148,-0.0833739745781138,-0.0831727501825109,-0.328710144584529,0.125082154919545,0.479123674475895,FALSE,FALSE,FALSE,0.491101766337793
"TCGA_LIHC","HCC","RNA-seq","KEGG_RIBOSOME","A",371,50,0.792039175401488,0.774660453236389,0.0280646974233714,0.0186857487800899,0.728943346207351,0.0271357755785431,0.998208955223881,0.640435800878326,0.639288751682723,0.426882216821037,0.857875781016378,1.4133790797519e-07,TRUE,TRUE,TRUE,2.069590795351e-07
"TCGA_LIHC","HCC","RNA-seq","KEGG_AMINOACYL_TRNA_BIOSYNTHESIS","A",371,50,0.453417837016037,0.417491535152376,0.0365941727576695,0.0192315070028797,1.22901864291009,0.0350111499372883,0.998208955223881,1.02613887084576,1.02430101018155,0.829256909725902,1.2400029690077,8.29192104788143e-19,TRUE,TRUE,TRUE,3.39968762963139e-18
"TCGA_LIHC","HCC","RNA-seq","REACTOME_TRANSLATION","A",371,50,0.629640618193512,0.6093196174335,0.0307646297396935,0.018054467977994,0.805645116173212,0.029561768624446,0.998208955223881,0.687408152677548,0.686176973896633,0.484070191885419,0.886828259579725,1.26757223930002e-09,TRUE,TRUE,TRUE,2.36229371869549e-09
"TCGA_LIHC","HCC","RNA-seq","REACTOME_EUKARYOTIC_TRANSLATION_INITIATION","A",371,50,0.750771772140348,0.733246919602764,0.0247065399251177,0.0159001765984246,0.843541448041257,0.0238452057470851,0.998208955223881,0.734942391500457,0.733626076769412,0.524388573024345,0.94824510745275,1.57604350322892e-09,TRUE,TRUE,TRUE,2.80946885358199e-09
"TCGA_LIHC","HCC","RNA-seq","REACTOME_EUKARYOTIC_TRANSLATION_ELONGATION","A",371,50,0.786857825819602,0.763998756119771,0.0267909968812775,0.0182489263579396,0.997280850050829,0.0259377086781922,0.998208955223881,0.881306440111638,0.879727980815916,0.658907743623252,1.10968492947629,1.92272330690505e-11,TRUE,TRUE,TRUE,4.63715621077101e-11
"TCGA_LIHC","HCC","RNA-seq","REACTOME_TRNA_AMINOACYLATION","A",371,50,0.482132414878594,0.438653504245823,0.0405737647113219,0.020696455276798,1.34998587362579,0.038778917501505,0.998208955223881,1.12119969906544,1.11919158020144,0.921613763464701,1.33390907193362,8.72416740126623e-22,TRUE,TRUE,TRUE,5.96151439086526e-21
"TCGA_LIHC","HCC","RNA-seq","REACTOME_CYTOSOLIC_TRNA_AMINOACYLATION","A",371,50,0.620860874887358,0.566890926783923,0.0477385080008749,0.0288183513237565,1.36875063966633,0.0459300982674491,0.998208955223881,1.17504534366919,1.17294078484471,0.951108617117847,1.41836179277047,5.30127742980765e-19,TRUE,TRUE,TRUE,3.10503392317305e-18
"TCGA_LIHC","HCC","RNA-seq","REACTOME_RRNA_PROCESSING","A",371,50,0.534539481745589,0.503481099865533,0.0387484684916529,0.0217444889946696,0.98853243328504,0.0371638482412813,0.998208955223881,0.835714904398854,0.834218101585005,0.649897754913486,1.03855933178339,2.80989064844735e-13,TRUE,TRUE,TRUE,7.97271456760871e-13
"TCGA_LIHC","HCC","RNA-seq","REACTOME_SRP_DEPENDENT_COTRANSLATIONAL_PROTEIN_TARGETING_TO_MEMBRANE","A",371,50,0.77558412990394,0.755660522165817,0.0240328457722918,0.0158069072505763,0.979525567180775,0.0232218108740427,0.998208955223881,0.857969597900483,0.856432935934094,0.639023393808409,1.07070129311097,1.73642438742179e-11,TRUE,TRUE,TRUE,4.44958749276832e-11
"TCGA_LIHC","HCC","RNA-seq","REACTOME_RIBOSOME_ASSOCIATED_QUALITY_CONTROL","A",371,50,0.712779957923183,0.69156393919105,0.0226781186457023,0.0147911435670032,1.10816565338382,0.0219029118625806,0.998208955223881,0.968639186663541,0.966904310508323,0.745968326915448,1.1939629429054,1.27078138671216e-13,TRUE,TRUE,TRUE,4.00784898886143e-13
"TCGA_LIHC","HCC","RNA-seq","REACTOME_RIBOSOME_QUALITY_CONTROL_RQC_COMPLEX_EXTRACTS_AND_DEGRADES_NASCENT_PEPTIDE","A",371,50,0.700660274426101,0.675416803170021,0.0237636086190993,0.0148654375780926,1.27361559747008,0.0229022226666578,0.998208955223881,1.10222800745146,1.10025386773662,0.883411588955698,1.31228124358173,7.42915731793391e-17,TRUE,TRUE,TRUE,2.76904954577536e-16
"TCGA_LIHC","HCC","RNA-seq","REACTOME_MITOCHONDRIAL_TRANSLATION","A",371,50,0.515014873410786,0.508021200135687,0.0587487372269482,0.0359634220720025,0.143586038052688,0.0565600668130961,0.998208955223881,0.123650371528202,0.123428908176211,-0.0790486906364905,0.329248773001803,0.241427566435709,FALSE,FALSE,FALSE,0.253808467278565
"TCGA_LIHC","HCC","RNA-seq","REACTOME_MITOCHONDRIAL_TRANSLATION_ELONGATION","A",371,50,0.477933100141338,0.465838176147056,0.0710490052283706,0.0440902699191388,0.204559725434585,0.0684467855324309,0.998208955223881,0.17670550779264,0.176389020315997,-0.0314113419348167,0.382614976646638,0.0985792320063203,FALSE,FALSE,FALSE,0.112270792007198
"TCGA_LIHC","HCC","RNA-seq","REACTOME_MITOCHONDRIAL_TRNA_AMINOACYLATION","A",371,50,0.351525301210064,0.320556901277987,0.0490607439420521,0.02866212895008,0.770788280040179,0.0471332925507389,0.998208955223881,0.657038756601592,0.655861970768873,0.439535354919884,0.865289505440862,4.48962023373199e-09,TRUE,TRUE,TRUE,7.66976789929215e-09
"TCGA_LIHC","HCC","RNA-seq","REACTOME_RRNA_PROCESSING_IN_THE_MITOCHONDRION","A",371,50,0.354685367341533,0.369271237020108,0.0592713879035702,0.0277010729904697,-0.315284609534038,0.0564977489082482,0.998208955223881,-0.258167271447619,-0.257704882304727,-0.426308580813357,-0.0775585401632888,0.00407217622414712,TRUE,TRUE,TRUE,0.00491056544676564
"TCGA_LIHC","HCC","RNA-seq","REACTOME_TRNA_PROCESSING","B_extra",371,50,0.249774135240264,0.201178861801798,0.0400196161385171,0.020529852861282,1.52794002088636,0.0382565466386686,0.998208955223881,1.2702472572197,1.26797218750528,1.08182450092893,1.47265799013243,3.40245202758844e-25,TRUE,TRUE,TRUE,2.79001066262252e-24
"TCGA_LIHC","HCC","RNA-seq","REACTOME_TRNA_PROCESSING_IN_THE_NUCLEUS","B_extra",371,50,0.330364353516878,0.270137488513916,0.0434822583052892,0.016235847245617,1.83506395436318,0.0412362089585273,0.998208955223881,1.46053350984653,1.45791762893337,1.30240270146797,1.63120914198177,5.52201712250729e-43,TRUE,TRUE,TRUE,2.26402702022799e-41
"TCGA_LIHC","HCC","RNA-seq","REACTOME_TRNA_MODIFICATION_IN_THE_NUCLEUS_AND_CYTOSOL","B_extra",371,50,0.118007963226599,0.0773351147608553,0.0537655270365103,0.0341547989539113,0.903029585804961,0.051856506770447,0.998208955223881,0.784334522296118,0.78292974404723,0.568376533851166,0.995801541429187,1.41139461619458e-10,TRUE,TRUE,TRUE,2.99430899106735e-10
"TCGA_LIHC","HCC","RNA-seq","REACTOME_RRNA_MODIFICATION_IN_THE_NUCLEUS_AND_CYTOSOL","B_extra",371,50,0.424499777897761,0.375443050306798,0.0523780746112055,0.0341816199897367,1.10923280793683,0.0505891772247118,0.998208955223881,0.96970795498528,0.967971164618142,0.753462767587214,1.19365048672493,1.23984053937866e-13,TRUE,TRUE,TRUE,4.00784898886143e-13
"TCGA_LIHC","HCC","RNA-seq","REACTOME_TRNA_MODIFICATION_IN_THE_MITOCHONDRION","B_extra",371,50,0.165899729707554,0.137050209160267,0.0615354110694338,0.0342266067647838,0.579425205578501,0.0589981208318934,0.998208955223881,0.488990499027749,0.488114695148893,0.298238416632758,0.688396627151259,2.77554354087608e-06,TRUE,TRUE,TRUE,3.79324283919731e-06
"TCGA_LIHC","HCC","RNA-seq","REACTOME_TRNA_PROCESSING_IN_THE_MITOCHONDRION","B_extra",371,50,0.498870641527932,0.518738355959707,0.0407829239575986,0.0169337579540377,-0.636276242267193,0.0387591610167424,0.998208955223881,-0.512594027078978,-0.511675948224508,-0.673024300210422,-0.358400362034033,5.22860328502829e-09,TRUE,TRUE,TRUE,8.57490938744639e-09
"TCGA_LIHC","HCC","RNA-seq","REACTOME_CARBOXYTERMINAL_POST_TRANSLATIONAL_MODIFICATIONS_OF_TUBULIN","C_v1",371,50,0.0257098492924813,-0.0665691821248054,0.057136120725355,0.0320924393144456,1.99142381339767,0.0548015455478418,0.998208955223881,1.68387643988484,1.68086054178355,1.47621331974968,1.913181064979,6.01106487517359e-31,TRUE,TRUE,TRUE,8.21512199607057e-30
"TCGA_LIHC","HCC","RNA-seq","HALLMARK_MYC_TARGETS_V1","C_v1",371,50,0.617966365741407,0.565338625975894,0.0378073616287152,0.0166287211958802,1.80198651390613,0.0359801703405828,0.998208955223881,1.46268734326009,1.46006760473485,1.27494851387804,1.66005322585438,1.58662067331022e-35,TRUE,TRUE,TRUE,3.25257238028594e-34
"TCGA_LIHC","HCC","RNA-seq","REACTOME_REGULATION_OF_PD_L1_CD274_POST_TRANSLATIONAL_MODIFICATION","C_v1",371,50,0.581951033519788,0.561988577783474,0.0202261479822076,0.0106604205078898,1.2347681571068,0.0193531738541644,0.998208955223881,1.03148227193851,1.02963484100369,0.826002625935144,1.2496649680813,7.16669766390793e-19,TRUE,TRUE,TRUE,3.26482893578028e-18
"TCGA_LIHC","HCC","RNA-seq","REACTOME_DENGUE_VIRUS_GENOME_TRANSLATION_AND_REPLICATION","C_v1",371,50,0.652693925869229,0.634164672993449,0.018122342019032,0.00989162376663224,1.26921101459063,0.017362449572467,0.998208955223881,1.06720268925437,1.06529128145273,0.836955515901536,1.3069738446698,6.22263320570992e-19,TRUE,TRUE,TRUE,3.18909951792633e-18
"TCGA_LIHC","HCC","RNA-seq","REACTOME_RESPIRATORY_SYNCYTIAL_VIRUS_RSV_GENOME_REPLICATION_TRANSCRIPTION_AND_TRANSLATION","C_v1",371,50,0.712076654595958,0.679778063658428,0.0250879178475498,0.0119286507400726,1.64427841783765,0.023925684605406,0.998208955223881,1.34995472314436,1.34753689378947,1.1589602380665,1.55374944055699,1.42478738256184e-29,TRUE,TRUE,TRUE,1.46040706712588e-28
"TCGA_LIHC","HCC","RNA-seq","HALLMARK_MYC_TARGETS_V2","C_v1",371,50,0.400111568888264,0.34045884766601,0.0642252965000558,0.0424951956599619,1.09544648959621,0.0620780758678446,0.998208955223881,0.96093057634786,0.959209506658879,0.745698010032242,1.19572566137066,2.91684679302758e-13,TRUE,TRUE,TRUE,7.97271456760871e-13
"TCGA_LIHC","HCC","RNA-seq","REACTOME_SARS_COV_2_MODULATES_HOST_TRANSLATION_MACHINERY","C_v1",371,50,0.631457212226394,0.602689543089321,0.0362913056658169,0.0232326721823223,0.944137498771738,0.0350165278583556,0.998208955223881,0.82154545000695,0.82007402532037,0.605761324101353,1.03191381590925,3.59935245988224e-11,TRUE,TRUE,TRUE,8.19852504750955e-11
"TCGA_LIHC","HCC","RNA-seq","REACTOME_REGULATION_OF_CDH1_POSTTRANSLATIONAL_PROCESSING_AND_TRAFFICKING_TO_PLASMA_MEMBRANE","C_v1",371,50,0.622884354442141,0.609616682197587,0.0227294661078974,0.013220961840013,0.713572312204015,0.0218323778465628,0.998208955223881,0.607706239686688,0.606617810600682,0.409454364337557,0.820475588026518,3.66227353700751e-08,TRUE,TRUE,TRUE,5.56123018582621e-08
"TCGA_LIHC","HCC","RNA-seq","REACTOME_TRANSLATION_OF_SARS_COV_2_STRUCTURAL_PROTEINS","C_v1",371,50,0.513586334317231,0.499044470396154,0.0198719270119277,0.012164790719877,0.882642644549322,0.0191316075862524,0.998208955223881,0.760096288590325,0.758734922103297,0.555276371201236,0.974099486150588,1.46063853222798e-10,TRUE,TRUE,TRUE,2.99430899106735e-10
"TCGA_LIHC","HCC","RNA-seq","REACTOME_SARS_COV_1_MODULATES_HOST_TRANSLATION_MACHINERY","C_v1",371,50,0.805202139616493,0.791112169964659,0.0262895811277857,0.0206702844382829,0.59583491055812,0.0256959614571908,0.998208955223881,0.548334012537652,0.547351921768928,0.298144313698355,0.794017718363676,4.12655855769101e-05,TRUE,TRUE,TRUE,5.2871531520416e-05
"TCGA_LIHC","HCC","RNA-seq","HALLMARK_MTORC1_SIGNALING","C_v1",371,50,0.520140506653908,0.501339254700795,0.0343242433179501,0.0154415725119332,0.706445700004997,0.0326842319014497,0.998208955223881,0.575239216567912,0.574208937374059,0.39937344959046,0.755620522178463,6.85930555407688e-10,TRUE,TRUE,TRUE,1.33919775103406e-09
"TCGA_LIHC","HCC","RNA-seq","REACTOME_TRANSLATION_OF_REPLICASE_AND_ASSEMBLY_OF_THE_REPLICATION_TRANSCRIPTION_COMPLEX","C_v1",371,50,0.355339095281476,0.37534495624699,0.0414688497148543,0.0174883608236658,-0.628644665652339,0.0394249393835058,0.998208955223881,-0.507441768544189,-0.506532917615453,-0.6709140123255,-0.346074959451305,9.64706041844714e-09,TRUE,TRUE,TRUE,1.52126721983205e-08
"TCGA_LIHC","HCC","RNA-seq","REACTOME_REGULATION_OF_CDH1_MRNA_TRANSLATION_BY_MICRORNAS","C_v1",371,50,0.314251163119715,0.350259432151554,0.0624053420121115,0.0427641742886766,-0.673128116368078,0.0604388848665074,0.998208955223881,-0.595779837953184,-0.5947127695867,-0.825957608980046,-0.376811719161767,1.22454643886285e-06,TRUE,TRUE,TRUE,1.73125531011644e-06
"TCGA_LIHC","HCC","RNA-seq","REACTOME_POST_TRANSLATIONAL_MODIFICATION_SYNTHESIS_OF_GPI_ANCHORED_PROTEINS","C_v1",371,50,0.0408723586018634,0.0497116198441161,0.0381961169539286,0.0165228914532104,-0.300374721434493,0.0363352965140893,0.998208955223881,-0.243269275064955,-0.24283356890066,-0.399685560554622,-0.0796914832224581,0.0045655992997999,TRUE,TRUE,TRUE,0.00534827346547989
"TCGA_LIHC","HCC","RNA-seq","REACTOME_TRANSCRIPTIONAL_AND_POST_TRANSLATIONAL_REGULATION_OF_MITF_M_EXPRESSION_AND_ACTIVITY","C_v1",371,50,0.398339807567309,0.382858731722024,0.0337313153678589,0.02105691381815,0.550583744198955,0.0325052921280681,0.998208955223881,0.476263243052598,0.475410234259071,0.260229813671215,0.678126960868712,2.23925185138364e-05,TRUE,TRUE,TRUE,2.96159115828159e-05
"TCGA_LIHC","HCC","RNA-seq","REACTOME_REGULATION_OF_CDH11_MRNA_TRANSLATION_BY_MICRORNAS","C_v1",371,50,0.262686605696984,0.239020102819302,0.0694127010825464,0.0462247760712432,0.401333219363026,0.0671159240554575,0.998208955223881,0.352621277450135,0.351989716953209,0.137300248210345,0.567379982620932,0.00213823098821379,TRUE,TRUE,TRUE,0.00265659001565956
"TCGA_LIHC","HCC","RNA-seq","REACTOME_TRANSLATION_OF_SARS_COV_1_STRUCTURAL_PROTEINS","C_v1",371,50,0.539688557154732,0.536666270794554,0.0211194514002812,0.0130194532296142,0.172275448679046,0.0203394437981496,0.998208955223881,0.148592379918108,0.148326244312284,-0.0481676700021032,0.357837904184481,0.161952764390704,FALSE,FALSE,FALSE,0.179461171351862
"TCGA_LIHC","HCC","RNA-seq","REACTOME_REGULATION_OF_PTEN_MRNA_TRANSLATION","C_v1",371,50,0.35556255072683,0.356856051497435,0.0622577468903513,0.0455821094871884,-0.0237075231069858,0.0605452298290921,0.998208955223881,-0.0213642061357372,-0.0213259418859418,-0.250582426493774,0.214238386733365,0.858121818102616,FALSE,FALSE,FALSE,0.858121818102616
"TCGA_LIHC","HCC","RNA-seq","REACTOME_REGULATION_OF_NPAS4_MRNA_TRANSLATION","C_v1",371,50,0.312139644453096,0.301768183636284,0.0682154534409117,0.0499202747823623,0.173517069887709,0.0663369652653495,0.998208955223881,0.156345120331118,0.156065099220077,-0.0756827044369463,0.392677343908444,0.193085879798699,FALSE,FALSE,FALSE,0.208329501888069
"TCGA_LIHC","HCC","RNA-seq","REACTOME_REGULATION_OF_PD_L1_CD274_TRANSLATION","C_v1",371,50,0.244545370992907,0.246599698273453,0.0642075654494081,0.0450560215203294,-0.0370384919145835,0.0622727553607976,0.998208955223881,-0.0329891823260888,-0.0329300972234152,-0.265370866515364,0.191456708327272,0.775878868580324,FALSE,FALSE,FALSE,0.795275840294832
"GSE116250","HF","RNA-seq","KEGG_RIBOSOME","A",50,14,1.05660607217105,1.05328420468506,0.0136603601560529,0.0179886295626593,0.207983402021448,0.0146740647095009,0.987854251012146,0.226376777787575,0.223627262267888,-0.469096663242501,0.916320384083171,0.529786616407101,FALSE,TRUE,FALSE,0.708432415457852
"GSE116250","HF","RNA-seq","KEGG_AMINOACYL_TRNA_BIOSYNTHESIS","A",50,14,0.585925729204951,0.57920674366713,0.0316069286075035,0.0258253767222282,0.232802682890428,0.0304856523474241,0.987854251012146,0.220398286421731,0.2177213841575,-0.318132457631485,0.749803781824925,0.421590099633994,FALSE,TRUE,FALSE,0.622592940838073
"GSE116250","HF","RNA-seq","REACTOME_TRANSLATION","A",50,14,0.973304619878529,0.977701536131954,0.00963335582644226,0.0105596390654114,-0.435031809634565,0.0098348076575289,0.987854251012146,-0.447076994948547,-0.441646909989657,-1.11920644766184,0.17994869432825,0.176334490372138,FALSE,TRUE,FALSE,0.339908619884068
"GSE116250","HF","RNA-seq","REACTOME_EUKARYOTIC_TRANSLATION_INITIATION","A",50,14,1.02633248319081,1.02694390775862,0.0118993777197798,0.0137391535237867,-0.0475734298608797,0.0123079444118055,0.987854251012146,-0.0496772285733975,-0.0490738614247328,-0.674869608302949,0.62420134014714,0.881292803114176,FALSE,FALSE,FALSE,0.931208333002883
"GSE116250","HF","RNA-seq","REACTOME_EUKARYOTIC_TRANSLATION_ELONGATION","A",50,14,1.05978533771216,1.05425861838811,0.0121731298287863,0.0172504529137031,0.370194782394329,0.0133981131531816,0.987854251012146,0.412499824479644,0.40748970515398,-0.31934727024091,1.1742439107537,0.277230823790717,FALSE,TRUE,FALSE,0.50405604325585
"GSE116250","HF","RNA-seq","REACTOME_TRNA_AMINOACYLATION","A",50,14,0.680166163873984,0.677363686170757,0.0275177416106582,0.0222792383363116,0.111938454530922,0.0265052694259441,0.987854251012146,0.10573285101128,0.104448646343126,-0.427437856754372,0.646802066240711,0.696905022957631,FALSE,FALSE,FALSE,0.842104350520045
"GSE116250","HF","RNA-seq","REACTOME_CYTOSOLIC_TRNA_AMINOACYLATION","A",50,14,0.802285869013463,0.829383122111388,0.0256182035631162,0.0269474288420013,-1.03065796433892,0.0259025644239831,0.987854251012146,-1.04612240913243,-1.03341646894054,-1.77452669079338,-0.333219051362866,0.00309607444157584,TRUE,TRUE,TRUE,0.0144291934396751
"GSE116250","HF","RNA-seq","REACTOME_RRNA_PROCESSING","A",50,14,0.813591177242196,0.813985902743404,0.0140649644884354,0.0146403628290233,-0.0274963751477017,0.0141875462119112,0.987854251012146,-0.0278219711366492,-0.0274840524588761,-0.681337788793105,0.563859979928354,0.929229042470809,FALSE,FALSE,FALSE,0.931208333002883
"GSE116250","HF","RNA-seq","REACTOME_SRP_DEPENDENT_COTRANSLATIONAL_PROTEIN_TARGETING_TO_MEMBRANE","A",50,14,1.02540266118092,1.02066389480589,0.0117221452819967,0.0166337099506787,0.329331635374873,0.0129077807230209,0.987854251012146,0.367124796796385,0.362665791167279,-0.370719234336454,1.1697984686936,0.332089359330679,FALSE,TRUE,FALSE,0.553482265551132
"GSE116250","HF","RNA-seq","REACTOME_RIBOSOME_ASSOCIATED_QUALITY_CONTROL","A",50,14,1.01635409224432,1.0130852561249,0.00984717049631312,0.0130409654957035,0.282894974833886,0.0105968952590744,0.987854251012146,0.308471117200704,0.304724504441181,-0.384390743701008,1.10095457583676,0.395672414882116,FALSE,TRUE,FALSE,0.615053530028841
"GSE116250","HF","RNA-seq","REACTOME_RIBOSOME_QUALITY_CONTROL_RQC_COMPLEX_EXTRACTS_AND_DEGRADES_NASCENT_PEPTIDE","A",50,14,1.02870160625987,1.02692329923482,0.00803036597361775,0.00952509894217976,0.201862614602874,0.00836593489559984,0.987854251012146,0.212565247905194,0.209983483760596,-0.461017231500835,0.974892667800134,0.531324311593389,FALSE,TRUE,FALSE,0.708432415457852
"GSE116250","HF","RNA-seq","REACTOME_MITOCHONDRIAL_TRANSLATION","A",50,14,0.96562533474782,0.982174635213954,0.0189056266601418,0.0156609958084896,-0.953340016414398,0.0182730991763304,0.987854251012146,-0.905664677153985,-0.894664701318107,-1.48279776102985,-0.338971166296734,0.00271441412954139,TRUE,TRUE,TRUE,0.0144291934396751
"GSE116250","HF","RNA-seq","REACTOME_MITOCHONDRIAL_TRANSLATION_ELONGATION","A",50,14,0.983388258381767,0.996696392519318,0.0187113910592142,0.0152960940134366,-0.778741874853683,0.0180489066821296,0.987854251012146,-0.737337411729587,-0.728381896607365,-1.29306885886536,-0.191379376251486,0.0113570827362044,TRUE,TRUE,TRUE,0.0378569424540148
"GSE116250","HF","RNA-seq","REACTOME_MITOCHONDRIAL_TRNA_AMINOACYLATION","A",50,14,0.638016008295602,0.624693461474366,0.0321724951511188,0.0272531090532334,0.446848836480786,0.0312053340555296,0.987854251012146,0.426931716145968,0.421746310686705,-0.122386336295386,0.990751884627743,0.133837857046248,FALSE,TRUE,FALSE,0.297417460102774
"GSE116250","HF","RNA-seq","REACTOME_RRNA_PROCESSING_IN_THE_MITOCHONDRION","A",50,14,0.76158413752287,0.782981395266618,0.0264586820678723,0.0204066468386016,-0.905618103845845,0.0253098976684466,0.987854251012146,-0.84541067783229,-0.835142531947687,-1.40315481119436,-0.354052739441468,0.0032465685239269,TRUE,TRUE,TRUE,0.0144291934396751
"GSE116250","HF","RNA-seq","REACTOME_TRNA_PROCESSING","B_extra",50,14,0.497162279571575,0.502902023522486,0.0111983546075604,0.0120602771091057,-0.493219623226506,0.0113844884858573,0.987854251012146,-0.504172318153903,-0.498048767730981,-1.09862493174045,0.129225096914166,0.125882554132756,FALSE,TRUE,FALSE,0.296194245018249
"GSE116250","HF","RNA-seq","REACTOME_TRNA_PROCESSING_IN_THE_NUCLEUS","B_extra",50,14,0.568611812054479,0.566592590523794,0.0119836205870403,0.0130252937817184,0.161340249133205,0.0122094018318206,0.987854251012146,0.165382510830492,0.163373816366964,-0.427195453456891,0.812362504757681,0.607844938474335,FALSE,FALSE,FALSE,0.76738383522554
"GSE116250","HF","RNA-seq","REACTOME_TRNA_MODIFICATION_IN_THE_NUCLEUS_AND_CYTOSOL","B_extra",50,14,0.36565400026394,0.376367288550393,0.0170483695181202,0.0146653279002775,-0.673725931294136,0.016577108297573,0.987854251012146,-0.64627003058317,-0.638420597013334,-1.24531023303038,-0.093728361358663,0.0287362991025368,TRUE,TRUE,TRUE,0.0766301309400982
"GSE116250","HF","RNA-seq","REACTOME_RRNA_MODIFICATION_IN_THE_NUCLEUS_AND_CYTOSOL","B_extra",50,14,0.613334802394968,0.612785059208792,0.0217144688998156,0.0205620672998698,0.0259973550474017,0.0214779601106196,0.987854251012146,0.0255956889455368,0.0252848101324331,-0.641987296071833,0.573623843483492,0.931208333002883,FALSE,FALSE,FALSE,0.931208333002883
"GSE116250","HF","RNA-seq","REACTOME_TRNA_MODIFICATION_IN_THE_MITOCHONDRION","B_extra",50,14,0.587597016707205,0.618143794002887,0.027204914176313,0.029540943875676,-1.07570588051601,0.0277110482676027,0.987854251012146,-1.1023320734999,-1.08894342483391,-1.86780243441838,-0.408265499689135,0.00242622259613783,TRUE,TRUE,TRUE,0.0144291934396751
"GSE116250","HF","RNA-seq","REACTOME_CARBOXYTERMINAL_POST_TRANSLATIONAL_MODIFICATIONS_OF_TUBULIN","C_v1",50,14,0.227680852549128,0.258494567498884,0.0273774964820625,0.0228892702675869,-1.22114937223039,0.0264994769825491,0.987854251012146,-1.1628046459199,-1.14868151256865,-1.74642507925968,-0.618094428192001,0.000266104750484849,TRUE,TRUE,TRUE,0.00266104750484849
"GSE116250","HF","RNA-seq","HALLMARK_MYC_TARGETS_V1","C_v1",50,14,0.924760270486606,0.927823976488364,0.0118177182724094,0.00964969636731585,-0.28398396558634,0.0113973547531547,0.987854251012146,-0.268808514616962,-0.265543633872627,-0.780908995604667,0.287750207474118,0.328339748640773,FALSE,TRUE,FALSE,0.553482265551132
"GSE116250","HF","RNA-seq","REACTOME_REGULATION_OF_PD_L1_CD274_POST_TRANSLATIONAL_MODIFICATION","C_v1",50,14,0.90224293201058,0.901936259877043,0.00778874888830772,0.00679081678087486,0.0419705593572905,0.00759038372545557,0.987854251012146,0.0404027180482681,0.0399119967764268,-0.481218575800279,0.631146821712286,0.886376640870349,FALSE,FALSE,FALSE,0.931208333002883
"GSE116250","HF","RNA-seq","REACTOME_DENGUE_VIRUS_GENOME_TRANSLATION_AND_REPLICATION","C_v1",50,14,0.917393473563339,0.918531988935114,0.0112073331308528,0.00992028774107139,-0.107575646713417,0.0109500102331983,0.987854251012146,-0.103973909387137,-0.102711068382435,-0.66614916517049,0.435816186831551,0.715788697942038,FALSE,FALSE,FALSE,0.842104350520045
"GSE116250","HF","RNA-seq","REACTOME_RESPIRATORY_SYNCYTIAL_VIRUS_RSV_GENOME_REPLICATION_TRANSCRIPTION_AND_TRANSLATION","C_v1",50,14,0.970142562539302,0.972500281106468,0.0134176295714779,0.0156593101404113,-0.161691222964424,0.0139176079618295,0.987854251012146,-0.169405444788573,-0.167347888778995,-0.786110608985165,0.518604516847618,0.613907068180432,FALSE,FALSE,FALSE,0.76738383522554
"GSE116250","HF","RNA-seq","HALLMARK_MYC_TARGETS_V2","C_v1",50,14,0.577961426421347,0.571329823581568,0.0258872772112027,0.0254190930797346,0.258499157559385,0.0257898138050114,0.987854251012146,0.257140392323842,0.254017229664039,-0.337916074824106,0.841840331239897,0.399784794518746,FALSE,TRUE,FALSE,0.615053530028841
"GSE116250","HF","RNA-seq","REACTOME_SARS_COV_2_MODULATES_HOST_TRANSLATION_MACHINERY","C_v1",50,14,0.884394072481347,0.874726168360487,0.0178709472493318,0.023992245550607,0.457020997704609,0.0193158505149225,0.987854251012146,0.500516615273634,0.49443746610027,-0.185648057205532,1.28913037812071,0.178452025439136,FALSE,TRUE,FALSE,0.339908619884068
"GSE116250","HF","RNA-seq","REACTOME_REGULATION_OF_CDH1_POSTTRANSLATIONAL_PROCESSING_AND_TRAFFICKING_TO_PLASMA_MEMBRANE","C_v1",50,14,0.902073834582994,0.898995404123467,0.0103897304302204,0.0133577036154852,0.2572627976454,0.0110781284219421,0.987854251012146,0.277883622781386,0.274508518051247,-0.436903079005679,1.03293045096465,0.435815058586651,FALSE,TRUE,FALSE,0.622592940838073
"GSE116250","HF","RNA-seq","REACTOME_TRANSLATION_OF_SARS_COV_2_STRUCTURAL_PROTEINS","C_v1",50,14,0.763173227525288,0.774504676958701,0.0124809641555723,0.0119262697789479,-0.928292345589312,0.0123667189218486,0.987854251012146,-0.916285839843346,-0.905156862031484,-1.51996831826966,-0.373332351951632,0.00516879622301319,TRUE,TRUE,TRUE,0.0206751848920528
"GSE116250","HF","RNA-seq","REACTOME_SARS_COV_1_MODULATES_HOST_TRANSLATION_MACHINERY","C_v1",50,14,1.03905509118276,1.02783447799084,0.0194514497212996,0.0240020031139423,0.513634100391599,0.0204895079019664,0.987854251012146,0.547627265896294,0.540975922585813,-0.113278105805147,1.29695306503954,0.125266684675875,FALSE,TRUE,FALSE,0.296194245018249
"GSE116250","HF","RNA-seq","HALLMARK_MTORC1_SIGNALING","C_v1",50,14,0.689664814369425,0.68830492615297,0.0163058804081438,0.0207270158612529,0.0729243346652798,0.0173266178237388,0.987854251012146,0.0784854973018522,0.077532232152437,-0.627537290338491,0.741579684493074,0.823296103868868,FALSE,FALSE,FALSE,0.931208333002883
"GSE116250","HF","RNA-seq","REACTOME_TRANSLATION_OF_REPLICASE_AND_ASSEMBLY_OF_THE_REPLICATION_TRANSCRIPTION_COMPLEX","C_v1",50,14,0.831166182328932,0.830778629434764,0.0149326831862172,0.0130221131013289,0.0276625815434231,0.0145528773980945,0.987854251012146,0.0266306712800543,0.0263072218313087,-0.492003641928392,0.540542380545725,0.924962826072555,FALSE,FALSE,FALSE,0.931208333002883
"GSE116250","HF","RNA-seq","REACTOME_REGULATION_OF_CDH1_MRNA_TRANSLATION_BY_MICRORNAS","C_v1",50,14,0.276700733317409,0.293812328981211,0.0369714400652898,0.0188370918371285,-0.583208460007205,0.033980627787592,0.987854251012146,-0.503569144477378,-0.497452920050527,-0.925298235785121,-0.0924817787523013,0.0230272554428456,TRUE,TRUE,TRUE,0.0657921584081301
"GSE116250","HF","RNA-seq","REACTOME_POST_TRANSLATIONAL_MODIFICATION_SYNTHESIS_OF_GPI_ANCHORED_PROTEINS","C_v1",50,14,0.144601797370519,0.151437429889522,0.0250697050311138,0.011912790009466,-0.348284582440604,0.0229448514017257,0.987854251012146,-0.297915745860467,-0.294297335991716,-0.70754864559109,0.0986569797029214,0.158143279961172,FALSE,TRUE,FALSE,0.332933220970888
"GSE116250","HF","RNA-seq","REACTOME_TRANSCRIPTIONAL_AND_POST_TRANSLATIONAL_REGULATION_OF_MITF_M_EXPRESSION_AND_ACTIVITY","C_v1",50,14,0.522518024982782,0.539567340744745,0.0194330665544763,0.0226828254469891,-0.807238527079545,0.0201579237294828,0.987854251012146,-0.845787293908006,-0.835514573739083,-1.51683413524157,-0.223042824986506,0.0192517322583281,TRUE,TRUE,TRUE,0.0592360992563942
"GSE116250","HF","RNA-seq","REACTOME_REGULATION_OF_CDH11_MRNA_TRANSLATION_BY_MICRORNAS","C_v1",50,14,0.357088326589191,0.390053953126869,0.0410711937620302,0.035564173131562,-0.858111367346617,0.0399793979669903,0.987854251012146,-0.824565356509283,-0.814550392665041,-1.4056846966632,-0.305184847623623,0.0068988646208197,TRUE,TRUE,TRUE,0.0250867804393443
"GSE116250","HF","RNA-seq","REACTOME_TRANSLATION_OF_SARS_COV_1_STRUCTURAL_PROTEINS","C_v1",50,14,0.775040825714516,0.791061320158649,0.0128225680094356,0.0109399445449025,-1.34417189246908,0.0124514316406209,0.987854251012146,-1.28663875018747,-1.27101155888965,-1.88364414690374,-0.78934441358167,9.96371888905144e-05,TRUE,TRUE,TRUE,0.00258128724786403
"GSE116250","HF","RNA-seq","REACTOME_REGULATION_OF_PTEN_MRNA_TRANSLATION","C_v1",50,14,0.373411810588198,0.406820300223128,0.0357056057166346,0.0224621932126225,-1.12003118844589,0.0333671596592421,0.987854251012146,-1.00123864230908,-0.98907784908265,-1.49732011330216,-0.543974653316045,0.000157108741432412,TRUE,TRUE,TRUE,0.00258128724786403
"GSE116250","HF","RNA-seq","REACTOME_REGULATION_OF_NPAS4_MRNA_TRANSLATION","C_v1",50,14,0.269373570213795,0.305797710299135,0.0361868094432444,0.0256097219667218,-1.16194380072093,0.034240827798482,0.987854251012146,-1.06376342008165,-1.05084321659888,-1.59146171437024,-0.587103747571366,0.000193596543589802,TRUE,TRUE,TRUE,0.00258128724786403
"GSE116250","HF","RNA-seq","REACTOME_REGULATION_OF_PD_L1_CD274_TRANSLATION","C_v1",50,14,0.361300016944315,0.393133863119173,0.0376919748481005,0.0254217963633699,-0.990236299055576,0.0354726255028303,0.987854251012146,-0.897420073186251,-0.886520234240669,-1.45332028227692,-0.437833711007463,0.000871327827357907,TRUE,TRUE,TRUE,0.00697062261886326
"GSE14520_GPL3921","HCC","array","KEGG_RIBOSOME","A",225,220,0.620850644706429,0.607587259343967,0.0113663575138788,0.00793796463101742,1.35296521906611,0.00982222861224923,0.998306041784303,1.35034378510812,1.34805635915932,1.14528239952857,1.59796633662383,9.14859198961313e-38,TRUE,TRUE,TRUE,1.48120060784213e-37
"GSE14520_GPL3921","HCC","array","KEGG_AMINOACYL_TRNA_BIOSYNTHESIS","A",225,220,-0.121441816469479,-0.151466754825733,0.0553202126254341,0.0440855232471664,0.600267151614579,0.050082253179757,0.998306041784303,0.599512530885698,0.59849698170859,0.417172574372911,0.789376736449443,5.90665744856054e-10,TRUE,TRUE,TRUE,7.17236975896637e-10
"GSE14520_GPL3921","HCC","array","REACTOME_TRANSLATION","A",225,220,0.406830444447596,0.367625787015211,0.0181493783417571,0.0151265079630641,2.34667743357268,0.0167234340057416,0.998306041784303,2.34429468367115,2.34032354643173,2.11851677697235,2.61944504406499,5.60379517964316e-85,TRUE,TRUE,TRUE,3.17548393513112e-84
"GSE14520_GPL3921","HCC","array","REACTOME_EUKARYOTIC_TRANSLATION_INITIATION","A",225,220,0.565925552812483,0.54944778097074,0.0123821003750895,0.00757451682649489,1.60543163055217,0.0102901067569155,0.998306041784303,1.60132175797578,1.59860918582789,1.39833154430536,1.83916607070306,2.78787488948459e-48,TRUE,TRUE,TRUE,6.77055330303401e-48
"GSE14520_GPL3921","HCC","array","REACTOME_EUKARYOTIC_TRANSLATION_ELONGATION","A",225,220,0.626825485027801,0.616116309318586,0.0115639452061933,0.00806754995137081,1.07411732316857,0.00998961717888564,0.998306041784303,1.0720306411592,1.07021466604713,0.874158671016311,1.32013820528528,4.41303890829923e-26,TRUE,TRUE,TRUE,6.25180512009058e-26
"GSE14520_GPL3921","HCC","array","REACTOME_TRNA_AMINOACYLATION","A",225,220,0.00149638504439003,-0.0598018725885705,0.0516088814814561,0.0344269156337621,1.39735485823643,0.0439623353822462,0.998306041784303,1.39433578994339,1.39197384337657,1.20285785020403,1.59729302585224,1.50642148897113e-39,TRUE,TRUE,TRUE,2.84546281250102e-39
"GSE14520_GPL3921","HCC","array","REACTOME_RRNA_PROCESSING","A",225,220,0.350099224990227,0.323894563787121,0.0202575648625764,0.00733258040717086,1.72016883057041,0.0152996817794571,0.998306041784303,1.71275857765165,1.70985723618754,1.52710918372726,1.94047566440433,1.30736341459282e-49,TRUE,TRUE,TRUE,3.41925816124276e-49
"GSE14520_GPL3921","HCC","array","REACTOME_SRP_DEPENDENT_COTRANSLATIONAL_PROTEIN_TARGETING_TO_MEMBRANE","A",225,220,0.599290066919253,0.578371596033699,0.01161966070262,0.010499929280981,1.88897894699679,0.0110802657522654,0.998306041784303,1.88790335477988,1.88470532538161,1.61789310226749,2.23983523043242,1.77161508268642e-63,TRUE,TRUE,TRUE,5.01957606761154e-63
"GSE14520_GPL3921","HCC","array","REACTOME_RIBOSOME_ASSOCIATED_QUALITY_CONTROL","A",225,220,0.515670853997858,0.489315628033352,0.0119484464258402,0.0103189435581916,2.36084606766454,0.0111726340418068,0.998306041784303,2.35890890777307,2.35491301464867,2.07323522249814,2.70461551869692,6.80101135641512e-86,TRUE,TRUE,TRUE,4.62468772236228e-85
"GSE14520_GPL3921","HCC","array","REACTOME_RIBOSOME_QUALITY_CONTROL_RQC_COMPLEX_EXTRACTS_AND_DEGRADES_NASCENT_PEPTIDE","A",225,220,0.506515329237504,0.47508522115237,0.0132836897368209,0.0117618763750908,2.50521375410893,0.0125544481582595,0.998306041784303,2.50350375332551,2.49926292257453,2.20422360741832,2.83672655016787,7.89042285955252e-93,TRUE,TRUE,TRUE,8.94247924082619e-92
"GSE14520_GPL3921","HCC","array","REACTOME_MITOCHONDRIAL_TRANSLATION","A",225,220,0.169394098624106,0.108113092504001,0.0508621621627858,0.0371484071847301,1.37597889226599,0.0446127012043354,0.998306041784303,1.37362240944403,1.37129555047829,1.16795451299205,1.61685113488823,6.51670729381973e-39,TRUE,TRUE,TRUE,1.16614762099932e-38
"GSE14520_GPL3921","HCC","array","REACTOME_MITOCHONDRIAL_TRANSLATION_ELONGATION","A",225,220,0.166246971875309,0.103777793555574,0.0521175833918691,0.0388213463512076,1.35941731659658,0.0460270935008995,0.998306041784303,1.35722622412631,1.35492713961339,1.15146411860025,1.59917710411215,3.09761493284997e-38,TRUE,TRUE,TRUE,5.26594538584495e-38
"GSE14520_GPL3921","HCC","array","REACTOME_MITOCHONDRIAL_TRNA_AMINOACYLATION","A",225,220,-0.121441816469479,-0.151466754825733,0.0553202126254341,0.0440855232471664,0.600267151614579,0.050082253179757,0.998306041784303,0.599512530885698,0.59849698170859,0.417172574372911,0.789376736449443,5.90665744856054e-10,TRUE,TRUE,TRUE,7.17236975896637e-10
"GSE14520_GPL3921","HCC","array","REACTOME_RRNA_PROCESSING_IN_THE_MITOCHONDRION","A",225,220,0.102882092741609,0.128189827551058,0.0468741130462544,0.0373926671195961,-0.59689099431794,0.042452395448661,0.998306041784303,-0.596143858125845,-0.595134015339635,-0.801712431555325,-0.412784748988495,7.29282181456987e-10,TRUE,TRUE,TRUE,8.55020488604744e-10
"GSE14520_GPL3921","HCC","array","REACTOME_TRNA_PROCESSING","B_extra",225,220,-0.013477095301709,-0.103641784696035,0.0430384211400559,0.022073456200865,2.63624614550748,0.0343143574430766,0.998306041784303,2.6276082699173,2.62315721130084,2.34091545325961,2.96327577368689,1.85016478679255e-89,TRUE,TRUE,TRUE,1.57264006877366e-88
"GSE14520_GPL3921","HCC","array","REACTOME_TRNA_PROCESSING_IN_THE_NUCLEUS","B_extra",225,220,0.0482053602437151,-0.0701731185831865,0.0510271114091112,0.0238168246952973,2.97296048042928,0.0399624376531004,0.998306041784303,2.96224369130088,2.95722577426311,2.64706206892308,3.31876075679133,8.55088503267873e-100,TRUE,TRUE,TRUE,1.45365045555538e-98
"GSE14520_GPL3921","HCC","array","REACTOME_TRNA_MODIFICATION_IN_THE_NUCLEUS_AND_CYTOSOL","B_extra",225,220,-0.142111678894375,-0.203860673679108,0.0458944708926259,0.0324077043046609,1.55431037043048,0.0398025186378933,0.998306041784303,1.55138410577731,1.54875612592562,1.28461532855606,1.81719337127102,8.76486452438786e-47,TRUE,TRUE,TRUE,1.98670262552791e-46
"GSE14520_GPL3921","HCC","array","REACTOME_RRNA_MODIFICATION_IN_THE_NUCLEUS_AND_CYTOSOL","B_extra",225,220,0.100724914506527,0.0518123363501345,0.0404146967817954,0.016920188031508,1.57879449380308,0.0311034102591123,0.998306041784303,1.57257926860487,1.56991538503298,1.39150981391761,1.78389075101278,7.44963977123075e-45,TRUE,TRUE,TRUE,1.58304845138653e-44
"GSE14520_GPL3921","HCC","array","REACTOME_TRNA_MODIFICATION_IN_THE_MITOCHONDRION","B_extra",225,220,-0.0759541423704421,-0.0728209850453397,0.0559626044328744,0.0395536665259087,-0.0646575172250086,0.0485489210943554,0.998306041784303,-0.064536085549936,-0.0644267641176097,-0.248481847636451,0.112202990205613,0.494862979485908,FALSE,FALSE,FALSE,0.509858827349117
"GSE14520_GPL3921","HCC","array","REACTOME_CARBOXYTERMINAL_POST_TRANSLATIONAL_MODIFICATIONS_OF_TUBULIN","C_v1",225,220,0.0815725667596078,-0.00574044633943539,0.0798769547468193,0.0652643524569059,1.19709325582826,0.0730195228566874,0.998306041784303,1.1957488858207,1.19372333717165,0.94446036594617,1.46703653968722,2.34916186162398e-31,TRUE,TRUE,TRUE,3.63052287705524e-31
"GSE14520_GPL3921","HCC","array","HALLMARK_MYC_TARGETS_V1","C_v1",225,220,0.39220888475356,0.306074924617546,0.0370506479055286,0.0218527283652736,2.83184349738007,0.0304991490349988,0.998306041784303,2.824143061735,2.81935908139327,2.57782882023756,3.07480584545488,2.67409580251915e-100,TRUE,TRUE,TRUE,9.09192572856512e-99
"GSE14520_GPL3921","HCC","array","REACTOME_REGULATION_OF_PD_L1_CD274_POST_TRANSLATIONAL_MODIFICATION","C_v1",225,220,0.347283744357557,0.29939158544378,0.0241655367466974,0.024700291961543,1.9600318969633,0.0244313595002807,0.998306041784303,1.96027400412275,1.95695338186845,1.71240125917714,2.2427889473358,6.55033213629694e-67,TRUE,TRUE,TRUE,2.22711292634096e-66
"GSE14520_GPL3921","HCC","array","REACTOME_DENGUE_VIRUS_GENOME_TRANSLATION_AND_REPLICATION","C_v1",225,220,0.421898380371362,0.380826806789728,0.0205340133951835,0.0187631472102062,2.08818825634686,0.0196785014631631,0.998306041784303,2.08712912710951,2.08359361757742,1.78245616729011,2.46904303164309,4.21392663146838e-73,TRUE,TRUE,TRUE,1.59192783855472e-72
"GSE14520_GPL3921","HCC","array","REACTOME_RESPIRATORY_SYNCYTIAL_VIRUS_RSV_GENOME_REPLICATION_TRANSCRIPTION_AND_TRANSLATION","C_v1",225,220,0.447766819734317,0.402650656114181,0.0234607851096659,0.0191097365310694,2.10861129944102,0.0214205632484017,0.998306041784303,2.10620809065337,2.10264026215424,1.79883598250656,2.4962157461338,1.48184534627511e-73,TRUE,TRUE,TRUE,6.29784272166922e-73
"GSE14520_GPL3921","HCC","array","HALLMARK_MYC_TARGETS_V2","C_v1",225,220,0.0115856248943129,-0.0482386262695098,0.0515751786570887,0.0264485727622147,1.45966522715689,0.0411196624422913,0.998306041784303,1.4548818645528,1.45241735546548,1.27194629770907,1.65656889323416,4.86932907619378e-41,TRUE,TRUE,TRUE,9.73865815238756e-41
"GSE14520_GPL3921","HCC","array","REACTOME_SARS_COV_2_MODULATES_HOST_TRANSLATION_MACHINERY","C_v1",225,220,0.564512971566913,0.532206338036036,0.0160515934800834,0.0112484579844933,2.33097975524185,0.0138863500598564,0.998306041784303,2.32650288892482,2.32256189024228,2.09658836044168,2.61375800011244,2.58323899078689e-82,TRUE,TRUE,TRUE,1.25471608123935e-81
"GSE14520_GPL3921","HCC","array","REACTOME_REGULATION_OF_CDH1_POSTTRANSLATIONAL_PROCESSING_AND_TRAFFICKING_TO_PLASMA_MEMBRANE","C_v1",225,220,0.310362151930431,0.302460679182453,0.0297672579691824,0.0198147016537646,0.312490389776107,0.0253404977887884,0.998306041784303,0.311812057278311,0.311283860682131,0.136931974313461,0.50083033994155,0.00104485617553443,TRUE,TRUE,TRUE,0.00111015968650533
"GSE14520_GPL3921","HCC","array","REACTOME_TRANSLATION_OF_SARS_COV_2_STRUCTURAL_PROTEINS","C_v1",225,220,0.25423402245803,0.230319870601332,0.0247939811180217,0.0187909159716752,1.08709673622815,0.0220317169523357,0.998306041784303,1.08544204287099,1.0836033494048,0.889558612398429,1.30504344794362,1.04137205453417e-26,TRUE,TRUE,TRUE,1.53941955887659e-26
"GSE14520_GPL3921","HCC","array","REACTOME_SARS_COV_1_MODULATES_HOST_TRANSLATION_MACHINERY","C_v1",225,220,0.629315109039674,0.622291566630618,0.0112849280313276,0.00852490196306762,0.702312886161668,0.0100160037135479,0.998306041784303,0.701232009284845,0.700044151561606,0.517728926602307,0.907687001128119,6.69961988369235e-13,TRUE,TRUE,TRUE,8.76104138636692e-13
"GSE14520_GPL3921","HCC","array","HALLMARK_MTORC1_SIGNALING","C_v1",225,220,0.285629437376844,0.237561152325504,0.0288868053836189,0.018379966288435,1.98545328524013,0.0242680440823882,0.998306041784303,1.98072349333766,1.9773682305031,1.72506332455638,2.26606140857709,1.46546505255677e-65,TRUE,TRUE,TRUE,4.52961925335729e-65
"GSE14520_GPL3921","HCC","array","REACTOME_TRANSLATION_OF_REPLICASE_AND_ASSEMBLY_OF_THE_REPLICATION_TRANSCRIPTION_COMPLEX","C_v1",225,220,0.0983848455792599,0.083038258908564,0.0418555027218413,0.0319130887893199,0.412345416581761,0.0372733579382966,0.998306041784303,0.411730724559378,0.411033269915856,0.219096445323718,0.589874983621091,1.67242090538402e-05,TRUE,TRUE,TRUE,1.89541035943522e-05
"GSE14520_GPL3921","HCC","array","REACTOME_POST_TRANSLATIONAL_MODIFICATION_SYNTHESIS_OF_GPI_ANCHORED_PROTEINS","C_v1",225,220,-0.0875268005855849,-0.0888521543480707,0.0460769482979307,0.0249291203522681,0.0357776276389068,0.0371584079282186,0.998306041784303,0.0356676681370773,0.0356072485976017,-0.136114490617858,0.215794453837947,0.705286317284759,FALSE,FALSE,FALSE,0.705286317284759
"GSE14520_GPL3921","HCC","array","REACTOME_TRANSCRIPTIONAL_AND_POST_TRANSLATIONAL_REGULATION_OF_MITF_M_EXPRESSION_AND_ACTIVITY","C_v1",225,220,0.107001878811303,0.083713883525788,0.0304853083187928,0.0229699025605706,0.862823034914991,0.0270324317381399,0.998306041784303,0.861483550984346,0.860024233845468,0.673289971344596,1.08025382973147,3.38883025698347e-18,TRUE,TRUE,TRUE,4.60880914949752e-18
"GSE14520_GPL3921","HCC","array","REACTOME_TRANSLATION_OF_SARS_COV_1_STRUCTURAL_PROTEINS","C_v1",225,220,0.270265740680068,0.276691292040744,0.0243003725746012,0.014496224381274,-0.321147403547774,0.0200616763563546,0.998306041784303,-0.320289852479868,-0.319747294852855,-0.502456928188327,-0.135976212217665,0.000758142686174566,TRUE,TRUE,TRUE,0.000831511333223717
"GSE14520_GPL571","HCC","array","KEGG_RIBOSOME","A",22,19,0.694480282624494,0.684879422950118,0.0198505098848135,0.00546766520310151,0.659437882997737,0.0150324555940927,0.980645161290323,0.638675405643606,0.626313946179537,0.0268913237886165,1.76587633669626,0.0394428639443287,TRUE,TRUE,TRUE,0.0507122536427084
"GSE14520_GPL571","HCC","array","KEGG_AMINOACYL_TRNA_BIOSYNTHESIS","A",22,19,-0.145653154823986,-0.180806268247853,0.0674675964418138,0.0221594302722186,0.700064228043634,0.0517459608883661,0.980645161290323,0.679340238742584,0.666191717992728,0.128635072605916,1.35495573286671,0.0294232925205676,TRUE,TRUE,TRUE,0.0392310566940901
"GSE14520_GPL571","HCC","array","REACTOME_TRANSLATION","A",22,19,0.435173569742204,0.40146454485726,0.0363980760584701,0.00943956878603985,1.26779180284395,0.0274679846345711,0.980645161290323,1.22721143663803,1.20345895721923,0.489855291700614,2.68055982538785,0.000325356554250085,TRUE,TRUE,TRUE,0.000836631139500218
"GSE14520_GPL571","HCC","array","REACTOME_EUKARYOTIC_TRANSLATION_INITIATION","A",22,19,0.625572989174754,0.608595425373587,0.0223515652872223,0.00612761507711127,1.03596853769142,0.0169216140681359,0.980645161290323,1.00330640639872,0.983887572726483,0.302057756490203,2.30205177398173,0.00220666724473758,TRUE,TRUE,TRUE,0.00397200104052764
"GSE14520_GPL571","HCC","array","REACTOME_EUKARYOTIC_TRANSLATION_ELONGATION","A",22,19,0.711094034758139,0.70523641844635,0.0169442936535835,0.00525880493188195,0.466920896166981,0.0129368102946639,0.980645161290323,0.452786751785762,0.44402313723507,-0.104348476551322,1.43845518534299,0.136337757893687,FALSE,TRUE,FALSE,0.163605309472424
"GSE14520_GPL571","HCC","array","REACTOME_TRNA_AMINOACYLATION","A",22,19,0.0111365836054219,-0.034597975751857,0.0862050370373039,0.0182719449035381,0.733979527165522,0.0644636705663729,0.980645161290323,0.709462538441553,0.695731005439458,0.112315560218671,1.66809431785534,0.0234468650349871,TRUE,TRUE,TRUE,0.0324648900484437
"GSE14520_GPL571","HCC","array","REACTOME_CYTOSOLIC_TRNA_AMINOACYLATION","A",22,19,0.187208729696988,0.068949161440262,0.117077525457222,0.0389884988869298,1.35531594514221,0.0899019324867349,0.980645161290323,1.31542854514474,1.28996863781936,0.630918504439772,2.47444737614288,0.000137334413150335,TRUE,TRUE,TRUE,0.000449458079401096
"GSE14520_GPL571","HCC","array","REACTOME_RRNA_PROCESSING","A",22,19,0.33762161370689,0.31071831739118,0.0275115919138306,0.00953108541390098,1.30674817228269,0.0212009857579865,0.980645161290323,1.26896440678826,1.24440380536656,0.763791459613496,1.94053148290877,0.000205236381483306,TRUE,TRUE,TRUE,0.000615709144449918
"GSE14520_GPL571","HCC","array","REACTOME_SRP_DEPENDENT_COTRANSLATIONAL_PROTEIN_TARGETING_TO_MEMBRANE","A",22,19,0.676186344995591,0.659910857912882,0.0209045841717872,0.00786443137713475,1.03053703454161,0.0162435955689082,0.980645161290323,1.0019633284802,0.982570489864455,0.28625693907539,2.42679416998462,0.00215168505121688,TRUE,TRUE,TRUE,0.00397200104052764
"GSE14520_GPL571","HCC","array","REACTOME_RIBOSOME_ASSOCIATED_QUALITY_CONTROL","A",22,19,0.55188810650573,0.528798643916312,0.0273231470155816,0.00627877415631725,1.16472608578686,0.0204984400331076,0.980645161290323,1.12640096281108,1.10459965385345,0.427442538555594,2.39775293451549,0.000794166297845582,TRUE,TRUE,TRUE,0.0019059991148294
"GSE14520_GPL571","HCC","array","REACTOME_RIBOSOME_QUALITY_CONTROL_RQC_COMPLEX_EXTRACTS_AND_DEGRADES_NASCENT_PEPTIDE","A",22,19,0.538971613026217,0.507580051614282,0.0327356137945225,0.00842179816988938,1.31338139717517,0.0246933547274052,0.980645161290323,1.27125543525668,1.24665049134849,0.566762432865316,2.53579527053387,0.000222370688497565,TRUE,TRUE,TRUE,0.000615795752762489
"GSE14520_GPL571","HCC","array","REACTOME_MITOCHONDRIAL_TRANSLATION","A",22,19,0.203949901882119,0.163007698880916,0.0610388526139687,0.025241551317963,0.876596431725368,0.0479607260616055,0.980645161290323,0.853661034001286,0.837138562375455,0.236333361033419,1.74256367371964,0.00752867313865987,TRUE,TRUE,TRUE,0.0119293845758109
"GSE14520_GPL571","HCC","array","REACTOME_MITOCHONDRIAL_TRANSLATION_ELONGATION","A",22,19,0.200801558421097,0.158364360462598,0.0631991830004583,0.027857807944583,0.868947761223061,0.0500886152459523,0.980645161290323,0.847242387319317,0.83084414756475,0.230641132807705,1.70391374314807,0.00794730309049454,TRUE,TRUE,TRUE,0.0119293845758109
"GSE14520_GPL571","HCC","array","REACTOME_MITOCHONDRIAL_TRNA_AMINOACYLATION","A",22,19,-0.0867671544321057,-0.0898745156607645,0.0737295944293407,0.021464747535528,0.0572267346110436,0.0560334954658573,0.980645161290323,0.0554554236323209,0.0543820928523405,-0.502468318324158,0.718476939923283,0.851895718308349,FALSE,FALSE,FALSE,0.876235595974302
"GSE14520_GPL571","HCC","array","REACTOME_RRNA_PROCESSING_IN_THE_MITOCHONDRION","A",22,19,0.0293026165946792,0.0115610918465415,0.0614452607367675,0.0187915096689044,0.390483227068929,0.046860977273112,0.980645161290323,0.378599119790817,0.37127139489164,-0.213264581801099,0.913333452980347,0.209874863331225,FALSE,TRUE,FALSE,0.236109221247629
"GSE14520_GPL571","HCC","array","REACTOME_TRNA_PROCESSING","B_extra",22,19,-0.000279063942159571,-0.091527340560987,0.0489931980172462,0.0171952801388241,2.48530005698316,0.0378015059915867,0.980645161290323,2.41387940044336,2.36715915398317,1.84454091219597,3.25230452232124,9.46460462644451e-09,TRUE,TRUE,TRUE,1.70362883276001e-07
"GSE14520_GPL571","HCC","array","REACTOME_TRNA_PROCESSING_IN_THE_NUCLEUS","B_extra",22,19,0.078533987579695,-0.0418537975707599,0.061206640503324,0.0224291979801534,2.61178614411149,0.0474278264833238,0.980645161290323,2.53833654369096,2.48920744929695,1.88120398116927,3.54658071979641,3.11969192882519e-09,TRUE,TRUE,TRUE,1.12308909437707e-07
"GSE14520_GPL571","HCC","array","REACTOME_TRNA_MODIFICATION_IN_THE_NUCLEUS_AND_CYTOSOL","B_extra",22,19,-0.112392101707654,-0.177054825982663,0.0518894946622175,0.0253196152376143,1.58384283503286,0.041781607187104,0.980645161290323,1.54763611618481,1.51768186877478,0.926257791563009,2.35317716208403,1.2571526462512e-05,TRUE,TRUE,TRUE,5.02861058500482e-05
"GSE14520_GPL571","HCC","array","REACTOME_RRNA_MODIFICATION_IN_THE_NUCLEUS_AND_CYTOSOL","B_extra",22,19,0.0937395482975967,0.052143834830805,0.0480827758168676,0.0224762156364738,1.10830643292581,0.0384455208232373,0.980645161290323,1.08193913298868,1.060998375576,0.56601489585693,1.72214619939399,0.0010343268434792,TRUE,TRUE,TRUE,0.00232723539782821
"GSE14520_GPL571","HCC","array","REACTOME_TRNA_MODIFICATION_IN_THE_MITOCHONDRION","B_extra",22,19,-0.136676007502021,-0.170804007163341,0.0494075928335952,0.0256501649693154,0.866986144870926,0.0402256685989191,0.980645161290323,0.84841348447435,0.831992578323234,0.33913259177143,1.35590632559936,0.00795292305054061,TRUE,TRUE,TRUE,0.0119293845758109
"GSE14520_GPL571","HCC","array","REACTOME_CARBOXYTERMINAL_POST_TRANSLATIONAL_MODIFICATIONS_OF_TUBULIN","C_v1",22,19,0.23789280260177,0.113418864944283,0.073744545125463,0.0425906759757768,2.067082607773,0.0613637324802324,0.980645161290323,2.02846099196433,1.98920045663599,1.41585666443045,2.9632350550601,9.50789950538285e-08,TRUE,TRUE,TRUE,8.55710955484456e-07
"GSE14520_GPL571","HCC","array","HALLMARK_MYC_TARGETS_V1","C_v1",22,19,0.450515646161832,0.36793506488869,0.0495304043180665,0.0203739601047581,2.18060078929758,0.0388917790062072,0.980645161290323,2.12334286019577,2.08224590161134,1.28057568201102,3.40528830452406,7.55385613819928e-08,TRUE,TRUE,TRUE,8.55710955484456e-07
"GSE14520_GPL571","HCC","array","REACTOME_REGULATION_OF_PD_L1_CD274_POST_TRANSLATIONAL_MODIFICATION","C_v1",22,19,0.413058458304442,0.37520157648941,0.0492953223278022,0.0176537056219148,1.02247167721334,0.0381092776478427,0.980645161290323,0.993377050199086,0.974150397614587,0.322762890831344,2.1445290770731,0.00232959317066117,TRUE,TRUE,TRUE,0.00399358829256201
"GSE14520_GPL571","HCC","array","REACTOME_DENGUE_VIRUS_GENOME_TRANSLATION_AND_REPLICATION","C_v1",22,19,0.458927494481897,0.421833450907763,0.0238863683147339,0.0150054544548102,1.85968086884647,0.0202767242826353,0.980645161290323,1.82939034220142,1.79398278719107,1.10752794791303,2.89204488948682,6.35228609362111e-07,TRUE,TRUE,TRUE,3.81137165617267e-06
"GSE14520_GPL571","HCC","array","REACTOME_RESPIRATORY_SYNCYTIAL_VIRUS_RSV_GENOME_REPLICATION_TRANSCRIPTION_AND_TRANSLATION","C_v1",22,19,0.505283582357841,0.462154506480204,0.0269717632344534,0.0125467433061905,2.05040118047373,0.0215493292584828,0.980645161290323,2.00141152238692,1.96267452517943,1.43092960808292,2.76404495318828,1.78339698427653e-07,TRUE,TRUE,TRUE,1.2840458286791e-06
"GSE14520_GPL571","HCC","array","HALLMARK_MYC_TARGETS_V2","C_v1",22,19,0.0747860907870116,-0.0112339335174844,0.0605996718268079,0.0284873788773705,1.81672408354533,0.0484969674788933,0.980645161290323,1.77371965251092,1.73938959472038,1.24632718070914,2.60076903542207,1.49246438774602e-06,TRUE,TRUE,TRUE,6.71608974485711e-06
"GSE14520_GPL571","HCC","array","REACTOME_SARS_COV_2_MODULATES_HOST_TRANSLATION_MACHINERY","C_v1",22,19,0.631465056028073,0.603832929704164,0.0252987395413218,0.00862369856471542,1.46204346164534,0.0194667223314122,0.980645161290323,1.41945448511998,1.39198117250475,0.621400912280748,2.95507047317856,5.32179115273558e-05,TRUE,TRUE,TRUE,0.000191584481498481
"GSE14520_GPL571","HCC","array","REACTOME_REGULATION_OF_CDH1_POSTTRANSLATIONAL_PROCESSING_AND_TRAFFICKING_TO_PLASMA_MEMBRANE","C_v1",22,19,0.31110507970196,0.291216420079873,0.0322401302105273,0.0116803822314683,0.820244257483097,0.0249531406168589,0.980645161290323,0.797040337625885,0.781613750446029,0.262117054107337,1.49314467349405,0.01190975245034,TRUE,TRUE,TRUE,0.0171500435284897
"GSE14520_GPL571","HCC","array","REACTOME_TRANSLATION_OF_SARS_COV_2_STRUCTURAL_PROTEINS","C_v1",22,19,0.294110884407221,0.260451774642231,0.0231270084288241,0.0116866796732884,1.83702466783264,0.0187359804464865,0.980645161290323,1.79649577779646,1.76172489177459,1.21029515524943,2.66697451014638,1.09549234450853e-06,TRUE,TRUE,TRUE,5.63396062890102e-06
"GSE14520_GPL571","HCC","array","REACTOME_SARS_COV_1_MODULATES_HOST_TRANSLATION_MACHINERY","C_v1",22,19,0.705908272780718,0.70639343460379,0.0194273856955467,0.00646132629371295,-0.0335123943296056,0.014916319482076,0.980645161290323,-0.032525571985383,-0.0318960447856659,-0.531246611173102,0.683569898684974,0.913023687949456,FALSE,FALSE,FALSE,0.913023687949456
"GSE14520_GPL571","HCC","array","HALLMARK_MTORC1_SIGNALING","C_v1",22,19,0.303897709409658,0.267686505843304,0.0447707295112281,0.0124687840168768,1.10190020002926,0.0339272422828277,0.980645161290323,1.06731939084486,1.04666159618335,0.435253546893312,2.10161785463124,0.00127694019323284,TRUE,TRUE,TRUE,0.00270410864449308
"GSE14520_GPL571","HCC","array","REACTOME_TRANSLATION_OF_REPLICASE_AND_ASSEMBLY_OF_THE_REPLICATION_TRANSCRIPTION_COMPLEX","C_v1",22,19,0.0815802719205572,0.0541175652750737,0.0517451510998612,0.0324441599568808,0.635906402852182,0.0439043240627392,0.980645161290323,0.625512571523464,0.613405876590752,0.0334711169859278,1.36837907970713,0.0463615897361488,TRUE,TRUE,TRUE,0.0575523182931502
"GSE14520_GPL571","HCC","array","REACTOME_REGULATION_OF_CDH1_MRNA_TRANSLATION_BY_MICRORNAS","C_v1",22,19,-0.00227700237920076,0.0309128941291255,0.10672227086201,0.0479787943607756,-0.401137876232655,0.0848252910106284,0.980645161290323,-0.391273594383162,-0.38370055707252,-0.973426152949605,0.190279830485778,0.199082938323689,FALSE,TRUE,FALSE,0.23119308966622
"GSE14520_GPL571","HCC","array","REACTOME_POST_TRANSLATIONAL_MODIFICATION_SYNTHESIS_OF_GPI_ANCHORED_PROTEINS","C_v1",22,19,-0.048962972739639,-0.0324725312021374,0.0560997904488928,0.0336508894957658,-0.356489935317286,0.0470879697211713,0.980645161290323,-0.35020498091442,-0.343426819993496,-1.02837801554624,0.237339242579774,0.2545369289245,FALSE,TRUE,FALSE,0.277676649735818
"GSE14520_GPL571","HCC","array","REACTOME_TRANSCRIPTIONAL_AND_POST_TRANSLATIONAL_REGULATION_OF_MITF_M_EXPRESSION_AND_ACTIVITY","C_v1",22,19,0.125938726606193,0.0969143409180994,0.0364865966028248,0.016785949691346,1.02201080542748,0.0291012962490085,0.980645161290323,0.997357143123205,0.97805345648211,0.572863454521297,1.55962731118771,0.00220408090329325,TRUE,TRUE,TRUE,0.00397200104052764
"GSE14520_GPL571","HCC","array","REACTOME_TRANSLATION_OF_SARS_COV_1_STRUCTURAL_PROTEINS","C_v1",22,19,0.275692727097998,0.271883001832001,0.0221771066851271,0.0136876964035096,0.206736491124224,0.0187429712435447,0.980645161290323,0.203261543567106,0.199327449175485,-0.400887593181791,0.802449355575444,0.506428413130511,FALSE,FALSE,FALSE,0.536218319785247
"GSE76427","HCC","array","KEGG_RIBOSOME","A",115,52,0.936795453845549,0.910562483401872,0.0257728703011057,0.0257825516495941,1.01766095547551,0.0257758631061828,0.995447647951442,1.01773392943666,1.0131008462981,0.677167318337856,1.39622001923579,2.19303442270081e-08,TRUE,TRUE,TRUE,3.83781023972641e-08
"GSE76427","HCC","array","KEGG_AMINOACYL_TRNA_BIOSYNTHESIS","A",115,52,0.223569570616929,0.174365655439805,0.0481136470172929,0.0444431187990502,1.06238089188631,0.0470097318473038,0.995447647951442,1.04667508712765,1.04191025365059,0.731216101044894,1.40120185204981,3.33464471108808e-09,TRUE,TRUE,TRUE,6.14276657305698e-09
"GSE76427","HCC","array","REACTOME_TRANSLATION","A",115,52,0.727699719970662,0.689004586404434,0.0217175216391985,0.0285099922256501,1.52689543655766,0.024022967236935,0.995447647951442,1.61075578984825,1.60342306242861,1.22466003869238,2.08661552462768,3.62244694999395e-13,TRUE,TRUE,TRUE,1.58482054062235e-12
"GSE76427","HCC","array","REACTOME_EUKARYOTIC_TRANSLATION_INITIATION","A",115,52,0.853127494241747,0.823510636929364,0.0240859964838417,0.0252198238208852,1.20103587885042,0.024442068928203,0.995447647951442,1.21171646309403,1.20620030317099,0.87408497768436,1.5941121400778,2.03431983953021e-10,TRUE,TRUE,TRUE,4.18830555197397e-10
"GSE76427","HCC","array","REACTOME_EUKARYOTIC_TRANSLATION_ELONGATION","A",115,52,0.924060579427953,0.892960216466145,0.0258142313030428,0.0265277251414913,1.18824270322654,0.0260368535507403,0.995447647951442,1.1944747049101,1.18903703554025,0.846906766010746,1.57571015309969,2.42932610010652e-10,TRUE,TRUE,TRUE,4.72368963909601e-10
"GSE76427","HCC","array","REACTOME_TRNA_AMINOACYLATION","A",115,52,0.372352549530269,0.31545463694968,0.0430155783204317,0.0365719408026813,1.42515666516227,0.0411318358656732,0.995447647951442,1.38330593281575,1.37700863721871,1.06921949478643,1.77403080638188,1.64268491819834e-14,TRUE,TRUE,TRUE,9.58232868949032e-14
"GSE76427","HCC","array","REACTOME_RRNA_PROCESSING","A",115,52,0.634684214882835,0.601659128026531,0.0273079514156911,0.0227663232466615,1.31365199516564,0.0259890582083871,0.995447647951442,1.27073042014451,1.2649456079132,0.9583459328191,1.60830067572086,4.78387538873132e-13,TRUE,TRUE,TRUE,1.86039598450662e-12
"GSE76427","HCC","array","REACTOME_SRP_DEPENDENT_COTRANSLATIONAL_PROTEIN_TARGETING_TO_MEMBRANE","A",115,52,0.899121543300654,0.866558466536423,0.0229752682445502,0.0266274248396549,1.30941156528703,0.0241631304209151,0.995447647951442,1.34763485512807,1.34149994683462,0.991777739821145,1.75128580508082,2.85459594173591e-11,TRUE,TRUE,TRUE,6.66072386405045e-11
"GSE76427","HCC","array","REACTOME_RIBOSOME_ASSOCIATED_QUALITY_CONTROL","A",115,52,0.840584376291701,0.806283768830164,0.0229608647354241,0.0267069956239563,1.37728736996871,0.0241808080233918,0.995447647951442,1.41850542911371,1.41204789301759,1.06440903359912,1.84599697839304,4.71511946067369e-12,TRUE,TRUE,TRUE,1.17877986516842e-11
"GSE76427","HCC","array","REACTOME_RIBOSOME_QUALITY_CONTROL_RQC_COMPLEX_EXTRACTS_AND_DEGRADES_NASCENT_PEPTIDE","A",115,52,0.802311027471916,0.763451430601286,0.0245643139316262,0.0268072042698837,1.51144500979735,0.0252788287748104,0.995447647951442,1.53723881817469,1.53024076589165,1.17080565594503,1.98264956938797,5.04504905192983e-14,TRUE,TRUE,TRUE,2.52252452596492e-13
"GSE76427","HCC","array","REACTOME_MITOCHONDRIAL_TRANSLATION","A",115,52,0.602453818603055,0.563518230553101,0.0336798605801516,0.0403025251957022,1.04837167978062,0.0358577098244752,0.995447647951442,1.08583588412492,1.08089277691343,0.752101170770627,1.48883655008304,3.4549608703245e-08,TRUE,TRUE,TRUE,5.2575491504938e-08
"GSE76427","HCC","array","REACTOME_MITOCHONDRIAL_TRANSLATION_ELONGATION","A",115,52,0.620310295087582,0.579815077473477,0.0337723998840792,0.0420187225685526,1.06233103248909,0.0365206271867698,0.995447647951442,1.1088313847133,1.10378359388759,0.770664829220421,1.52262905800576,3.14248637318581e-08,TRUE,TRUE,TRUE,5.04613557611059e-08
"GSE76427","HCC","array","REACTOME_MITOCHONDRIAL_TRNA_AMINOACYLATION","A",115,52,0.315019304521295,0.262242670583085,0.0476922996825465,0.0371574333853109,1.23452336146401,0.0447019583892124,0.995447647951442,1.18063359727312,1.17525893749798,0.877586316506376,1.52701583817121,2.75574931682437e-12,TRUE,TRUE,TRUE,9.64512260888529e-12
"GSE76427","HCC","array","REACTOME_RRNA_PROCESSING_IN_THE_MITOCHONDRION","A",115,52,0.282472402505107,0.286084063523926,0.0511817377375245,0.0362543609171417,-0.0814343471346139,0.0470759749981241,0.995447647951442,-0.0767198346707285,-0.0763705789742002,-0.365023385960318,0.204487481017404,0.603220447711246,FALSE,FALSE,FALSE,0.620962225585106
"GSE76427","HCC","array","REACTOME_TRNA_PROCESSING","B_extra",115,52,0.285274837603503,0.216897999118247,0.0335423285479642,0.0242199141731178,2.33728244973935,0.0309620320836954,0.995447647951442,2.20840926397927,2.19835580754234,1.77320356328211,2.73235224251692,3.84249161901039e-30,TRUE,TRUE,TRUE,1.18372819720537e-28
"GSE76427","HCC","array","REACTOME_TRNA_PROCESSING_IN_THE_NUCLEUS","B_extra",115,52,0.301106631027927,0.211531962634784,0.0443524145796229,0.0319210980726701,2.31818733609705,0.0409153126126348,0.995447647951442,2.18927004765158,2.17930371966531,1.7808043419817,2.66442983231704,6.76416112688782e-30,TRUE,TRUE,TRUE,1.18372819720537e-28
"GSE76427","HCC","array","REACTOME_TRNA_MODIFICATION_IN_THE_NUCLEUS_AND_CYTOSOL","B_extra",115,52,0.253755012022012,0.21729852679533,0.034271450173314,0.025516966338286,1.20664991498271,0.0318237167117318,0.995447647951442,1.14557597269092,1.14036090756486,0.831812732446735,1.48017444488685,4.11491039264915e-12,TRUE,TRUE,TRUE,1.1629034732936e-11
"GSE76427","HCC","array","REACTOME_RRNA_MODIFICATION_IN_THE_NUCLEUS_AND_CYTOSOL","B_extra",115,52,0.470933729517315,0.448769604390142,0.0330953275836432,0.0224528016174841,0.783760021439332,0.0302088512035398,0.995447647951442,0.733696391757385,0.730356347485349,0.442244435521454,1.04106475845266,1.31962616003591e-06,TRUE,TRUE,TRUE,1.71062650375025e-06
"GSE76427","HCC","array","REACTOME_TRNA_MODIFICATION_IN_THE_MITOCHONDRION","B_extra",115,52,0.343388904490978,0.29629878406543,0.0542066167962026,0.0520045828578871,0.886535567221936,0.053535660234417,0.995447647951442,0.879602870672618,0.875598608742394,0.533810382021986,1.24895461650384,5.4616973144871e-07,TRUE,TRUE,TRUE,7.35228484642494e-07
"GSE76427","HCC","array","REACTOME_CARBOXYTERMINAL_POST_TRANSLATIONAL_MODIFICATIONS_OF_TUBULIN","C_v1",115,52,0.225059692490767,0.171978072159586,0.063064154266136,0.0490629059516226,0.939515636533165,0.05909179232541,0.995447647951442,0.898290917271016,0.894201580773576,0.600107810512406,1.21195992644376,3.17185664784094e-08,TRUE,TRUE,TRUE,5.04613557611059e-08
"GSE76427","HCC","array","HALLMARK_MYC_TARGETS_V1","C_v1",115,52,0.66892001180178,0.599266128606966,0.0368231032219253,0.0354064626451369,1.92830980807705,0.0363911214255802,0.995447647951442,1.91403508510327,1.90532172356259,1.56575001968813,2.32942936044839,2.08373439090517e-20,TRUE,TRUE,TRUE,2.43102345605604e-19
"GSE76427","HCC","array","REACTOME_REGULATION_OF_PD_L1_CD274_POST_TRANSLATIONAL_MODIFICATION","C_v1",115,52,0.650015173760028,0.611922933926649,0.0203567507562544,0.0252404668504056,1.66131243570457,0.0219824216084477,0.995447647951442,1.7328500249827,1.72496148162162,1.37317951509841,2.17371222725013,5.24765144594404e-15,TRUE,TRUE,TRUE,3.67335601216083e-14
"GSE76427","HCC","array","REACTOME_DENGUE_VIRUS_GENOME_TRANSLATION_AND_REPLICATION","C_v1",115,52,0.703507975507103,0.664159464283018,0.0233248024592934,0.024130899313406,1.65808677492256,0.0235769026801948,0.995447647951442,1.66894319231925,1.66134557535877,1.29753445905617,2.105027670305,3.12094887676539e-16,TRUE,TRUE,TRUE,2.73083026716972e-15
"GSE76427","HCC","array","REACTOME_RESPIRATORY_SYNCYTIAL_VIRUS_RSV_GENOME_REPLICATION_TRANSCRIPTION_AND_TRANSLATION","C_v1",115,52,0.772150787240114,0.732388912442146,0.0271811437024763,0.0307458770801996,1.37023444110409,0.0283309037975911,0.995447647951442,1.40348063309401,1.39709149515883,1.10066118888494,1.76802172256967,4.16427007804216e-12,TRUE,TRUE,TRUE,1.1629034732936e-11
"GSE76427","HCC","array","HALLMARK_MYC_TARGETS_V2","C_v1",115,52,0.376609186491089,0.348924276261244,0.0509385288982253,0.0401280985237979,0.603775129529502,0.0478585747136647,0.995447647951442,0.578473353949266,0.575839939591379,0.277433101842239,0.887141989901077,0.000239718283333701,TRUE,TRUE,TRUE,0.000289315169540673
"GSE76427","HCC","array","REACTOME_SARS_COV_2_MODULATES_HOST_TRANSLATION_MACHINERY","C_v1",115,52,0.815997116508633,0.784969930045825,0.0238242650308769,0.0264975946567632,1.23141299858701,0.0246815042439902,0.995447647951442,1.25710273393741,1.25137995973132,0.929696708999632,1.62998348817172,1.57615260147746e-10,TRUE,TRUE,TRUE,3.44783381573193e-10
"GSE76427","HCC","array","REACTOME_REGULATION_OF_CDH1_POSTTRANSLATIONAL_PROCESSING_AND_TRAFFICKING_TO_PLASMA_MEMBRANE","C_v1",115,52,0.58124242314718,0.572064941560969,0.0304091478707197,0.0220005738018179,0.345798306426534,0.0280802899589543,0.995447647951442,0.326830014918859,0.325342169630912,0.0477644236715646,0.631327990833908,0.0292934306193115,TRUE,TRUE,TRUE,0.0330732281185775
"GSE76427","HCC","array","REACTOME_TRANSLATION_OF_SARS_COV_2_STRUCTURAL_PROTEINS","C_v1",115,52,0.476050576630445,0.450192140636249,0.0216467650329616,0.0190841795727097,1.26721391146163,0.0208882886075096,0.995447647951442,1.23793942529593,1.23230388921719,0.937107860221037,1.59962081539497,4.31935575794766e-12,TRUE,TRUE,TRUE,1.1629034732936e-11
"GSE76427","HCC","array","REACTOME_SARS_COV_1_MODULATES_HOST_TRANSLATION_MACHINERY","C_v1",115,52,0.964062642451631,0.944658956173175,0.0236584950939852,0.0242715616685207,0.809600509717259,0.0238496711711085,0.995447647951442,0.813582968890646,0.809879252795544,0.502728085373808,1.18117276570979,5.32327115926519e-06,TRUE,TRUE,TRUE,6.65408894908149e-06
"GSE76427","HCC","array","HALLMARK_MTORC1_SIGNALING","C_v1",115,52,0.546014006896906,0.516143601183591,0.0359606045573814,0.0298435073729871,0.903960986009476,0.0341869371369975,0.995447647951442,0.873737404249318,0.869759843987182,0.589826139758556,1.21642263089628,1.38404823509086e-07,TRUE,TRUE,TRUE,2.01840367617417e-07
"GSE76427","HCC","array","REACTOME_TRANSLATION_OF_REPLICASE_AND_ASSEMBLY_OF_THE_REPLICATION_TRANSCRIPTION_COMPLEX","C_v1",115,52,0.344084648674875,0.297336092486176,0.0429551900084306,0.0545248446492675,0.952456123913314,0.0468374238243404,0.995447647951442,0.998102636131849,0.993558921551583,0.661795020639085,1.39554641868369,5.03779020027033e-07,TRUE,TRUE,TRUE,7.05290628037846e-07
"GSE76427","HCC","array","REACTOME_REGULATION_OF_CDH1_MRNA_TRANSLATION_BY_MICRORNAS","C_v1",115,52,0.421122174408587,0.44815945868911,0.0956252127187419,0.0688914329119827,-0.324431971982962,0.0882312448958059,0.995447647951442,-0.306436617917519,-0.305041610552189,-0.60652239654928,-0.0165515117338228,0.0404878300226547,TRUE,TRUE,TRUE,0.0442835640872786
"GSE76427","HCC","array","REACTOME_POST_TRANSLATIONAL_MODIFICATION_SYNTHESIS_OF_GPI_ANCHORED_PROTEINS","C_v1",115,52,0.105796345825337,0.0960491311852293,0.0352794019106922,0.0322119699322813,0.288545420094526,0.0343605383295492,0.995447647951442,0.283674677812755,0.28238329081209,-0.043907079593586,0.621033826098387,0.0817754304680661,FALSE,TRUE,FALSE,0.0867315171631004
"GSE76427","HCC","array","REACTOME_TRANSCRIPTIONAL_AND_POST_TRANSLATIONAL_REGULATION_OF_MITF_M_EXPRESSION_AND_ACTIVITY","C_v1",115,52,0.285926030753611,0.269846602692879,0.0325568905657766,0.0313293135741345,0.503284259527802,0.0321824578979136,0.995447647951442,0.499633313022178,0.497358806286113,0.167624136214927,0.847177406608829,0.00306361621480931,TRUE,TRUE,TRUE,0.00357421891727752
"GSE76427","HCC","array","REACTOME_TRANSLATION_OF_SARS_COV_1_STRUCTURAL_PROTEINS","C_v1",115,52,0.482712531559825,0.481150444091717,0.0323068720016063,0.0262633425998374,0.0530589658383589,0.0305667273000175,0.995447647951442,0.0511041778459105,0.0508715336372037,-0.234726070995914,0.377721248975119,0.741608276792151,FALSE,FALSE,FALSE,0.741608276792151
"GSE141910","HF","RNA-seq","KEGG_RIBOSOME","A",200,166,0.776182675265329,0.763760606551603,0.0358631468385602,0.0398667563833992,0.327604953280889,0.0377306463226133,0.997938144329897,0.329230212690022,0.328551387509218,0.117829603937511,0.538181507588731,0.00206477771430474,TRUE,TRUE,TRUE,0.00564372575243294
"GSE141910","HF","RNA-seq","KEGG_AMINOACYL_TRNA_BIOSYNTHESIS","A",200,166,0.415906581798831,0.413215832674291,0.0280471733999065,0.021485984075311,0.107703597054976,0.0252848596619383,0.997938144329897,0.106417403953016,0.106197986625278,-0.0911058527915619,0.312121716309213,0.299765776612643,FALSE,FALSE,FALSE,0.372436267912678
"GSE141910","HF","RNA-seq","REACTOME_TRANSLATION","A",200,166,0.628319975438322,0.625825992145766,0.038498414851781,0.0339436798519373,0.0687188385315578,0.0365042550803618,0.997938144329897,0.0683203447670873,0.0681794780768459,-0.140742286930161,0.263425280630132,0.510741764607664,FALSE,FALSE,FALSE,0.581678120803172
"GSE141910","HF","RNA-seq","REACTOME_EUKARYOTIC_TRANSLATION_INITIATION","A",200,166,0.743524280175892,0.737130615433161,0.0299988522212925,0.0329411727271909,0.202945260910931,0.0313668141017984,0.997938144329897,0.203835324874899,0.203415045854538,-0.0044263983771285,0.412432752392275,0.0551232009370673,FALSE,TRUE,FALSE,0.0807161156578485
"GSE141910","HF","RNA-seq","REACTOME_EUKARYOTIC_TRANSLATION_ELONGATION","A",200,166,0.778445695451712,0.766110677477331,0.0350593989704439,0.0391066030290912,0.332138520112769,0.0369489544624471,0.997938144329897,0.333839432098608,0.333151103372631,0.122258655288065,0.541404147626012,0.00179472001131581,TRUE,TRUE,TRUE,0.00525596574742487
"GSE141910","HF","RNA-seq","REACTOME_TRNA_AMINOACYLATION","A",200,166,0.447496919247835,0.446880459528763,0.0292512577013523,0.0227831881062804,0.0235133331606776,0.0265155321106457,0.997938144329897,0.0232490042628546,0.023201068171591,-0.178451048123553,0.221653719009627,0.820911759591606,FALSE,FALSE,FALSE,0.856316136416144
"GSE141910","HF","RNA-seq","REACTOME_CYTOSOLIC_TRNA_AMINOACYLATION","A",200,166,0.586252461773667,0.599130960654075,0.0274878297441352,0.0306557331373109,-0.442333617987076,0.0289667904660544,0.997938144329897,-0.444595299417115,-0.44367860807811,-0.637372541775059,-0.246777117872068,3.54579418971512e-05,TRUE,TRUE,TRUE,0.000132161419798473
"GSE141910","HF","RNA-seq","REACTOME_RRNA_PROCESSING","A",200,166,0.486941772591313,0.487415913940311,0.0314959761550884,0.0334143417309918,-0.0146027452005599,0.0323796509992576,0.997938144329897,-0.0146431889895504,-0.0146129968473039,-0.229633994619232,0.189324503201165,0.889768921754895,FALSE,FALSE,FALSE,0.889768921754895
"GSE141910","HF","RNA-seq","REACTOME_SRP_DEPENDENT_COTRANSLATIONAL_PROTEIN_TARGETING_TO_MEMBRANE","A",200,166,0.734968366429147,0.726953083522073,0.0329445163091071,0.03779033037516,0.226099035174797,0.0352238090035235,0.997938144329897,0.22755298571692,0.227083804303071,0.0233295141356029,0.43591562143086,0.0330959101767293,TRUE,TRUE,TRUE,0.0565388465519125
"GSE141910","HF","RNA-seq","REACTOME_RIBOSOME_ASSOCIATED_QUALITY_CONTROL","A",200,166,0.713771789459358,0.708212378299626,0.0290622543596931,0.0314189199385854,0.183699989870882,0.0301533543107364,0.997938144329897,0.184371234537972,0.183991087662636,-0.0196226776637423,0.392917352753726,0.0821833807176269,FALSE,FALSE,FALSE,0.116190296876645
"GSE141910","HF","RNA-seq","REACTOME_RIBOSOME_QUALITY_CONTROL_RQC_COMPLEX_EXTRACTS_AND_DEGRADES_NASCENT_PEPTIDE","A",200,166,0.707614360145734,0.705016331610835,0.0286074732637999,0.0296951543964253,0.0891066715348997,0.0291055525033318,0.997938144329897,0.0892622991644685,0.0890782531868098,-0.119959832749519,0.296871877212202,0.397466452686116,FALSE,FALSE,FALSE,0.479297781180316
"GSE141910","HF","RNA-seq","REACTOME_MITOCHONDRIAL_TRANSLATION","A",200,166,0.542459927850745,0.538020721003676,0.0742119355876451,0.0595079697500659,0.0659977983582839,0.0679421338279807,0.997938144329897,0.0653380545613658,0.0652033369230949,-0.145229934994571,0.264190532212394,0.525816033076085,FALSE,FALSE,FALSE,0.58266100962485
"GSE141910","HF","RNA-seq","REACTOME_MITOCHONDRIAL_TRANSLATION_ELONGATION","A",200,166,0.498190473929558,0.488132559786253,0.0940916606278496,0.0777179964687235,0.11655396467905,0.0870519806541519,0.997938144329897,0.115539176337231,0.115300951231381,-0.0950072105350365,0.312923772844816,0.263472413560316,FALSE,FALSE,FALSE,0.337574029874155
"GSE141910","HF","RNA-seq","REACTOME_MITOCHONDRIAL_TRNA_AMINOACYLATION","A",200,166,0.322344901672128,0.304650180161603,0.0385187894115211,0.0291656889423383,0.517937290797231,0.0345938325548216,0.997938144329897,0.511499310823216,0.510444673068941,0.309615455907702,0.730007185333286,9.12473716919035e-07,TRUE,TRUE,TRUE,4.67642779921006e-06
"GSE141910","HF","RNA-seq","REACTOME_RRNA_PROCESSING_IN_THE_MITOCHONDRION","A",200,166,0.305637491794569,0.316828212646782,0.0585311231416037,0.0396548739182384,-0.223850204560878,0.0508503668952283,0.997938144329897,-0.220071585231044,-0.219617829385207,-0.411223237295876,-0.0292038289269572,0.0307015264621535,TRUE,TRUE,TRUE,0.0547288080412301
"GSE141910","HF","RNA-seq","REACTOME_TRNA_PROCESSING","B_extra",200,166,0.180560874279316,0.194180705502646,0.0188373098728793,0.021875302375169,-0.667216819096433,0.0202709168404417,0.997938144329897,-0.671890242090974,-0.670504901385632,-0.885637399115396,-0.477054714822586,8.97777991839691e-10,TRUE,TRUE,TRUE,7.36177953308546e-09
"GSE141910","HF","RNA-seq","REACTOME_TRNA_PROCESSING_IN_THE_NUCLEUS","B_extra",200,166,0.283319330076211,0.292164527341056,0.0159857526990343,0.0220852936135302,-0.45881662358169,0.0189949201994001,0.997938144329897,-0.4656611963616,-0.464701070183535,-0.678812020148232,-0.260774441841246,2.25131932667818e-05,TRUE,TRUE,TRUE,9.23040923938055e-05
"GSE141910","HF","RNA-seq","REACTOME_TRNA_MODIFICATION_IN_THE_NUCLEUS_AND_CYTOSOL","B_extra",200,166,0.0455774152933468,0.0606858403051903,0.0258908436012042,0.0273897721571392,-0.56690222375222,0.0265807786972462,0.997938144329897,-0.568396629155516,-0.567224677342824,-0.778681168621077,-0.372979008902632,1.34386802437157e-07,TRUE,TRUE,TRUE,7.8712269998906e-07
"GSE141910","HF","RNA-seq","REACTOME_RRNA_MODIFICATION_IN_THE_NUCLEUS_AND_CYTOSOL","B_extra",200,166,0.313589374082547,0.32376044484185,0.0346380271795371,0.0458095093607416,-0.250458818684142,0.040089636237486,0.997938144329897,-0.253708232697616,-0.253185122939477,-0.457998165138645,-0.0545905840446518,0.0191217044748184,TRUE,TRUE,TRUE,0.0365930933082792
"GSE141910","HF","RNA-seq","REACTOME_TRNA_MODIFICATION_IN_THE_MITOCHONDRION","B_extra",200,166,0.113072766055344,0.152497791782038,0.0499336238607587,0.0440321784444236,-0.837485567529379,0.0473497448106987,0.997938144329897,-0.832634386612065,-0.830917614680906,-1.03848271131334,-0.638319683317735,1.44294179027853e-14,TRUE,TRUE,TRUE,1.4790153350355e-13
"GSE141910","HF","RNA-seq","REACTOME_TRNA_PROCESSING_IN_THE_MITOCHONDRION","B_extra",200,166,0.280783624347938,0.294854282146595,0.0522806255910182,0.0465762932230873,-0.284194395011282,0.0497759383081416,0.997938144329897,-0.282679910754301,-0.282097065577488,-0.491647340421704,-0.0860679578495678,0.00681652486790531,TRUE,TRUE,TRUE,0.0139738759792059
"GSE141910","HF","RNA-seq","REACTOME_CARBOXYTERMINAL_POST_TRANSLATIONAL_MODIFICATIONS_OF_TUBULIN","C_v1",200,166,0.044856199343234,0.0761034867947371,0.0263784354930182,0.0292310696706945,-1.1223353123138,0.0277079399388381,0.997938144329897,-1.12773766366167,-1.12541243136546,-1.3869565265979,-0.890052788893343,5.62914037875559e-23,TRUE,TRUE,TRUE,2.14386967623399e-21
"GSE141910","HF","RNA-seq","HALLMARK_MYC_TARGETS_V1","C_v1",200,166,0.605162199312912,0.609562232788667,0.0186685385663641,0.0234256907620721,-0.207734023711558,0.0209591599920149,0.997938144329897,-0.209933674700323,-0.209500821762797,-0.413352934389386,-0.0103593524887504,0.0510829184792663,TRUE,TRUE,TRUE,0.0775703576907378
"GSE141910","HF","RNA-seq","REACTOME_REGULATION_OF_PD_L1_CD274_POST_TRANSLATIONAL_MODIFICATION","C_v1",200,166,0.609068561158564,0.613033006244674,0.018136154715925,0.0178698165022526,-0.220204399229215,0.0180159123704988,0.997938144329897,-0.220052418361088,-0.219598702034571,-0.426155232342337,-0.0193248796735988,0.0365512075987508,TRUE,TRUE,TRUE,0.0576384427518763
"GSE141910","HF","RNA-seq","REACTOME_DENGUE_VIRUS_GENOME_TRANSLATION_AND_REPLICATION","C_v1",200,166,0.638946027808847,0.642556328488144,0.0150316974734062,0.0171876275632522,-0.223607734780866,0.0160449089152765,0.997938144329897,-0.225012226517531,-0.224548283782443,-0.427851010140248,-0.0223193311821122,0.0350384699230649,TRUE,TRUE,TRUE,0.0574630906738265
"GSE141910","HF","RNA-seq","REACTOME_RESPIRATORY_SYNCYTIAL_VIRUS_RSV_GENOME_REPLICATION_TRANSCRIPTION_AND_TRANSLATION","C_v1",200,166,0.665738202555259,0.676708793037946,0.0245149181210234,0.0282597991887685,-0.414708969564665,0.0262786704845679,0.997938144329897,-0.417471290609208,-0.41661052506156,-0.623181242107704,-0.213473981066312,0.00010601295920261,TRUE,TRUE,TRUE,0.000344629241441314
"GSE141910","HF","RNA-seq","HALLMARK_MYC_TARGETS_V2","C_v1",200,166,0.217629924898139,0.234098673899608,0.0535949535375281,0.0559602734190487,-0.300577388295743,0.0546798248920123,0.997938144329897,-0.301185108657414,-0.300564108433379,-0.507093699513644,-0.102693680502151,0.00453493522361713,TRUE,TRUE,TRUE,0.0103295746760168
"GSE141910","HF","RNA-seq","REACTOME_SARS_COV_2_MODULATES_HOST_TRANSLATION_MACHINERY","C_v1",200,166,0.625084216600881,0.610887123311813,0.0478562123900386,0.0497241878358355,0.290929176229471,0.0487118362037693,0.997938144329897,0.291450587690429,0.290849658643645,0.084068376463384,0.498782215579144,0.00597984871386892,TRUE,TRUE,TRUE,0.0129038840667698
"GSE141910","HF","RNA-seq","REACTOME_REGULATION_OF_CDH1_POSTTRANSLATIONAL_PROCESSING_AND_TRAFFICKING_TO_PLASMA_MEMBRANE","C_v1",200,166,0.534742541496801,0.535494602064335,0.0335957377107219,0.0351489290077721,-0.0218742405476243,0.0343085080030581,0.997938144329897,-0.0219205267529084,-0.0218753297905313,-0.227518827113268,0.173494202450907,0.83543037699136,FALSE,FALSE,FALSE,0.856316136416144
"GSE141910","HF","RNA-seq","REACTOME_TRANSLATION_OF_SARS_COV_2_STRUCTURAL_PROTEINS","C_v1",200,166,0.460739173900581,0.469278525573734,0.0142554537326841,0.0186747339492884,-0.51402549329831,0.0164068644167709,0.997938144329897,-0.520474324419025,-0.519401181482079,-0.718229608835438,-0.316386762377736,2.09931305641569e-06,TRUE,TRUE,TRUE,9.56353725700482e-06
"GSE141910","HF","RNA-seq","REACTOME_SARS_COV_1_MODULATES_HOST_TRANSLATION_MACHINERY","C_v1",200,166,0.803376324768463,0.786442065844374,0.0385347603150128,0.0432675165836501,0.413337826552322,0.0407482721039239,0.997938144329897,0.415582257841514,0.414725387206789,0.205262472090757,0.624128194275692,0.000109272686310661,TRUE,TRUE,TRUE,0.000344629241441314
"GSE141910","HF","RNA-seq","HALLMARK_MTORC1_SIGNALING","C_v1",200,166,0.434876701340155,0.455708078955591,0.0191165976193707,0.0256339384100105,-0.921281133447799,0.0223080775754577,0.997938144329897,-0.933804248482339,-0.93187887889784,-1.11359964860511,-0.753488085580618,2.96483864679865e-16,TRUE,TRUE,TRUE,4.05194615062483e-15
"GSE141910","HF","RNA-seq","REACTOME_TRANSLATION_OF_REPLICASE_AND_ASSEMBLY_OF_THE_REPLICATION_TRANSCRIPTION_COMPLEX","C_v1",200,166,0.45108671883067,0.460604880550044,0.0140870527811544,0.0150759170847061,-0.652381745906705,0.0145436352423407,0.997938144329897,-0.654455475592777,-0.653106082859596,-0.859083276082286,-0.447082175768753,1.68418998159522e-09,TRUE,TRUE,TRUE,1.15086315409007e-08
"GSE141910","HF","RNA-seq","REACTOME_REGULATION_OF_CDH1_MRNA_TRANSLATION_BY_MICRORNAS","C_v1",200,166,0.229591375228193,0.243305457780925,0.057390259028184,0.054310168040707,-0.245457821173871,0.0560150537216939,0.997938144329897,-0.244828517363728,-0.244323716296999,-0.449767515945686,-0.0364001615104067,0.0196353183605401,TRUE,TRUE,TRUE,0.0365930933082792
"GSE141910","HF","RNA-seq","REACTOME_POST_TRANSLATIONAL_MODIFICATION_SYNTHESIS_OF_GPI_ANCHORED_PROTEINS","C_v1",200,166,-0.0619126240495743,-0.0538673670643023,0.0293960180038949,0.0243799840401822,-0.297920431520805,0.0272369712083232,0.997938144329897,-0.295380015778461,-0.294770984818093,-0.511547741471998,-0.0902649993921095,0.00445110093993917,TRUE,TRUE,TRUE,0.0103295746760168
"GSE141910","HF","RNA-seq","REACTOME_TRANSCRIPTIONAL_AND_POST_TRANSLATIONAL_REGULATION_OF_MITF_M_EXPRESSION_AND_ACTIVITY","C_v1",200,166,0.408505253801937,0.431654879325458,0.0233293243137593,0.0188416161288068,-1.0917303784644,0.0214119260083798,0.997938144329897,-1.08115568466195,-1.07892649768326,-1.28610091641249,-0.884243518237689,1.0457900859678e-22,TRUE,TRUE,TRUE,2.14386967623399e-21
"GSE141910","HF","RNA-seq","REACTOME_REGULATION_OF_CDH11_MRNA_TRANSLATION_BY_MICRORNAS","C_v1",200,166,0.297780415294152,0.292651014977983,0.0740062943842218,0.0671544318151623,0.0725891468436777,0.0709823692054178,0.997938144329897,0.0722630193044876,0.0721140233883959,-0.132604152087328,0.282763518361041,0.487824846210217,FALSE,FALSE,FALSE,0.571451962703397
"GSE141910","HF","RNA-seq","REACTOME_TRANSLATION_OF_SARS_COV_1_STRUCTURAL_PROTEINS","C_v1",200,166,0.495142899429969,0.489159462778418,0.0194684532023634,0.0176306024454681,0.322170363354106,0.0186578068151996,0.997938144329897,0.320693461499253,0.320032237867296,0.124495241960019,0.523983081816149,0.00220971347888379,TRUE,TRUE,TRUE,0.0056623907896397
"GSE141910","HF","RNA-seq","REACTOME_REGULATION_OF_PTEN_MRNA_TRANSLATION","C_v1",200,166,0.37297354972146,0.380722485431616,0.0646245176182666,0.0600494895107389,-0.12422354632471,0.0625921216392439,0.997938144329897,-0.123800496088274,-0.123545237333453,-0.330939522994824,0.0802278030953288,0.235941447004011,FALSE,FALSE,FALSE,0.312051591198853
"GSE141910","HF","RNA-seq","REACTOME_REGULATION_OF_NPAS4_MRNA_TRANSLATION","C_v1",200,166,0.323527320122692,0.326628469404269,0.0692039698304393,0.0671627063618299,-0.0454774141447852,0.0682862330739141,0.997938144329897,-0.0454139749987437,-0.0453203379368907,-0.252052977926445,0.159068408176911,0.664740986506297,FALSE,FALSE,FALSE,0.717220538072584
"GSE141910","HF","RNA-seq","REACTOME_REGULATION_OF_PD_L1_CD274_TRANSLATION","C_v1",200,166,0.314366099883103,0.325254526296986,0.0738609391343754,0.0704421636733538,-0.150868161359999,0.0723312448146851,0.997938144329897,-0.150535587238677,-0.150225204584576,-0.353676938699848,0.0585600890611647,0.150723981244282,FALSE,FALSE,FALSE,0.205989441033851
