"tier","set","n_genes_in_msigdb","n_in_HF_platform","n_in_HCC_platform","n_in_common_U","frac_in_U"
"TierA","KEGG_RIBOSOME",88,81,85,80,0.909
"TierA","KEGG_AMINOACYL_TRNA_BIOSYNTHESIS",41,40,41,40,0.976
"TierA","REACTOME_TRANSLATION",414,385,406,382,0.923
"TierA","REACTOME_EUKARYOTIC_TRANSLATION_INITIATION",140,132,136,130,0.929
"TierA","REACTOME_EUKARYOTIC_TRANSLATION_ELONGATION",115,108,110,105,0.913
"TierA","REACTOME_TRNA_AMINOACYLATION",50,49,50,49,0.98
"TierA","REACTOME_CYTOSOLIC_TRNA_AMINOACYLATION",30,29,30,29,0.967
"TierA","REACTOME_RRNA_PROCESSING",248,226,240,223,0.899
"TierA","REACTOME_SRP_DEPENDENT_COTRANSLATIONAL_PROTEIN_TARGETING_TO_MEMBRANE",133,126,129,124,0.932
"TierA","REACTOME_RIBOSOME_ASSOCIATED_QUALITY_CONTROL",167,160,163,158,0.946
"TierA","REACTOME_RIBOSOME_QUALITY_CONTROL_RQC_COMPLEX_EXTRACTS_AND_DEGRADES_NASCENT_PEPTIDE",108,103,105,101,0.935
"TierA","REACTOME_MITOCHONDRIAL_TRANSLATION",124,104,121,104,0.839
"TierA","REACTOME_MITOCHONDRIAL_TRANSLATION_ELONGATION",99,92,96,92,0.929
"TierA","REACTOME_MITOCHONDRIAL_TRNA_AMINOACYLATION",23,23,23,23,1
"TierA","REACTOME_RRNA_PROCESSING_IN_THE_MITOCHONDRION",20,18,18,18,0.9
"TierB","KEGG_RIBOSOME",88,81,85,80,0.909
"TierB","KEGG_AMINOACYL_TRNA_BIOSYNTHESIS",41,40,41,40,0.976
"TierB","REACTOME_TRANSLATION",414,385,406,382,0.923
"TierB","REACTOME_EUKARYOTIC_TRANSLATION_INITIATION",140,132,136,130,0.929
"TierB","REACTOME_EUKARYOTIC_TRANSLATION_ELONGATION",115,108,110,105,0.913
"TierB","REACTOME_TRNA_AMINOACYLATION",50,49,50,49,0.98
"TierB","REACTOME_CYTOSOLIC_TRNA_AMINOACYLATION",30,29,30,29,0.967
"TierB","REACTOME_RRNA_PROCESSING",248,226,240,223,0.899
"TierB","REACTOME_SRP_DEPENDENT_COTRANSLATIONAL_PROTEIN_TARGETING_TO_MEMBRANE",133,126,129,124,0.932
"TierB","REACTOME_RIBOSOME_ASSOCIATED_QUALITY_CONTROL",167,160,163,158,0.946
"TierB","REACTOME_RIBOSOME_QUALITY_CONTROL_RQC_COMPLEX_EXTRACTS_AND_DEGRADES_NASCENT_PEPTIDE",108,103,105,101,0.935
"TierB","REACTOME_MITOCHONDRIAL_TRANSLATION",124,104,121,104,0.839
"TierB","REACTOME_MITOCHONDRIAL_TRANSLATION_ELONGATION",99,92,96,92,0.929
"TierB","REACTOME_MITOCHONDRIAL_TRNA_AMINOACYLATION",23,23,23,23,1
"TierB","REACTOME_RRNA_PROCESSING_IN_THE_MITOCHONDRION",20,18,18,18,0.9
"TierB","REACTOME_TRNA_PROCESSING",136,111,131,110,0.809
"TierB","REACTOME_TRNA_PROCESSING_IN_THE_NUCLEUS",76,63,75,62,0.816
"TierB","REACTOME_TRNA_MODIFICATION_IN_THE_NUCLEUS_AND_CYTOSOL",49,39,47,39,0.796
"TierB","REACTOME_RRNA_MODIFICATION_IN_THE_NUCLEUS_AND_CYTOSOL",80,78,78,77,0.963
"TierB","REACTOME_TRNA_MODIFICATION_IN_THE_MITOCHONDRION",11,11,11,11,1
"TierB","REACTOME_TRNA_PROCESSING_IN_THE_MITOCHONDRION",7,5,5,5,0.714
"TierC_v1","REACTOME_CARBOXYTERMINAL_POST_TRANSLATIONAL_MODIFICATIONS_OF_TUBULIN",47,27,25,20,0.426
"TierC_v1","HALLMARK_MYC_TARGETS_V1",200,188,199,187,0.935
"TierC_v1","REACTOME_CYTOSOLIC_TRNA_AMINOACYLATION",30,29,30,29,0.967
"TierC_v1","REACTOME_TRNA_AMINOACYLATION",50,49,50,49,0.98
"TierC_v1","REACTOME_RIBOSOME_QUALITY_CONTROL_RQC_COMPLEX_EXTRACTS_AND_DEGRADES_NASCENT_PEPTIDE",108,103,105,101,0.935
"TierC_v1","REACTOME_RIBOSOME_ASSOCIATED_QUALITY_CONTROL",167,160,163,158,0.946
"TierC_v1","REACTOME_REGULATION_OF_PD_L1_CD274_POST_TRANSLATIONAL_MODIFICATION",103,99,99,96,0.932
"TierC_v1","REACTOME_DENGUE_VIRUS_GENOME_TRANSLATION_AND_REPLICATION",95,84,90,83,0.874
"TierC_v1","REACTOME_RESPIRATORY_SYNCYTIAL_VIRUS_RSV_GENOME_REPLICATION_TRANSCRIPTION_AND_TRANSLATION",23,23,23,23,1
"TierC_v1","HALLMARK_MYC_TARGETS_V2",58,53,56,51,0.879
"TierC_v1","REACTOME_EUKARYOTIC_TRANSLATION_ELONGATION",115,108,110,105,0.913
"TierC_v1","REACTOME_SRP_DEPENDENT_COTRANSLATIONAL_PROTEIN_TARGETING_TO_MEMBRANE",133,126,129,124,0.932
"TierC_v1","REACTOME_RRNA_PROCESSING",248,226,240,223,0.899
"TierC_v1","REACTOME_SARS_COV_2_MODULATES_HOST_TRANSLATION_MACHINERY",71,63,67,60,0.845
"TierC_v1","REACTOME_REGULATION_OF_CDH1_POSTTRANSLATIONAL_PROCESSING_AND_TRAFFICKING_TO_PLASMA_MEMBRANE",40,38,39,37,0.925
"TierC_v1","REACTOME_TRANSLATION_OF_SARS_COV_2_STRUCTURAL_PROTEINS",64,61,60,59,0.922
"TierC_v1","REACTOME_EUKARYOTIC_TRANSLATION_INITIATION",140,132,136,130,0.929
"TierC_v1","REACTOME_TRANSLATION",414,385,406,382,0.923
"TierC_v1","REACTOME_SARS_COV_1_MODULATES_HOST_TRANSLATION_MACHINERY",54,52,53,52,0.963
"TierC_v1","HALLMARK_MTORC1_SIGNALING",200,180,195,176,0.88
"TierC_v1","REACTOME_MITOCHONDRIAL_TRNA_AMINOACYLATION",23,23,23,23,1
"TierC_v1","REACTOME_TRANSLATION_OF_REPLICASE_AND_ASSEMBLY_OF_THE_REPLICATION_TRANSCRIPTION_COMPLEX",15,14,13,12,0.8
"TierC_v1","REACTOME_REGULATION_OF_CDH1_MRNA_TRANSLATION_BY_MICRORNAS",15,9,10,9,0.6
"TierC_v1","REACTOME_POST_TRANSLATIONAL_MODIFICATION_SYNTHESIS_OF_GPI_ANCHORED_PROTEINS",108,45,49,38,0.352
"TierC_v1","REACTOME_TRANSCRIPTIONAL_AND_POST_TRANSLATIONAL_REGULATION_OF_MITF_M_EXPRESSION_AND_ACTIVITY",67,48,52,47,0.701
"TierC_v1","REACTOME_REGULATION_OF_CDH11_MRNA_TRANSLATION_BY_MICRORNAS",10,9,8,8,0.8
"TierC_v1","REACTOME_TRANSLATION_OF_SARS_COV_1_STRUCTURAL_PROTEINS",30,30,28,28,0.933
"TierC_v1","REACTOME_REGULATION_OF_PTEN_MRNA_TRANSLATION",10,10,10,10,1
"TierC_v1","REACTOME_MITOCHONDRIAL_TRANSLATION_ELONGATION",99,92,96,92,0.929
"TierC_v1","REACTOME_RRNA_PROCESSING_IN_THE_MITOCHONDRION",20,18,18,18,0.9
"TierC_v1","REACTOME_REGULATION_OF_NPAS4_MRNA_TRANSLATION",9,8,8,8,0.889
"TierC_v1","REACTOME_MITOCHONDRIAL_TRANSLATION",124,104,121,104,0.839
"TierC_v1","REACTOME_REGULATION_OF_PD_L1_CD274_TRANSLATION",14,9,9,9,0.643
