"cohort","disease","set","tier","n","n_female","g_unadjusted","ci_lo_unadj","ci_hi_unadj","p_unadjusted","g_adjusted","ci_lo_adj","ci_hi_adj","p_adjusted","b_age","p_age","b_sex_female","p_sex","max_vif","covariates","attenuation","sign_kept","survives","p_fdr_unadj","p_fdr_adj"
"GSE116250","HF","REACTOME_CYTOSOLIC_TRNA_AMINOACYLATION","A",64,13,-1.04612240913243,-1.7963446419097,-0.33731600691241,0.000983856180147128,-1.03302749747636,-1.89213629090483,-0.34191423913664,0.00117221624869861,-0.285337649418383,0.0297462394084256,-0.0906603788940785,0.774797389127908,1.03017138831241,"age+sex",0.0125175711195485,TRUE,TRUE,0.00787084944117703,0.0093777299895889
"GSE116250","HF","REACTOME_MITOCHONDRIAL_TRANSLATION","A",64,13,-0.905664677153974,-1.50102888104251,-0.343138844570874,0.00393802222188887,-0.889545566843267,-1.57467237777518,-0.33672641648848,0.00471921187442891,-0.251463490764201,0.0543840271314858,-0.172321010875315,0.586907659090526,1.03017138831241,"age+sex",0.0177980998015302,TRUE,TRUE,0.0189170630835303,0.0235960593721445
"GSE116250","HF","REACTOME_RRNA_PROCESSING_IN_THE_MITOCHONDRION","A",64,13,-0.845410677832285,-1.42040671461069,-0.358405846893614,0.00688110445096502,-0.851479926935339,-1.45153185789665,-0.390030688598418,0.00668810202617185,-0.266468076918461,0.0418751308972681,-0.47470631756464,0.137609900427459,1.03017138831241,"age+sex",-0.00717905423032583,TRUE,TRUE,0.0250221980035092,0.0267524081046874
"GSE116250","HF","REACTOME_MITOCHONDRIAL_TRANSLATION_ELONGATION","A",64,13,-0.737337411729594,-1.30896724647435,-0.193732401369334,0.0176258887942341,-0.714014131866382,-1.38076012907904,-0.158297117538978,0.0217596296934386,-0.229022250110266,0.07897691716478,-0.105822439450192,0.738445816205483,1.03017138831241,"age+sex",0.031631759750943,TRUE,TRUE,0.0542335039822588,0.0669527067490419
"GSE116250","HF","REACTOME_TRANSLATION","A",64,13,-0.447076994948548,-1.13296718267407,0.182161178274905,0.14431854287763,-0.434983919932805,-1.15109846236585,0.167383336800727,0.156401771049425,-0.157671009413328,0.223380680851056,-0.390461379370495,0.220617579948643,1.03017138831241,"age+sex",0.0270491999194354,TRUE,FALSE,0.303828511321327,0.31280354209885
"GSE116250","HF","REACTOME_MITOCHONDRIAL_TRNA_AMINOACYLATION","A",64,13,0.42693171614597,-0.123891086331802,1.00293326025841,0.162965922479618,0.44798658594546,-0.11541611529906,1.01430585181488,0.144590973368301,-0.153578568966436,0.235480296610567,-0.0259441658547121,0.934726039905095,1.03017138831241,"age+sex",-0.0493167150699387,TRUE,FALSE,0.325931844959236,0.304402049196422
"GSE116250","HF","REACTOME_EUKARYOTIC_TRANSLATION_ELONGATION","A",64,13,0.412499824479635,-0.323273671104528,1.18868133588591,0.177431727301256,0.406378066542958,-0.310834381654252,1.22711596821742,0.185012006236217,0.0777034664318663,0.546586451040611,-0.862104866636876,0.00823584655279916,1.03017138831241,"age+sex",0.014840631615782,TRUE,FALSE,0.337965194859536,0.352403821402319
"GSE116250","HF","REACTOME_SRP_DEPENDENT_COTRANSLATIONAL_PROTEIN_TARGETING_TO_MEMBRANE","A",64,13,0.367124796796388,-0.375277257709449,1.18418123675131,0.229294569256215,0.353528482315676,-0.396599709145088,1.24893134877353,0.248026688524342,0.0967176648904906,0.453384994949655,-0.772321043657326,0.0172939894582267,1.03017138831241,"age+sex",0.0370345849677193,TRUE,FALSE,0.416899216829482,0.450957615498804
"GSE116250","HF","REACTOME_RIBOSOME_ASSOCIATED_QUALITY_CONTROL","A",64,13,0.308471117200705,-0.389116859402244,1.11449090258887,0.311611104908386,0.302437705041812,-0.388956495219737,1.12299126242093,0.322323883820658,0.0327606803313324,0.799108197349899,-0.775355454330886,0.0168797619156838,1.03017138831241,"age+sex",0.0195590829172094,TRUE,FALSE,0.541932356362411,0.560563276209839
"GSE116250","HF","KEGG_RIBOSOME","A",64,13,0.226376777787582,-0.474864245167613,0.927586618313708,0.456886521342506,0.21884484314389,-0.463468051128238,0.973720033260723,0.473037483346252,0.0603403749341309,0.639462719245126,-1.07275256233518,0.00120090064684412,1.03017138831241,"age+sex",0.0332716752897654,TRUE,FALSE,0.646254971015658,0.652465494270692
"GSE116250","HF","KEGG_AMINOACYL_TRNA_BIOSYNTHESIS","A",64,13,0.22039828642173,-0.322043922274491,0.759022680781791,0.468808059274399,0.253839316594412,-0.303745663627391,0.81271514473391,0.405596994342308,-0.214555127394298,0.0992997172452275,-0.0357459520789127,0.910157755752176,1.03017138831241,"age+sex",-0.151729991714606,TRUE,FALSE,0.646254971015658,0.579424277631869
"GSE116250","HF","REACTOME_RIBOSOME_QUALITY_CONTROL_RQC_COMPLEX_EXTRACTS_AND_DEGRADES_NASCENT_PEPTIDE","A",64,13,0.212565247905226,-0.466685476150423,0.986879053059986,0.484691228261744,0.209322340324524,-0.483851972299066,0.988905557188229,0.492429832625736,-0.0145190340680773,0.910176600436588,-0.185762268967828,0.558154301774109,1.03017138831241,"age+sex",0.0152560571996596,TRUE,FALSE,0.646254971015658,0.656573110167647
"GSE116250","HF","REACTOME_TRNA_AMINOACYLATION","A",64,13,0.105732851011279,-0.432693240239055,0.654754550661705,0.727764975983771,0.136703538292123,-0.411037659345219,0.684644303018014,0.6535671236472,-0.206047088680508,0.113129652431913,-0.0446013072165425,0.888036516973435,1.03017138831241,"age+sex",-0.292914519798016,TRUE,FALSE,0.861310585556528,0.792202574117818
"GSE116250","HF","REACTOME_EUKARYOTIC_TRANSLATION_INITIATION","A",64,13,-0.0496772285733542,-0.683167185454208,0.631875946788283,0.870035727797202,-0.0632222445460491,-0.709784993066203,0.639717055883588,0.83546065617234,0.0365257132451587,0.77661625396387,-0.5384749771704,0.0929933824984105,1.03017138831241,"age+sex",-0.272660459564368,TRUE,FALSE,0.93281256634097,0.928289617969267
"GSE116250","HF","REACTOME_RRNA_PROCESSING","A",64,13,-0.0278219711366476,-0.68971489275367,0.570792684599599,0.92698475183513,-0.0265257505050448,-0.68092060788644,0.573092515802122,0.930546140181842,-0.0231756290519843,0.857102029087686,-0.178306709878896,0.574016369393989,1.03017138831241,"age+sex",0.0465898201545968,TRUE,FALSE,0.93281256634097,0.930546140181842
"GSE116250","HF","REACTOME_TRNA_MODIFICATION_IN_THE_MITOCHONDRION","B_extra",64,13,-1.1023320734999,-1.89076721844812,-0.413285157472197,0.000547498265919472,-1.09579811200693,-1.87171271013605,-0.495784649770859,0.000614822272917518,-0.0430752162662274,0.737954225318257,-0.340596986824569,0.284591590172523,1.03017138831241,"age+sex",0.00592739851270507,TRUE,TRUE,0.0072999768789263,0.00819763030556691
"GSE116250","HF","REACTOME_TRNA_MODIFICATION_IN_THE_NUCLEUS_AND_CYTOSOL","B_extra",64,13,-0.646270030583173,-1.2606214244201,-0.0948807592442216,0.0365220925468041,-0.628330413074055,-1.23756267845443,-0.0741009705050306,0.0424520102813807,-0.0549903577050416,0.669392407149211,0.0106482756821951,0.973184048344994,1.03017138831241,"age+sex",0.0277587024930274,TRUE,TRUE,0.104348835848012,0.121291457946802
"GSE116250","HF","REACTOME_TRNA_PROCESSING","B_extra",64,13,-0.504172318153908,-1.11213261532742,0.130813930072952,0.100480213040687,-0.48168249685827,-1.0939324960168,0.157365591725118,0.117235031962243,-0.100996301815308,0.43375247955818,0.267337273994124,0.400098591968575,1.03017138831241,"age+sex",0.0446074099783733,TRUE,FALSE,0.228703973214435,0.260522293249429
"GSE116250","HF","REACTOME_TRNA_PROCESSING_IN_THE_NUCLEUS","B_extra",64,13,0.165382510830493,-0.432447856573167,0.822350568340765,0.586375542171393,0.195634700964529,-0.381086159584215,0.880787416791853,0.521053493476559,-0.122486208282241,0.343025130477869,0.620386872370559,0.0538524433281573,1.03017138831241,"age+sex",-0.182922547143109,TRUE,FALSE,0.732969427714241,0.67232708835685
"GSE116250","HF","REACTOME_RRNA_MODIFICATION_IN_THE_NUCLEUS_AND_CYTOSOL","B_extra",64,13,0.0255956889455405,-0.649880582498948,0.580676595657472,0.93281256634097,0.0395544659147079,-0.60487659963345,0.621755692099623,0.896596391752221,-0.063880238928073,0.619981426778714,0.317979281802308,0.317496314665357,1.03017138831241,"age+sex",-0.545356563711462,TRUE,FALSE,0.93281256634097,0.930546140181842
"GSE116250","HF","REACTOME_TRANSLATION_OF_SARS_COV_1_STRUCTURAL_PROTEINS","C_v1",64,13,-1.28663875018747,-1.90680370608699,-0.799049467847013,7.18748232226585e-05,-1.26311371077328,-1.928961870704,-0.757776232210581,0.00010026963317192,-0.054930493956956,0.66973048598862,-0.114686233951893,0.717463007957279,1.03017138831241,"age+sex",0.0182841060948639,TRUE,TRUE,0.00287499292890634,0.0040107853268768
"GSE116250","HF","REACTOME_CARBOXYTERMINAL_POST_TRANSLATIONAL_MODIFICATIONS_OF_TUBULIN","C_v1",64,13,-1.1628046459199,-1.76789751875878,-0.6256939498501,0.00028619430035194,-1.13288280026064,-1.80780891089499,-0.611945628139437,0.000415980285782177,-0.131396633852947,0.309339739128929,0.102233872391356,0.746999038117149,1.03017138831241,"age+sex",0.0257324785932436,TRUE,TRUE,0.00572388600703881,0.00819763030556691
"GSE116250","HF","REACTOME_REGULATION_OF_NPAS4_MRNA_TRANSLATION","C_v1",64,13,-1.06376342008165,-1.61102886659611,-0.594322236271013,0.000820030120892022,-1.03491191151203,-1.61664370887883,-0.55207793297958,0.00115007445710225,-0.171749256025045,0.185243428175362,0.21306957286857,0.501989374569964,1.03017138831241,"age+sex",0.027122110071624,TRUE,TRUE,0.00787084944117703,0.0093777299895889
"GSE116250","HF","REACTOME_REGULATION_OF_PTEN_MRNA_TRANSLATION","C_v1",64,13,-1.00123864230908,-1.51572978682637,-0.550662866266652,0.00155177213476915,-0.974678095716577,-1.54184692775781,-0.495810413842538,0.00209524225761632,-0.176483857273059,0.173593344445626,-0.0115866567992573,0.970821924499266,1.03017138831241,"age+sex",0.0265276882754388,TRUE,TRUE,0.0103451475651277,0.0139682817174421
"GSE116250","HF","REACTOME_TRANSLATION_OF_SARS_COV_2_STRUCTURAL_PROTEINS","C_v1",64,13,-0.916285839843353,-1.53865645333036,-0.377922503819889,0.00356055338564134,-0.898065782917913,-1.56783672519793,-0.362509060949506,0.0043594719256223,-0.038587793835316,0.764377131984839,-0.077661925179767,0.806373291213619,1.03017138831241,"age+sex",0.0198846867791328,TRUE,TRUE,0.0189170630835303,0.0235960593721445
"GSE116250","HF","REACTOME_REGULATION_OF_PD_L1_CD274_TRANSLATION","C_v1",64,13,-0.897420073186256,-1.47118897427213,-0.443216912372308,0.00425633919379431,-0.875458965282897,-1.44281967909241,-0.404040361818952,0.00537491787283163,-0.0561191191790536,0.663030680938317,0.211475899738841,0.505180951585398,1.03017138831241,"age+sex",0.0244713803039716,TRUE,TRUE,0.0189170630835303,0.0238885238792517
"GSE116250","HF","REACTOME_TRANSCRIPTIONAL_AND_POST_TRANSLATIONAL_REGULATION_OF_MITF_M_EXPRESSION_AND_ACTIVITY","C_v1",64,13,-0.845787293908007,-1.53548373526503,-0.225785154801915,0.00685764173897643,-0.831394495375831,-1.52694797915003,-0.234683513954787,0.0080091621568842,-0.0571786628162395,0.657081642107313,0.452309855512357,0.15680665969586,1.03017138831241,"age+sex",0.0170170427433041,TRUE,TRUE,0.0250221980035092,0.0291242260250334
"GSE116250","HF","REACTOME_REGULATION_OF_CDH11_MRNA_TRANSLATION_BY_MICRORNAS","C_v1",64,13,-0.824565356509285,-1.42296770522873,-0.308937120340307,0.00830092411936767,-0.814635892216081,-1.42043414843564,-0.30619492608481,0.00929032174855232,0.0208797434044854,0.871124329284267,0.198098748113136,0.532397149201316,1.03017138831241,"age+sex",0.0120420585400765,TRUE,TRUE,0.0276697470645589,0.0309677391618411
"GSE116250","HF","REACTOME_SARS_COV_1_MODULATES_HOST_TRANSLATION_MACHINERY","C_v1",64,13,0.547627265896303,-0.114670869401107,1.31289920928183,0.0749692017434813,0.578945777366057,-0.0664909289616435,1.44053128682064,0.060878482971067,0.102470207556632,0.427107859509582,-1.32960306337443,8.53966428496085e-05,1.03017138831241,"age+sex",-0.0571894670337416,TRUE,FALSE,0.19991787131595,0.162342621256179
"GSE116250","HF","REACTOME_REGULATION_OF_CDH1_MRNA_TRANSLATION_BY_MICRORNAS","C_v1",64,13,-0.503569144477377,-0.936674853438216,-0.0936188498025343,0.100878961426144,-0.488836610129887,-0.934362720318132,-0.0485240829313462,0.111999779975133,-0.0428379846631714,0.739343496604891,0.0414351403070251,0.895936475981801,1.03017138831241,"age+sex",0.0292562292766774,TRUE,FALSE,0.228703973214435,0.260522293249429
"GSE116250","HF","REACTOME_SARS_COV_2_MODULATES_HOST_TRANSLATION_MACHINERY","C_v1",64,13,0.500516615273644,-0.18793061528593,1.30498034178613,0.102916787946496,0.505470969102204,-0.158941517617963,1.39981219569655,0.100556378907605,0.0861570260384939,0.503980985083905,-1.01008476489877,0.00218413118460865,1.03017138831241,"age+sex",-0.00989848024495843,TRUE,FALSE,0.228703973214435,0.251390947269012
"GSE116250","HF","REACTOME_POST_TRANSLATIONAL_MODIFICATION_SYNTHESIS_OF_GPI_ANCHORED_PROTEINS","C_v1",64,13,-0.297915745860467,-0.716248014184423,0.0998699753550077,0.328323983414251,-0.267202592004025,-0.719580130711568,0.137283370779244,0.381477935556341,-0.220095639434995,0.0910605366926831,0.00712745279816866,0.982048755818476,1.03017138831241,"age+sex",0.103093422496799,TRUE,FALSE,0.547206639023751,0.577722912129262
"GSE116250","HF","REACTOME_REGULATION_OF_CDH1_POSTTRANSLATIONAL_PROCESSING_AND_TRAFFICKING_TO_PLASMA_MEMBRANE","C_v1",64,13,0.277883622781387,-0.442274838173784,1.0456304155257,0.361650073806463,0.262443068973649,-0.467937623321289,1.0530533839837,0.389962965687252,0.0787704604974682,0.541109578943999,0.00171641470910584,0.995676675640851,1.03017138831241,"age+sex",0.0555648211765419,TRUE,FALSE,0.578640118090341,0.577722912129262
"GSE116250","HF","HALLMARK_MYC_TARGETS_V1","C_v1",64,13,-0.268808514616956,-0.79051033571455,0.291288119861084,0.377439054610106,-0.267912858441805,-0.818581777271005,0.318024114926224,0.380221740768382,0.0346981497930397,0.78751127774638,0.222808710788607,0.482725154355842,1.03017138831241,"age+sex",0.00333194867888509,TRUE,FALSE,0.580675468630932,0.577722912129262
"GSE116250","HF","HALLMARK_MYC_TARGETS_V2","C_v1",64,13,0.257140392323847,-0.342070780662104,0.852190827115799,0.398368417664369,0.264852223780123,-0.32668714699292,0.86690691968615,0.385653440637682,-0.0638230695440623,0.620293940192647,0.113386840928634,0.720525808923371,1.03017138831241,"age+sex",-0.0299907431367807,TRUE,FALSE,0.590175433576843,0.577722912129262
"GSE116250","HF","REACTOME_RESPIRATORY_SYNCYTIAL_VIRUS_RSV_GENOME_REPLICATION_TRANSCRIPTION_AND_TRANSLATION","C_v1",64,13,-0.169405444788579,-0.79577590335793,0.52498080189083,0.577323818953574,-0.174319338373064,-0.846979979765141,0.534301232169251,0.567317391861679,0.0475726421904993,0.711787144874103,-0.0230876610851162,0.941898991227235,1.03017138831241,"age+sex",-0.02900670394991,TRUE,FALSE,0.732969427714241,0.709146739827098
"GSE116250","HF","REACTOME_DENGUE_VIRUS_GENOME_TRANSLATION_AND_REPLICATION","C_v1",64,13,-0.103973909387137,-0.674339523758654,0.441174582571278,0.732113997723049,-0.117804862796198,-0.701183810893599,0.434211824218862,0.69886730567511,0.0890370245234799,0.489886828706766,-0.117469372285558,0.710918571072971,1.03017138831241,"age+sex",-0.133023308352902,TRUE,FALSE,0.861310585556528,0.822196830206012
"GSE116250","HF","HALLMARK_MTORC1_SIGNALING","C_v1",64,13,0.0784854973018462,-0.635252912760683,0.750697467499137,0.796058242517368,0.0770080069304753,-0.672738395911419,0.756634424502882,0.800290358992307,0.00247164149540362,0.984676657102277,0.0118149678818887,0.970247251198858,1.03017138831241,"age+sex",0.0188250112716832,TRUE,FALSE,0.909780848591277,0.914617553134065
"GSE116250","HF","REACTOME_REGULATION_OF_PD_L1_CD274_POST_TRANSLATIONAL_MODIFICATION","C_v1",64,13,0.0404027180482789,-0.487135197633884,0.638906823618587,0.89413629348085,0.0340384265657745,-0.522623210870045,0.62024272735237,0.910949947516827,0.0362874635628888,0.778034080667727,-0.0197388467966403,0.950314290189299,1.03017138831241,"age+sex",0.157521369599426,TRUE,FALSE,0.93281256634097,0.930546140181842
"GSE116250","HF","REACTOME_TRANSLATION_OF_REPLICASE_AND_ASSEMBLY_OF_THE_REPLICATION_TRANSCRIPTION_COMPLEX","C_v1",64,13,0.0266306712800585,-0.498052867034067,0.54718839342129,0.930102779416205,0.0426025395858619,-0.475138794576388,0.597373821774989,0.888679394480184,-0.0584441761339841,0.650005255379909,0.495790819436388,0.121282472911342,1.03017138831241,"age+sex",-0.599754626454476,TRUE,FALSE,0.93281256634097,0.930546140181842
"GSE141910","HF","REACTOME_MITOCHONDRIAL_TRNA_AMINOACYLATION","A",366,172,0.511499310823217,0.31025515726288,0.731515464641822,1.65434373393847e-06,0.516259770145338,0.292766694854033,0.753310469641664,2.32289070756028e-06,0.034662264492798,0.516712648833305,-0.061829346220124,0.55894862569953,1.00682167641591,"age+sex",-0.00930687338456027,TRUE,TRUE,7.5364547879419e-06,1.05820576677746e-05
"GSE141910","HF","REACTOME_CYTOSOLIC_TRNA_AMINOACYLATION","A",366,172,-0.444595299417117,-0.638689427191947,-0.247286987950312,2.90543098620006e-05,-0.447269096146169,-0.647730148337594,-0.24671902684783,4.0002589449694e-05,0.00123206594755165,0.98160660782955,-0.0354571213217671,0.737481957762701,1.00682167641591,"age+sex",-0.00601400134584629,TRUE,TRUE,0.000108293336758366,0.000149100560676132
"GSE141910","HF","REACTOME_EUKARYOTIC_TRANSLATION_ELONGATION","A",366,172,0.333839432098609,0.122511255815519,0.542522751236807,0.00160146640872026,0.318526246773506,0.105249971963409,0.531917254429087,0.00326177385418995,0.0361986017110698,0.498315079447512,-0.255311329768278,0.0162121545804993,1.00682167641591,"age+sex",0.0458699118580475,TRUE,TRUE,0.00469000876839504,0.009552337715842
"GSE141910","HF","KEGG_RIBOSOME","A",366,172,0.329230212690024,0.118073053532424,0.539293452852339,0.00185415847797982,0.31360640345124,0.0997836974151474,0.526603891685537,0.00376733199029509,0.0378175789513301,0.479313048165374,-0.264401868175786,0.0128107610865588,1.00682167641591,"age+sex",0.0474555755716555,TRUE,TRUE,0.00506803317314483,0.0102973741068066
"GSE141910","HF","REACTOME_SRP_DEPENDENT_COTRANSLATIONAL_PROTEIN_TARGETING_TO_MEMBRANE","A",366,172,0.227552985716921,0.0233777156110889,0.436816273541251,0.0308629391946067,0.217589306235693,0.00665091994190184,0.430930559031027,0.043792206481521,0.0380584575160469,0.476520170177554,-0.207084683429915,0.0508617915782649,1.00682167641591,"age+sex",0.0437861953330859,TRUE,TRUE,0.0550165437816903,0.0780643680757547
"GSE141910","HF","REACTOME_RRNA_PROCESSING_IN_THE_MITOCHONDRION","A",366,172,-0.220071585231045,-0.412072872083674,-0.0292641674164765,0.0367717642516301,-0.207176642414985,-0.409254556926182,-0.00917111466720245,0.0548455100057584,0.113789463040709,0.0337849108445065,-0.232900908691762,0.028196268999965,1.00682167641591,"age+sex",0.058594310585446,TRUE,FALSE,0.0580119499676428,0.0936944129265039
"GSE141910","HF","REACTOME_EUKARYOTIC_TRANSLATION_INITIATION","A",366,172,0.203835324874899,-0.00443554382831996,0.413284886178213,0.0529850527027639,0.19285797767942,-0.0178871536151019,0.40709253503888,0.0737759837419909,0.0374769892964793,0.483277293733135,-0.213565087154199,0.0440712064764437,1.00682167641591,"age+sex",0.0538539980850548,TRUE,FALSE,0.0775852557433328,0.115668365202506
"GSE141910","HF","REACTOME_RIBOSOME_ASSOCIATED_QUALITY_CONTROL","A",366,172,0.184371234537972,-0.0196632203861862,0.393729165466029,0.0799313712527785,0.178948780600607,-0.0282477242450063,0.383027454541195,0.0970038657611215,0.0615852501783643,0.249590858665128,-0.246982317510919,0.0200042169012396,1.00682167641591,"age+sex",0.0294105203067793,TRUE,FALSE,0.113006421426342,0.137143396420896
"GSE141910","HF","REACTOME_MITOCHONDRIAL_TRANSLATION_ELONGATION","A",366,172,0.115539176337232,-0.095203506424571,0.313570309565568,0.271877138386604,0.143367304002609,-0.069173457377533,0.353200155012328,0.183359548577103,0.100774361527035,0.0599575979392375,-0.0886274061384743,0.402318545343208,1.00682167641591,"age+sex",-0.240854475058344,TRUE,FALSE,0.348342583557836,0.234929421614414
"GSE141910","HF","KEGG_AMINOACYL_TRNA_BIOSYNTHESIS","A",366,172,0.106417403953017,-0.0912940880246048,0.31276659588836,0.311475230485442,0.103909188540051,-0.106276780992539,0.320832471285801,0.33461421145069,0.00753612736016675,0.887857222321995,-0.0420980841989793,0.690662142908105,1.00682167641591,"age+sex",0.0235695978269994,TRUE,FALSE,0.386984377269792,0.403505372631715
"GSE141910","HF","REACTOME_RIBOSOME_QUALITY_CONTROL_RQC_COMPLEX_EXTRACTS_AND_DEGRADES_NASCENT_PEPTIDE","A",366,172,0.0892622991644723,-0.120207683643626,0.297485248859332,0.395799442231405,0.111483940003857,-0.0992247956267041,0.31851054924863,0.30062354311353,0.072344050467088,0.176371863661006,-0.0430790918854026,0.683840471653988,1.00682167641591,"age+sex",-0.24894766376609,TRUE,FALSE,0.477287562690812,0.373501977807719
"GSE141910","HF","REACTOME_TRANSLATION","A",366,172,0.0683203447670896,-0.141033076779192,0.263969547738868,0.515652863349042,0.0852959950016862,-0.124589365013278,0.290736658300857,0.428248390386671,0.0867799115249034,0.105039056272976,-0.133195169498634,0.208440419852454,1.00682167641591,"age+sex",-0.248471378364206,TRUE,FALSE,0.587271316591965,0.474545513671717
"GSE141910","HF","REACTOME_MITOCHONDRIAL_TRANSLATION","A",366,172,0.0653380545613653,-0.145529996843731,0.264736380419441,0.534139036986328,0.0932888435751718,-0.117182864783878,0.299043877537344,0.386296592915263,0.103727609696589,0.0528736532762615,-0.0959080836609324,0.364823923597777,1.00682167641591,"age+sex",-0.427787285701247,TRUE,FALSE,0.591883797741607,0.452518865986451
"GSE141910","HF","REACTOME_TRNA_AMINOACYLATION","A",366,172,0.023249004262856,-0.178819748636203,0.222111681238984,0.824883230619063,0.0239065858952809,-0.184084282056898,0.236175152848908,0.824218206694399,0.0206702556495366,0.698943236765506,-0.0588948694890749,0.577746283238977,1.00682167641591,"age+sex",-0.0282842923073268,TRUE,FALSE,0.855608802926578,0.866485807037702
"GSE141910","HF","REACTOME_RRNA_PROCESSING","A",366,172,-0.0146431889895496,-0.230108445021336,0.189715669530092,0.889160113495652,-0.0165267106806978,-0.235370325443068,0.193405425650505,0.877958952183852,0.0443418484499709,0.406910893113504,-0.15430569908196,0.145203503998658,1.00682167641591,"age+sex",-0.128627834585241,TRUE,FALSE,0.889160113495652,0.877958952183852
"GSE141910","HF","REACTOME_TRNA_MODIFICATION_IN_THE_MITOCHONDRION","B_extra",366,172,-0.832634386612068,-1.04062833674993,-0.639638525638634,2.7146743530038e-14,-0.817013533807561,-1.03678002103175,-0.62048701858118,2.62218498032782e-13,0.0828916914349125,0.121496976407367,-0.117084501481676,0.268728871164013,1.00682167641591,"age+sex",0.0187607586903392,TRUE,TRUE,2.7825412118289e-13,2.68773960483601e-12
"GSE141910","HF","REACTOME_TRNA_PROCESSING","B_extra",366,172,-0.671890242090977,-0.887467228452405,-0.478040365059818,4.80938767252133e-10,-0.651570656937834,-0.885575387448115,-0.451489697761939,3.45019371786621e-09,0.0202642773997439,0.704574313624968,0.096872212259473,0.360028488509529,1.00682167641591,"age+sex",0.0302424174072047,TRUE,TRUE,3.94369789146749e-09,2.82915884865029e-08
"GSE141910","HF","REACTOME_TRNA_MODIFICATION_IN_THE_NUCLEUS_AND_CYTOSOL","B_extra",366,172,-0.568396629155518,-0.780290014010784,-0.373749626689618,1.12396840590829e-07,-0.543039219856749,-0.771808304361742,-0.333823842050605,7.04487296217127e-07,0.0443810304179996,0.406496850431719,0.0647228651862224,0.540710293187513,1.00682167641591,"age+sex",0.0446121739610652,TRUE,TRUE,6.58324352031998e-07,3.61049739311278e-06
"GSE141910","HF","REACTOME_TRNA_PROCESSING_IN_THE_NUCLEUS","B_extra",366,172,-0.465661196361602,-0.680214524322086,-0.261313232010339,1.22082083246526e-05,-0.458910123797562,-0.681260827707467,-0.249194508025768,2.53321144312458e-05,-0.0319169879841055,0.550445929606925,0.15833052321265,0.13502822617906,1.00682167641591,"age+sex",0.0144978207692391,TRUE,TRUE,5.00536541310755e-05,0.000103861669168108
"GSE141910","HF","REACTOME_TRNA_PROCESSING_IN_THE_MITOCHONDRION","B_extra",366,172,-0.282679910754302,-0.492663140711828,-0.0862457842087608,0.00742396242078858,-0.258990002932109,-0.475361071283604,-0.0613450899522297,0.0165353491169739,0.0819755872174231,0.125655142760303,-0.0593381318865994,0.574887764711563,1.00682167641591,"age+sex",0.0838047095705505,TRUE,TRUE,0.0152191229626166,0.0322833006569491
"GSE141910","HF","REACTOME_RRNA_MODIFICATION_IN_THE_NUCLEUS_AND_CYTOSOL","B_extra",366,172,-0.253708232697616,-0.458944442339342,-0.0547033745075539,0.0161675594080473,-0.236961178197598,-0.44747967472446,-0.0135157693111272,0.0282050519859615,0.0247908260938529,0.642774133056648,0.0563725025173326,0.594139058576387,1.00682167641591,"age+sex",0.066009109448091,TRUE,TRUE,0.0315652350347591,0.0525639605192919
"GSE141910","HF","REACTOME_CARBOXYTERMINAL_POST_TRANSLATIONAL_MODIFICATIONS_OF_TUBULIN","C_v1",366,172,-1.12773766366167,-1.38982213925615,-0.891891740936504,1.46535004848764e-23,-1.16401229241721,-1.44440781699172,-0.925426527387813,7.71803074675059e-24,0.0218129017785539,0.6831842009982,-0.293973581249786,0.00569948795010675,1.00682167641591,"age+sex",-0.0321658395603757,TRUE,TRUE,6.00793519879931e-22,3.16439260616774e-22
"GSE141910","HF","REACTOME_TRANSCRIPTIONAL_AND_POST_TRANSLATIONAL_REGULATION_OF_MITF_M_EXPRESSION_AND_ACTIVITY","C_v1",366,172,-1.08115568466195,-1.28875814971085,-0.886070467655529,5.4182402481615e-22,-1.08574505462334,-1.32674540592396,-0.877292694940178,2.80671105851044e-21,-0.0586496958246939,0.272835270357438,0.162730858479228,0.124546274655383,1.00682167641591,"age+sex",-0.00424487428267506,TRUE,TRUE,1.11073925087311e-20,5.7537576699464e-20
"GSE141910","HF","HALLMARK_MTORC1_SIGNALING","C_v1",366,172,-0.933804248482346,-1.11590047432536,-0.755044879145859,2.80119817306114e-17,-0.921534038599665,-1.1179120210557,-0.732431620356908,3.07113015261524e-16,-0.0278723891960239,0.602048045652186,0.211431039036441,0.0462171599807872,1.00682167641591,"age+sex",0.013140023621249,TRUE,TRUE,3.82830416985022e-16,4.19721120857416e-15
"GSE141910","HF","REACTOME_TRANSLATION_OF_REPLICASE_AND_ASSEMBLY_OF_THE_REPLICATION_TRANSCRIPTION_COMPLEX","C_v1",366,172,-0.654455475592778,-0.860858241528729,-0.448005899272404,1.26581210050619e-09,-0.627463210872371,-0.846136564485156,-0.409910081659613,1.20026515479668e-08,0.0568126292431537,0.288115903831205,0.0398944343864652,0.706077314481658,1.00682167641591,"age+sex",0.04124385191515,TRUE,TRUE,8.64971602012566e-09,8.20181189111061e-08
"GSE141910","HF","REACTOME_TRANSLATION_OF_SARS_COV_2_STRUCTURAL_PROTEINS","C_v1",366,172,-0.520474324419028,-0.719713554308233,-0.317040454035536,1.09895207091704e-06,-0.557184722816061,-0.758928348873906,-0.345109312506811,3.67879809816496e-07,-0.111171392226024,0.0380714440899603,0.0600381044218622,0.570387496220099,1.00682167641591,"age+sex",-0.0705325828281937,TRUE,TRUE,5.63212936344984e-06,2.15472460035376e-06
"GSE141910","HF","REACTOME_RESPIRATORY_SYNCYTIAL_VIRUS_RSV_GENOME_REPLICATION_TRANSCRIPTION_AND_TRANSLATION","C_v1",366,172,-0.417471290609208,-0.624468806657514,-0.213915043010662,8.45217353266946e-05,-0.403144984411954,-0.617535624301772,-0.196337253721941,0.000207040609635726,0.0315336872804704,0.555241028855458,0.0117775340599568,0.911342586846514,1.00682167641591,"age+sex",0.0343168656612238,TRUE,TRUE,0.000286559927651906,0.000707388749588732
"GSE141910","HF","REACTOME_SARS_COV_1_MODULATES_HOST_TRANSLATION_MACHINERY","C_v1",366,172,0.415582257841514,0.205686568107469,0.625417715338241,9.08604648652386e-05,0.372087459925757,0.160094187292731,0.581523816927402,0.000605324553400385,0.0367813885978996,0.491428873274371,-0.628372984109703,6.51590892483607e-09,1.00682167641591,"age+sex",0.104659900886202,TRUE,TRUE,0.000286559927651906,0.00190910051457045
"GSE141910","HF","REACTOME_TRANSLATION_OF_SARS_COV_1_STRUCTURAL_PROTEINS","C_v1",366,172,0.320693461499252,0.124752463534314,0.52506569148932,0.00242162768181724,0.271436035475707,0.0711155748548383,0.480282566416561,0.0120359614106295,-0.0833297522247053,0.119547201981309,-0.156217072538845,0.140300082467518,1.00682167641591,"age+sex",0.153596602167271,TRUE,TRUE,0.00620542093465669,0.0259723377808321
"GSE141910","HF","HALLMARK_MYC_TARGETS_V2","C_v1",366,172,-0.301185108657415,-0.508141413768833,-0.102905857527982,0.00436400759629471,-0.284943397673469,-0.504843974608792,-0.0688490819903859,0.00841664980973163,0.03748395278962,0.483196064539322,0.0116022938690796,0.912656393572579,1.00682167641591,"age+sex",0.053926009344705,TRUE,TRUE,0.0105249594969461,0.0215676651374373
"GSE141910","HF","REACTOME_POST_TRANSLATIONAL_MODIFICATION_SYNTHESIS_OF_GPI_ANCHORED_PROTEINS","C_v1",366,172,-0.295380015778462,-0.512604658293217,-0.0904514973247372,0.00517032310671273,-0.281025192185302,-0.519043751564701,-0.0633913032553282,0.00934987735681534,0.026871582181253,0.615146801701711,0.0287879361337599,0.785506233644472,1.00682167641591,"age+sex",0.0485978157842816,TRUE,TRUE,0.0117768470764012,0.0225497042134958
"GSE141910","HF","REACTOME_SARS_COV_2_MODULATES_HOST_TRANSLATION_MACHINERY","C_v1",366,172,0.291450587690432,0.0842420714560748,0.499812757346863,0.00579045458656694,0.266339139256396,0.0528593460640489,0.477134406493993,0.0137268262390315,0.0459879788382831,0.389734303021327,-0.390916096674185,0.000250682528805693,1.00682167641591,"age+sex",0.0861602257625509,TRUE,TRUE,0.012495191476276,0.0281399937900145
"GSE141910","HF","REACTOME_REGULATION_OF_CDH1_MRNA_TRANSLATION_BY_MICRORNAS","C_v1",366,172,-0.244828517363729,-0.450696787672843,-0.0364753684556754,0.0202563921840504,-0.276387403265445,-0.493841906177168,-0.0614021719021739,0.0105735307842132,-0.116056607790755,0.0304144514339134,0.11293845632456,0.286020056539659,1.00682167641591,"age+sex",-0.128902001456107,TRUE,TRUE,0.0377505490702758,0.0240841534529301
"GSE141910","HF","REACTOME_DENGUE_VIRUS_GENOME_TRANSLATION_AND_REPLICATION","C_v1",366,172,-0.225012226517535,-0.428734999830609,-0.022365445502736,0.0327706453910547,-0.189452025621539,-0.403979959200666,0.0261029036643833,0.0789930298943944,0.0668816794931739,0.21124262434571,0.0849553945537636,0.422078562933404,1.00682167641591,"age+sex",0.15803674958625,TRUE,FALSE,0.0559831858763851,0.115668365202506
"GSE141910","HF","REACTOME_REGULATION_OF_PD_L1_CD274_POST_TRANSLATIONAL_MODIFICATION","C_v1",366,172,-0.220052418361091,-0.427035718359571,-0.0193648071109418,0.0367880658331394,-0.191021419966181,-0.399315026776344,0.00974804781785925,0.0765528399316177,0.0809580691075264,0.130403251565271,-0.0131616242471223,0.900974657162829,1.00682167641591,"age+sex",0.131927649835105,TRUE,FALSE,0.0580119499676428,0.115668365202506
"GSE141910","HF","HALLMARK_MYC_TARGETS_V1","C_v1",366,172,-0.209933674700326,-0.414206969377794,-0.0103807561095929,0.0463025327756699,-0.171604082936405,-0.380810301481409,0.0376137936663563,0.111455562653554,0.0596731464602554,0.264568065593063,0.131854060787406,0.213048109062676,1.00682167641591,"age+sex",0.182579530504747,TRUE,FALSE,0.0703112534741653,0.152322602293191
"GSE141910","HF","REACTOME_REGULATION_OF_PD_L1_CD274_TRANSLATION","C_v1",366,172,-0.150535587238678,-0.354407676176497,0.0586810809807127,0.152507462822139,-0.190191687840983,-0.407360729626898,0.0300519086364659,0.0778351554988578,-0.143657074814462,0.00747598411813955,0.133523689012431,0.207322857630902,1.00682167641591,"age+sex",-0.263433393589714,TRUE,FALSE,0.208426865856923,0.115668365202506
"GSE141910","HF","REACTOME_REGULATION_OF_PTEN_MRNA_TRANSLATION","C_v1",366,172,-0.123800496088275,-0.331623282339851,0.0803935630190793,0.239128220480222,-0.165906443516568,-0.385044557094986,0.0462798918977797,0.1238011509633,-0.132030460012035,0.0138837415765717,0.0720811180412704,0.495716673847912,1.00682167641591,"age+sex",-0.340111298086151,TRUE,FALSE,0.316266356119003,0.163737006112752
"GSE141910","HF","REACTOME_REGULATION_OF_CDH11_MRNA_TRANSLATION_BY_MICRORNAS","C_v1",366,172,0.0722630193044878,-0.132878127608168,0.283347740506413,0.491735350289029,0.0313492853630328,-0.175961658561239,0.240014119803907,0.770846359262189,-0.129838971126782,0.0155310650268977,0.0655295226485005,0.535679564169796,1.00682167641591,"age+sex",0.566178030412219,TRUE,FALSE,0.576032838910005,0.831702650782888
"GSE141910","HF","REACTOME_REGULATION_OF_NPAS4_MRNA_TRANSLATION","C_v1",366,172,-0.0454139749987448,-0.252573748541994,0.159397061912813,0.665611105280097,-0.0882902755165485,-0.307711003036987,0.124677981800579,0.412229346442854,-0.131453489700853,0.0143016977685977,0.0599373284963301,0.571034365590937,1.00682167641591,"age+sex",-0.944121286872351,TRUE,FALSE,0.718159350433789,0.469483422337695
"GSE141910","HF","REACTOME_REGULATION_OF_CDH1_POSTTRANSLATIONAL_PROCESSING_AND_TRAFFICKING_TO_PLASMA_MEMBRANE","C_v1",366,172,-0.0219205267529088,-0.227988907334575,0.173852661546879,0.834740295538125,-0.0169874689166493,-0.228947441265126,0.188031356523846,0.8745843888621,0.0479615142802747,0.369735163426099,-0.109543311839244,0.30073029580064,1.00682167641591,"age+sex",0.225042851016568,TRUE,FALSE,0.855608802926578,0.877958952183852
"GSE57338","HF","REACTOME_CYTOSOLIC_TRNA_AMINOACYLATION","A",313,96,-0.919927395811433,-1.14039278771695,-0.712054228207811,1.57451213327553e-14,-0.833694442126131,-1.07598119487805,-0.616396377590206,5.42265881936725e-11,-0.171847360408651,0.00335555946489224,0.0695241460724644,0.588927759506667,1.00060242385289,"age+sex",0.0937388690432888,TRUE,TRUE,8.06937468303711e-14,2.77911264492571e-10
"GSE57338","HF","REACTOME_RRNA_PROCESSING","A",313,96,-0.81137846137495,-1.00901948513364,-0.625720579628046,7.72613280672211e-12,-0.681125886764269,-0.892875277656087,-0.475724485147372,5.98293642977486e-08,-0.2101437544261,0.000350750129668942,0.189424655399732,0.141531406972,1.00060242385289,"age+sex",0.160532452870337,TRUE,TRUE,2.87974040977824e-11,2.04416994683974e-07
"GSE57338","HF","REACTOME_EUKARYOTIC_TRANSLATION_INITIATION","A",313,96,-0.651066975736995,-0.889933333871563,-0.4259613267196,2.6437500451261e-08,-0.46721530227738,-0.706991562489634,-0.231172853415108,0.000167243150824747,-0.248613516314305,2.53246852686581e-05,0.344595252024475,0.00772898652100985,1.00060242385289,"age+sex",0.282385192785272,TRUE,TRUE,8.06665424974923e-08,0.000380942732434146
"GSE57338","HF","REACTOME_SRP_DEPENDENT_COTRANSLATIONAL_PROTEIN_TARGETING_TO_MEMBRANE","A",313,96,-0.607148236115775,-0.850577872172068,-0.380011861656368,1.94365758554036e-07,-0.430248294682726,-0.674674614465916,-0.189546530297276,0.000516354399125964,-0.243598129585851,3.63956028960768e-05,0.31591893165148,0.0145155014850914,1.00060242385289,"age+sex",0.291362028101679,TRUE,TRUE,4.98062256294718e-07,0.000962296834734752
"GSE57338","HF","REACTOME_RIBOSOME_ASSOCIATED_QUALITY_CONTROL","A",313,96,-0.599332996073738,-0.831966007721041,-0.384221138499935,2.74096475413013e-07,-0.425387069083397,-0.664215978360065,-0.190494894424736,0.000595535840640165,-0.23537036542567,6.51389950453476e-05,0.313545972076769,0.0152636724218166,1.00060242385289,"age+sex",0.290232522036781,TRUE,TRUE,6.61056205407855e-07,0.00106160736809768
"GSE57338","HF","REACTOME_MITOCHONDRIAL_TRNA_AMINOACYLATION","A",313,96,0.558232128349082,0.347769325118385,0.801276487743097,1.57787141460514e-06,0.463429235091826,0.22892630203413,0.736274628847288,0.000188356907013397,0.0417875651105619,0.472793217105254,-0.285456664694673,0.0270694396251726,1.00060242385289,"age+sex",0.169827010024712,TRUE,TRUE,3.23463639994054e-06,0.000406454378292067
"GSE57338","HF","REACTOME_RIBOSOME_QUALITY_CONTROL_RQC_COMPLEX_EXTRACTS_AND_DEGRADES_NASCENT_PEPTIDE","A",313,96,-0.5520724233195,-0.783645081423366,-0.337591875897768,2.03393543599714e-06,-0.416490922969348,-0.654338290013124,-0.189111593555553,0.000770599126890984,-0.190696919341178,0.00115533813843877,0.215867537128545,0.0940401543825495,1.00060242385289,"age+sex",0.245586438704777,TRUE,TRUE,3.97101680361345e-06,0.00131644017510543
"GSE57338","HF","REACTOME_TRANSLATION","A",313,96,-0.538989389292039,-0.748113373979016,-0.326148481956707,3.46200013155412e-06,-0.506846446997934,-0.725400754553468,-0.274888424665719,4.59929974515315e-05,-0.106319908059808,0.0683786073346083,-0.0513779258055025,0.689607182337599,1.00060242385289,"age+sex",0.0596355752686051,TRUE,TRUE,6.45190933607814e-06,0.000114134738667454
"GSE57338","HF","REACTOME_EUKARYOTIC_TRANSLATION_ELONGATION","A",313,96,-0.47571648903962,-0.718985248132218,-0.249535840784014,3.92367758269809e-05,-0.28314255450163,-0.522627269757135,-0.042912144228541,0.0215838169913632,-0.251286756209509,2.08230105685479e-05,0.35094774692633,0.00668354831767713,1.00060242385289,"age+sex",0.404808197686736,TRUE,TRUE,6.43483123562487e-05,0.0294978832215298
"GSE57338","HF","KEGG_RIBOSOME","A",313,96,-0.447254642928176,-0.684204868060068,-0.219825366997466,0.000107975907006712,-0.256532945031248,-0.497149775164575,-0.0140102659904721,0.0372263628536576,-0.246875728849659,2.87348778261061e-05,0.345534046806365,0.00756574623334095,1.00060242385289,"age+sex",0.42642754169811,TRUE,TRUE,0.000163963414343526,0.0492348669999987
"GSE57338","HF","REACTOME_TRNA_AMINOACYLATION","A",313,96,-0.362061913189837,-0.579529833338188,-0.13835963660728,0.00164755408997807,-0.349825276062135,-0.575527617246729,-0.106633925041585,0.00462003648511468,-0.102009995931588,0.0802915396119038,-0.116916209419306,0.363686792386725,1.00060242385289,"age+sex",0.0337970846474724,TRUE,TRUE,0.00225165725630336,0.00701561095887784
"GSE57338","HF","KEGG_AMINOACYL_TRNA_BIOSYNTHESIS","A",313,96,-0.208456066201925,-0.425948479858946,0.0224834940718633,0.0684933318975822,-0.212151637211539,-0.44011067011775,0.0294968250801928,0.0845692986104543,-0.0587684798484967,0.312842820624795,-0.108883155121985,0.397538352075785,1.00060242385289,"age+sex",-0.0177282967914931,TRUE,FALSE,0.084203242344823,0.10198062479496
"GSE57338","HF","REACTOME_RRNA_PROCESSING_IN_THE_MITOCHONDRION","A",313,96,-0.100535417807369,-0.302130414531242,0.127146906147051,0.378639537677179,-0.215917708618398,-0.439112309911932,0.0223124888595168,0.0792191783038498,0.0695477490869262,0.232477467571182,-0.301326565920314,0.0196818104645447,1.00060242385289,"age+sex",-1.14767803553675,TRUE,FALSE,0.419573541750387,0.0984238275896316
"GSE57338","HF","REACTOME_MITOCHONDRIAL_TRANSLATION","A",313,96,-0.0882404312711745,-0.291833890052094,0.140419569068111,0.439612860501216,-0.191609274446658,-0.40954075323865,0.0473301034491197,0.119126316900768,0.0537297418312036,0.356077163404282,-0.28447727312469,0.0275954361951069,1.00060242385289,"age+sex",-1.17144535318303,TRUE,FALSE,0.474319138961839,0.139547971226613
"GSE57338","HF","REACTOME_MITOCHONDRIAL_TRANSLATION_ELONGATION","A",313,96,-0.0812052395551532,-0.287079169599508,0.150107442854854,0.476909343825985,-0.182645416552432,-0.402777669049765,0.0571170509359434,0.13732929502646,0.0429991871329405,0.460064790625894,-0.295014715071299,0.0223763315975733,1.00060242385289,"age+sex",-1.24918265807692,TRUE,FALSE,0.488832077421635,0.152175705299591
"GSE57338","HF","REACTOME_RRNA_MODIFICATION_IN_THE_NUCLEUS_AND_CYTOSOL","B_extra",313,96,-0.865168892954097,-1.05287590369045,-0.691555216045459,3.82132499656188e-13,-0.735104605253661,-0.929847990922717,-0.539295623490176,5.65185484293849e-09,-0.176257316235749,0.002635551670034,0.234073696580794,0.0695298551805456,1.00060242385289,"age+sex",0.150333985375196,TRUE,TRUE,1.74082583176708e-12,2.5747338728942e-08
"GSE57338","HF","REACTOME_TRNA_PROCESSING_IN_THE_NUCLEUS","B_extra",313,96,-0.5808444490653,-0.787212355494501,-0.372306663437895,6.09635726548019e-07,-0.457668185803132,-0.668425999274903,-0.235995004067697,0.000225371595302358,-0.0795707943456513,0.172067280518931,0.337675804164277,0.00903331356901638,1.00060242385289,"age+sex",0.212064113654499,TRUE,TRUE,1.31552972570888e-06,0.000440153665209831
"GSE57338","HF","REACTOME_TRNA_MODIFICATION_IN_THE_MITOCHONDRION","B_extra",313,96,-0.465162394301445,-0.691914034576121,-0.238327219151414,5.74459534210622e-05,-0.505997657091797,-0.744323804637263,-0.257828269563497,4.73241599352859e-05,-0.00274216735777246,0.962407952738853,-0.15349926283812,0.233256179059968,1.00060242385289,"age+sex",-0.0877871111048778,TRUE,TRUE,9.05878496255211e-05,0.000114134738667454
"GSE57338","HF","REACTOME_TRNA_PROCESSING","B_extra",313,96,-0.44114354296888,-0.648232925874016,-0.214417158630365,0.000133311239924126,-0.367701465973132,-0.579431409376214,-0.133201759512976,0.00292867871368874,-0.0570533442510704,0.3271522445426,0.174575384603831,0.175346013538105,1.00060242385289,"age+sex",0.166481133332442,TRUE,TRUE,0.000195205744174613,0.00461830104850916
"GSE57338","HF","REACTOME_TRNA_PROCESSING_IN_THE_MITOCHONDRION","B_extra",313,96,-0.371435326413519,-0.592383037443788,-0.143197570955998,0.00124876673522219,-0.398368007877988,-0.635988432563725,-0.154395250708898,0.00128510072401734,-0.0747131691704239,0.199683493055039,-0.212887393694202,0.0986474773473711,1.00060242385289,"age+sex",-0.0725097467829028,TRUE,TRUE,0.00176549779807275,0.00210756518738843
"GSE57338","HF","REACTOME_TRNA_MODIFICATION_IN_THE_NUCLEUS_AND_CYTOSOL","B_extra",313,96,-0.14178188766298,-0.357200930135902,0.107542895271068,0.214663478168847,-0.0971509142562301,-0.309227140378867,0.153691870058075,0.428750700879203,-0.0364002089649244,0.53167845713286,0.101358622126522,0.430918529589166,1.00060242385289,"age+sex",0.314786141886044,TRUE,FALSE,0.244477850136743,0.439469468401183
"GSE57338","HF","REACTOME_TRANSCRIPTIONAL_AND_POST_TRANSLATIONAL_REGULATION_OF_MITF_M_EXPRESSION_AND_ACTIVITY","C_v1",313,96,-1.75913405631652,-2.06859714821799,-1.48290357988448,2.86032898851189e-40,-1.68637394712876,-2.00279582409319,-1.41481588919747,6.56268693415628e-34,-0.137990575788403,0.0182223669541409,0.0786959288373771,0.540776394415728,1.00060242385289,"age+sex",0.0413613214561442,TRUE,TRUE,1.17273488528988e-38,2.69070164300407e-32
"GSE57338","HF","REACTOME_TRANSLATION_OF_SARS_COV_2_STRUCTURAL_PROTEINS","C_v1",313,96,-1.22014502193102,-1.49889237486119,-0.980123821369307,5.8552769260325e-23,-1.11914747147543,-1.41782997344224,-0.859459424004837,9.32033889030596e-18,-0.191913982393108,0.0010752137407321,0.120614359478445,0.348730589666607,1.00060242385289,"age+sex",0.0827750379178298,TRUE,TRUE,1.20033176983666e-21,1.24652432679648e-16
"GSE57338","HF","HALLMARK_MYC_TARGETS_V2","C_v1",313,96,-1.20772215651463,-1.39994341317009,-1.04254638220703,1.38004981200601e-22,-1.11465750658659,-1.32849362326763,-0.930334667332054,1.21612129443559e-17,-0.147287337920755,0.0117833885213776,0.134280577570662,0.296925175071365,1.00060242385289,"age+sex",0.077057996680812,TRUE,TRUE,1.88606807640822e-21,1.24652432679648e-16
"GSE57338","HF","REACTOME_REGULATION_OF_CDH1_POSTTRANSLATIONAL_PROCESSING_AND_TRAFFICKING_TO_PLASMA_MEMBRANE","C_v1",313,96,-1.1977926951881,-1.43998608612201,-0.989757410583364,2.73064645433707e-22,-1.19542334550937,-1.46652139468225,-0.964535277548384,9.30390535231928e-20,-0.142861965180811,0.0145402589519697,-0.179439275261399,0.163660314531678,1.00060242385289,"age+sex",0.00197809661742399,TRUE,TRUE,2.79891261569549e-21,1.90730059722545e-18
"GSE57338","HF","REACTOME_RESPIRATORY_SYNCYTIAL_VIRUS_RSV_GENOME_REPLICATION_TRANSCRIPTION_AND_TRANSLATION","C_v1",313,96,-1.09931172514465,-1.33716839231894,-0.88434392549902,2.04862072963442e-19,-1.002920283418,-1.27311926045879,-0.756318611947634,7.46581662582714e-15,-0.154026230487753,0.00847486227409475,0.135949015122961,0.290974347559162,1.00060242385289,"age+sex",0.0876834473078776,TRUE,TRUE,1.64577547085772e-18,5.10164136098188e-14
"GSE57338","HF","REACTOME_TRANSLATION_OF_SARS_COV_1_STRUCTURAL_PROTEINS","C_v1",313,96,-1.09685009995302,-1.40568122249187,-0.825764244713594,2.40845190857228e-19,-1.04458119646545,-1.3924721261318,-0.756997483016827,7.14235017183983e-16,-0.12791910605524,0.0285151131967431,-0.00049886384888666,0.996905462175573,1.00060242385289,"age+sex",0.0476536433645816,TRUE,TRUE,1.64577547085772e-18,5.85672714090866e-15
"GSE57338","HF","HALLMARK_MTORC1_SIGNALING","C_v1",313,96,-1.00051488118521,-1.24003878028951,-0.777815204280818,1.15936784864351e-16,-0.856735440940204,-1.10507576995825,-0.619479518742979,1.72496703706321e-11,-0.141632190670064,0.0154015596946491,0.35242915455501,0.00645890918288709,1.00060242385289,"age+sex",0.143705449013097,TRUE,TRUE,6.79058311348342e-16,1.01033783599417e-10
"GSE57338","HF","HALLMARK_MYC_TARGETS_V1","C_v1",313,96,-0.852123046005495,-1.0514479613493,-0.66164685324602,8.01729969466907e-13,-0.704744696066957,-0.919231787566035,-0.49643518547224,2.16661778873238e-08,-0.156279312879462,0.00757131599615032,0.334989941992063,0.00959063508621282,1.00060242385289,"age+sex",0.17295430587097,TRUE,TRUE,3.28709287481432e-12,8.88313293380274e-08
"GSE57338","HF","REACTOME_DENGUE_VIRUS_GENOME_TRANSLATION_AND_REPLICATION","C_v1",313,96,-0.777176702192746,-1.03617241659485,-0.553097796947641,4.87863246666934e-11,-0.698373021623488,-0.965391032403397,-0.46116420636707,2.85698829260668e-08,-0.100810929440643,0.0838917485087835,0.129654001088195,0.313852051192436,1.00060242385289,"age+sex",0.10139737893187,TRUE,TRUE,1.66686609277869e-10,1.06487745451703e-07
"GSE57338","HF","REACTOME_CARBOXYTERMINAL_POST_TRANSLATIONAL_MODIFICATIONS_OF_TUBULIN","C_v1",313,96,-0.650186700481875,-0.91059731717026,-0.424194778435552,2.75446730479242e-08,-0.65919786520548,-0.921175923269282,-0.417091924100047,1.50026437913499e-07,-0.168484427136984,0.00402102651903276,-0.263967642338505,0.0408276167374762,1.00060242385289,"age+sex",-0.0138593495021146,TRUE,TRUE,8.06665424974923e-08,4.73160304188726e-07
"GSE57338","HF","REACTOME_SARS_COV_2_MODULATES_HOST_TRANSLATION_MACHINERY","C_v1",313,96,-0.630239724303675,-0.867757137304492,-0.406458491417917,6.9000714105397e-08,-0.457657738774902,-0.69148015256401,-0.226716788969494,0.000225444560229426,-0.244122155618559,3.50519919644233e-05,0.300592674405885,0.0199797410436916,1.00060242385289,"age+sex",0.273835461132589,TRUE,TRUE,1.88601951888085e-07,0.000440153665209831
"GSE57338","HF","REACTOME_REGULATION_OF_PD_L1_CD274_POST_TRANSLATIONAL_MODIFICATION","C_v1",313,96,-0.593364202754587,-0.80338340859903,-0.3864147706332,3.55554583455989e-07,-0.526860019999176,-0.746709781189275,-0.30274617807103,2.32115688133981e-05,-0.114096615621007,0.0505812936789085,0.0621283950465778,0.629146480245944,1.00060242385289,"age+sex",0.112079870080934,TRUE,TRUE,8.09874328983086e-07,6.79767372392374e-05
"GSE57338","HF","REACTOME_SARS_COV_1_MODULATES_HOST_TRANSLATION_MACHINERY","C_v1",313,96,-0.533356179887527,-0.776224897167229,-0.302740280562513,4.3394310480394e-06,-0.323132884084517,-0.566523307178493,-0.0787360010268209,0.0088250196520618,-0.260010374555749,1.0867183129448e-05,0.421137321584778,0.00116941437980865,1.00060242385289,"age+sex",0.394151795236237,TRUE,TRUE,7.73550752041807e-06,0.0124767519218805
"GSE57338","HF","REACTOME_POST_TRANSLATIONAL_MODIFICATION_SYNTHESIS_OF_GPI_ANCHORED_PROTEINS","C_v1",313,96,-0.524916814046039,-0.771373044478795,-0.291300492686791,6.06563915149075e-06,-0.523923790973186,-0.776179686173399,-0.279750953997354,2.56952339948059e-05,-0.0445875091730571,0.443674758233585,-0.0719550341430444,0.57597360677713,1.00060242385289,"age+sex",0.00189177226996984,TRUE,TRUE,1.03621335504634e-05,7.02336395858029e-05
"GSE57338","HF","REACTOME_REGULATION_OF_CDH11_MRNA_TRANSLATION_BY_MICRORNAS","C_v1",313,96,0.311596522720719,0.0887939888731347,0.528693652510261,0.00664296388703927,0.342317467617864,0.102442133577341,0.571357245728035,0.00556499850608398,-0.0166440294691995,0.774834154757059,0.0866748244288643,0.500559717270833,1.00060242385289,"age+sex",-0.0985920658834816,TRUE,TRUE,0.00878585546350355,0.00814874781248012
"GSE57338","HF","REACTOME_REGULATION_OF_CDH1_MRNA_TRANSLATION_BY_MICRORNAS","C_v1",313,96,-0.287639965133935,-0.516010478882937,-0.0770805905806551,0.0121507209293741,-0.23056689538295,-0.482600187376878,0.00525452322765088,0.0609763477900371,-0.0877608101029,0.132155278933416,0.0646400799696387,0.615355083379411,1.00060242385289,"age+sex",0.198418428136054,TRUE,FALSE,0.0155681111907605,0.0781259456059851
"GSE57338","HF","REACTOME_REGULATION_OF_NPAS4_MRNA_TRANSLATION","C_v1",313,96,0.207453357984634,-0.0219727590078688,0.419998924582251,0.0698270790176581,0.186403091297869,-0.065279978004541,0.417892726434869,0.129452014810908,0.00101506537538121,0.986080121442585,-0.0723733458764514,0.57375813541067,1.00060242385289,"age+sex",0.101469876849736,TRUE,FALSE,0.084203242344823,0.147431461312423
"GSE57338","HF","REACTOME_REGULATION_OF_PTEN_MRNA_TRANSLATION","C_v1",313,96,0.155863428057521,-0.0790476477261755,0.374359566874522,0.172652381042036,0.138798998328135,-0.114995278088372,0.372560217364688,0.258486873268366,-0.00256979539024757,0.964769384058527,-0.0642353367884108,0.617568449068061,1.00060242385289,"age+sex",0.10948321836658,TRUE,FALSE,0.202249932077814,0.278893731684289
"GSE57338","HF","REACTOME_REGULATION_OF_PD_L1_CD274_TRANSLATION","C_v1",313,96,-0.0833739745781139,-0.329505411063361,0.125384773036286,0.46522988683419,-0.00118077457402293,-0.253198612215245,0.22758986012311,0.992322282584044,-0.0772889566927449,0.184659718612329,0.172277370212789,0.181080000703711,1.00060242385289,"age+sex",0.985837612036636,TRUE,FALSE,0.488832077421635,0.992322282584044
"GSE57338","HF","REACTOME_TRANSLATION_OF_REPLICASE_AND_ASSEMBLY_OF_THE_REPLICATION_TRANSCRIPTION_COMPLEX","C_v1",313,96,0.0459831183734384,-0.179424384314206,0.27558771523553,0.687035975700689,-0.119149487093907,-0.366119129297742,0.122595279244235,0.331911861736487,0.190014619917421,0.00120264820578131,-0.291902491252296,0.0238197779906611,1.00060242385289,"age+sex",3.59115717481944,FALSE,FALSE,0.687035975700689,0.348932982851179
"TCGA_LIHC","HCC","REACTOME_CYTOSOLIC_TRNA_AMINOACYLATION","A",420,143,1.1733675257637,0.956796914453151,1.41409699024411,5.44476566392454e-14,1.16002528656737,0.931122164418231,1.40551537386289,1.25419345747791e-13,0.044662298203949,0.363444774141016,-0.223071439025047,0.0319238407126078,1.00740792510499,"age+sex",0.0113708952253829,TRUE,TRUE,3.72058987034843e-13,8.57032195943235e-13
"TCGA_LIHC","HCC","REACTOME_TRNA_AMINOACYLATION","A",420,143,1.11858096992543,0.925831332268314,1.33671922309233,6.434752637513e-13,1.11613675216141,0.903917567959801,1.34976304660943,8.84567405500974e-13,0.105552341936593,0.0321139798407913,-0.287743500764387,0.00573973374666581,1.00740792510499,"age+sex",0.00218510579898767,TRUE,TRUE,3.76892654482904e-12,5.18103766079142e-12
"TCGA_LIHC","HCC","REACTOME_RIBOSOME_QUALITY_CONTROL_RQC_COMPLEX_EXTRACTS_AND_DEGRADES_NASCENT_PEPTIDE","A",420,143,1.10054396578996,0.898259631473931,1.32537678489927,1.42371062794328e-12,1.06870320868282,0.8573172866609,1.28855358319916,6.86154304576828e-12,-0.0599188121675078,0.22292488256845,-0.278991727933757,0.00738407264527221,1.00740792510499,"age+sex",0.0289318356166594,TRUE,TRUE,7.29651696820933e-12,3.51654081095624e-11
"TCGA_LIHC","HCC","KEGG_AMINOACYL_TRNA_BIOSYNTHESIS","A",420,143,1.02375172368664,0.829171980584735,1.24446553365797,3.75579583204362e-11,1.02307084858402,0.810426524151412,1.26751196161453,4.62237425871966e-11,0.116153771975491,0.0184302835438295,-0.287755185841849,0.00573777985699516,1.00740792510499,"age+sex",0.000665078345526759,TRUE,TRUE,1.39988753739808e-10,1.89517344607506e-10
"TCGA_LIHC","HCC","REACTOME_RIBOSOME_ASSOCIATED_QUALITY_CONTROL","A",420,143,0.966529473373031,0.759530201441829,1.20333636739087,3.8248263802583e-10,0.926152794500991,0.715541076664831,1.14178772892853,2.14559358406837e-09,-0.0844673052530395,0.0860506994844345,-0.433432378388264,3.51739821575226e-05,1.00740792510499,"age+sex",0.041774907009438,TRUE,TRUE,1.20629139685069e-09,6.28352406762880e-09
"TCGA_LIHC","HCC","REACTOME_EUKARYOTIC_TRANSLATION_ELONGATION","A",420,143,0.878606115123777,0.66289239045937,1.11742335144253,1.10259870425069e-08,0.843347676146661,0.62981334004635,1.07889372846932,4.47970418376638e-08,-0.0889169586888956,0.0708102418588112,-0.258420935158883,0.0130283931009199,1.00740792510499,"age+sex",0.0401299722027875,TRUE,TRUE,3.01376979161856e-08,1.22445247689614e-07
"TCGA_LIHC","HCC","REACTOME_SRP_DEPENDENT_COTRANSLATIONAL_PROTEIN_TARGETING_TO_MEMBRANE","A",420,143,0.855187592739652,0.651544204805356,1.08511914059884,2.58539994599372e-08,0.817594078757485,0.601959420644993,1.05042409683748,1.10003971815181e-07,-0.114744079336447,0.0198886864630661,-0.262762281761907,0.0115899372070706,1.00740792510499,"age+sex",0.0439593772189021,TRUE,TRUE,6.62508736160891e-08,2.81885177776401e-07
"TCGA_LIHC","HCC","REACTOME_RRNA_PROCESSING","A",420,143,0.833245918977036,0.645528326316527,1.04290936998894,5.64931072382539e-08,0.799244816501943,0.602373485860533,1.01630353245925,2.0578040059304e-07,-0.0049850754084915,0.919161726014965,-0.424759888720051,4.99323985594725e-05,1.00740792510499,"age+sex",0.040805603364774,TRUE,TRUE,1.36248082162848e-07,4.96293907312626e-07
"TCGA_LIHC","HCC","REACTOME_EUKARYOTIC_TRANSLATION_INITIATION","A",420,143,0.73213783726855,0.531858288444495,0.95220828937145,1.67085282694341e-06,0.695028427787537,0.486022190720119,0.917513047927267,5.77657900040516e-06,-0.0886955271578603,0.0715122474120484,-0.26464831785249,0.0110103744620074,1.00740792510499,"age+sex",0.0506863702324971,TRUE,TRUE,3.26214123355618e-06,1.12780828103148e-05
"TCGA_LIHC","HCC","REACTOME_TRANSLATION","A",420,143,0.684948244997992,0.488548951888745,0.894850123544178,7.17306902678381e-06,0.659510850437239,0.463718998377826,0.865204560349245,1.6480080076765e-05,0.032997965409872,0.501826966810645,-0.336449221020104,0.00126207499400533,1.00740792510499,"age+sex",0.0371376884991172,TRUE,TRUE,1.3367992277188e-05,2.93775340498854e-05
"TCGA_LIHC","HCC","REACTOME_MITOCHONDRIAL_TRNA_AMINOACYLATION","A",420,143,0.659233269397192,0.442605002864163,0.883579212062445,1.5339126127884e-05,0.661043747482397,0.42946747801541,0.887139865134813,1.57658744892193e-05,0.134778035108196,0.00630244218234615,-0.255351995640278,0.0141387541572997,1.00740792510499,"age+sex",-0.00274633907184541,TRUE,TRUE,2.73436596192715e-05,2.93775340498854e-05
"TCGA_LIHC","HCC","KEGG_RIBOSOME","A",420,143,0.637539298151156,0.427607551480798,0.8653960680177,2.85838642905749e-05,0.596086471598548,0.380829279920401,0.826917031011701,9.55971375787835e-05,-0.0960084916465905,0.0511581033971224,-0.301944755925764,0.00376408440091846,1.00740792510499,"age+sex",0.0650200335458853,TRUE,TRUE,4.88307681630654e-05,0.000150749332335774
"TCGA_LIHC","HCC","REACTOME_RRNA_PROCESSING_IN_THE_MITOCHONDRION","A",420,143,-0.256603649010655,-0.427970125744867,-0.0784871463791366,0.0893045211062456,-0.290222191300587,-0.481991905760948,-0.0948537424755973,0.0557646308655279,0.107366643138706,0.0292859304119297,-0.409290826068915,9.19276849446844e-05,1.00740792510499,"age+sex",-0.131013500468719,TRUE,FALSE,0.107690746039884,0.0672455842790189
"TCGA_LIHC","HCC","REACTOME_MITOCHONDRIAL_TRANSLATION_ELONGATION","A",420,143,0.176311948229121,-0.0232388967390248,0.388190131579355,0.24260579263136,0.16043920263968,-0.0423374558157992,0.375143975537003,0.289563085810413,0.0800535748182602,0.103694113813652,-0.270812165034363,0.00929229430785602,1.00740792510499,"age+sex",0.0900264885554692,TRUE,FALSE,0.276301041607938,0.320867203195323
"TCGA_LIHC","HCC","REACTOME_MITOCHONDRIAL_TRANSLATION","A",420,143,0.123493129101811,-0.0710910162742925,0.329946904638016,0.412909027828557,0.106991482579625,-0.0992523748473222,0.322289745614674,0.479858823643689,0.077413567104664,0.115556175316572,-0.268337003203573,0.00995106092824727,1.00740792510499,"age+sex",0.133624005175072,TRUE,FALSE,0.434083849768483,0.50446696844593
"TCGA_LIHC","HCC","REACTOME_TRNA_PROCESSING_IN_THE_NUCLEUS","B_extra",420,143,1.45801388171171,1.29750875093189,1.63520169061364,4.05707644779773e-20,1.43971434564873,1.27466273333545,1.62448770201333,1.48240285176771e-19,-0.107615483321005,0.0289153361837697,-0.0549795584989833,0.596016891548096,1.00740792510499,"age+sex",0.0125510026293398,TRUE,TRUE,5.54467114532356e-19,2.43774704733689e-18
"TCGA_LIHC","HCC","REACTOME_TRNA_PROCESSING","B_extra",420,143,1.26789881279719,1.07064394765083,1.47692782915127,6.31491596108128e-16,1.24383459703374,1.03771163722072,1.45610286537141,2.59261996076486e-15,-0.0230820997144405,0.63845340013251,-0.216169773360756,0.0375864331853684,1.00740792510499,"age+sex",0.0189796027258413,TRUE,TRUE,5.17823108808665e-15,2.12594836782718e-14
"TCGA_LIHC","HCC","REACTOME_RRNA_MODIFICATION_IN_THE_NUCLEUS_AND_CYTOSOL","B_extra",420,143,0.967690275841457,0.7465777250197,1.19628419287338,3.65267592050274e-10,0.946519084080596,0.711533118112502,1.18292345033879,9.81829989086431e-10,0.0548199328485736,0.26474966635793,-0.423218600414091,5.31077302177254e-05,1.00740792510499,"age+sex",0.0218780660397273,TRUE,TRUE,1.20629139685069e-09,3.35458579604531e-09
"TCGA_LIHC","HCC","REACTOME_TRNA_MODIFICATION_IN_THE_NUCLEUS_AND_CYTOSOL","B_extra",420,143,0.782256072516572,0.571190642134207,0.997130078396108,3.25974093490748e-07,0.767766685196891,0.541210656724924,1.00617867723816,5.86506959768753e-07,0.071274322774615,0.147273534931217,-0.296050318990113,0.00449334208686705,1.00740792510499,"age+sex",0.0185225629160892,TRUE,TRUE,7.03417780690561e-07,1.26562028160626e-06
"TCGA_LIHC","HCC","REACTOME_TRNA_PROCESSING_IN_THE_MITOCHONDRION","B_extra",420,143,-0.511403139218403,-0.671421822456442,-0.352556791481113,0.00075428692878136,-0.544305800211622,-0.724378970079969,-0.365701625300081,0.00035976875025881,0.0468551681659919,0.340389880196358,-0.317548801388372,0.00232376458479758,1.00740792510499,"age+sex",-0.0643380113847285,TRUE,TRUE,0.00103085880266786,0.000546315509652266
"TCGA_LIHC","HCC","REACTOME_TRNA_MODIFICATION_IN_THE_MITOCHONDRION","B_extra",420,143,0.489406846731215,0.294092214428528,0.70242886614339,0.00125547355195589,0.460681266105514,0.247969827992236,0.684340836793508,0.00247549124088686,0.0227502621917613,0.643286148072419,-0.329819854866234,0.00156852359701257,1.00740792510499,"age+sex",0.058694684836473,TRUE,TRUE,0.00166046502032875,0.00317172315238629
"TCGA_LIHC","HCC","REACTOME_CARBOXYTERMINAL_POST_TRANSLATIONAL_MODIFICATIONS_OF_TUBULIN","C_v1",420,143,1.68449874397483,1.48038343141586,1.9270404369944,1.45065264638459e-25,1.68241036600505,1.4745940505937,1.93085995133744,2.5120230933056e-25,0.0144549861071794,0.768550542020971,-0.00556781337772536,0.957177138756027,1.00740792510499,"age+sex",0.00123976225999378,TRUE,TRUE,5.9476758501768e-24,1.0299294682553e-23
"TCGA_LIHC","HCC","HALLMARK_MYC_TARGETS_V1","C_v1",420,143,1.46017196305537,1.28456375135187,1.65356029822676,3.61828454364264e-20,1.43616745813598,1.25540874892995,1.63415451761855,1.78371735170992e-19,-0.100664434951329,0.0409277780939963,-0.13009917083049,0.210023880148982,1.00740792510499,"age+sex",0.0164395054327435,TRUE,TRUE,5.54467114532356e-19,2.43774704733689e-18
"TCGA_LIHC","HCC","REACTOME_RESPIRATORY_SYNCYTIAL_VIRUS_RSV_GENOME_REPLICATION_TRANSCRIPTION_AND_TRANSLATION","C_v1",420,143,1.34909464727706,1.16881233758667,1.56343072460387,1.13927404580151e-17,1.34298440603836,1.15191772197724,1.56429848452986,2.0754326715633e-17,-0.105948682012136,0.0314768927265036,0.0611641458268571,0.555359673824191,1.00740792510499,"age+sex",0.00452914200722199,TRUE,TRUE,1.16775589694654e-16,2.12731848835238e-16
"TCGA_LIHC","HCC","REACTOME_DENGUE_VIRUS_GENOME_TRANSLATION_AND_REPLICATION","C_v1",420,143,1.06460035785702,0.850635622160361,1.29780045320488,6.73398866900161e-12,1.02894356768074,0.817736452037345,1.2686727997409,3.62898295832849e-11,-0.0896680506119409,0.0684711796633336,-0.310373214749361,0.00290786222557568,1.00740792510499,"age+sex",0.0334931224784195,TRUE,TRUE,3.06770594921184e-11,1.65320334768298e-10
"TCGA_LIHC","HCC","REACTOME_REGULATION_OF_PD_L1_CD274_POST_TRANSLATIONAL_MODIFICATION","C_v1",420,143,1.02982001732253,0.829047290456707,1.25942222401425,2.9188801487048e-11,1.00504424379308,0.800091678190846,1.23565041357585,9.65029694561384e-11,0.0223443773281624,0.649217930074538,-0.365712946958013,0.000463536409069519,1.00740792510499,"age+sex",0.0240583530254755,TRUE,TRUE,1.19674086096897e-10,3.59692886154698e-10
"TCGA_LIHC","HCC","HALLMARK_MYC_TARGETS_V2","C_v1",420,143,0.958600422062792,0.742474261287366,1.18692930656613,5.23274058701664e-10,0.932303941289818,0.702520438596182,1.17340384690207,1.69674992461882e-09,0.00914576192056915,0.852293260803172,-0.326062407717695,0.0017714084909351,1.00740792510499,"age+sex",0.0274321606456081,TRUE,TRUE,1.5324454576263e-09,5.35128822379783e-09
"TCGA_LIHC","HCC","REACTOME_SARS_COV_2_MODULATES_HOST_TRANSLATION_MACHINERY","C_v1",420,143,0.819002274296978,0.617976612283033,1.04227576733443,9.30137222698482e-08,0.777821685860468,0.581478512890943,0.986368553430332,4.2130487989812e-07,-0.057885284902336,0.238998271288458,-0.430176145408192,4.01468723365696e-05,1.00740792510499,"age+sex",0.0502814091351084,TRUE,TRUE,2.11864589614654e-07,9.59638893101272e-07
"TCGA_LIHC","HCC","REACTOME_TRANSLATION_OF_SARS_COV_2_STRUCTURAL_PROTEINS","C_v1",420,143,0.757826363887567,0.559148090041881,0.966849027070742,7.31063995495428e-07,0.742806901276787,0.536141938354206,0.955094224192489,1.31309542873629e-06,-0.0199559699496449,0.684566259925004,-0.0964142520319024,0.352711482465986,1.00740792510499,"age+sex",0.0198191344699754,TRUE,TRUE,1.49868119076563e-06,2.6918456289094e-06
"TCGA_LIHC","HCC","REACTOME_REGULATION_OF_CDH1_POSTTRANSLATIONAL_PROCESSING_AND_TRAFFICKING_TO_PLASMA_MEMBRANE","C_v1",420,143,0.605474657936927,0.411220049285288,0.830577429309065,6.94835940702087e-05,0.636709662832267,0.432506341323535,0.878415613747092,3.15346118144045e-05,-0.0296216853385013,0.54655446450339,0.283891803483501,0.00641758227112997,1.00740792510499,"age+sex",-0.0515876337446874,TRUE,TRUE,0.000113953094275142,5.38716285162744e-05
"TCGA_LIHC","HCC","REACTOME_REGULATION_OF_CDH1_MRNA_TRANSLATION_BY_MICRORNAS","C_v1",420,143,-0.597492925089245,-0.822974414943775,-0.374090582068396,8.61663446549466e-05,-0.601551841428521,-0.836105696178671,-0.374411380533873,8.26375143300049e-05,-0.135774517747915,0.00592993519129557,0.222359527476283,0.0324718226487806,1.00740792510499,"age+sex",-0.00679324585922125,TRUE,TRUE,0.000135877697340493,0.000135525523501208
"TCGA_LIHC","HCC","HALLMARK_MTORC1_SIGNALING","C_v1",420,143,0.572301878979422,0.409038942579936,0.747004681485208,0.000167314060275069,0.53948682314218,0.363899163009523,0.720317756000354,0.000404935826292895,0.0181987963498572,0.711028049223284,-0.390703264149318,0.000186695436913163,1.00740792510499,"age+sex",0.0573387176288154,TRUE,TRUE,0.000254069498936216,0.000592941745643167
"TCGA_LIHC","HCC","REACTOME_SARS_COV_1_MODULATES_HOST_TRANSLATION_MACHINERY","C_v1",420,143,0.54549380237401,0.308364087223568,0.809718055220553,0.000330293283317011,0.484568088087088,0.257680473330023,0.724088835794933,0.0014657048538092,-0.106001080645757,0.0313934856218454,-0.603128960196275,1.17589047691073e-08,1.00740792510499,"age+sex",0.111689104480695,TRUE,TRUE,0.000483643736285623,0.00200312996687258
"TCGA_LIHC","HCC","REACTOME_TRANSLATION_OF_REPLICASE_AND_ASSEMBLY_OF_THE_REPLICATION_TRANSCRIPTION_COMPLEX","C_v1",420,143,-0.512845645396662,-0.678090216790545,-0.35231253781575,0.000729033688680252,-0.519451071614778,-0.69651001373811,-0.348383384048253,0.00065598314300923,0.00605751769853355,0.901851417176369,-0.0753406450230229,0.467618183687744,1.00740792510499,"age+sex",-0.012879949897999,TRUE,TRUE,0.0010307028012376,0.000927424443564773
"TCGA_LIHC","HCC","REACTOME_TRANSCRIPTIONAL_AND_POST_TRANSLATIONAL_REGULATION_OF_MITF_M_EXPRESSION_AND_ACTIVITY","C_v1",420,143,0.475402319242063,0.266441953578565,0.68080395371161,0.00172001137732179,0.463432250215601,0.252996051469455,0.675782619436434,0.0023330487712153,-0.0563369028317623,0.251775403188756,-0.0201961966884834,0.845573718489104,1.00740792510499,"age+sex",0.0251788191642526,TRUE,TRUE,0.00220376457719355,0.00308564514902669
"TCGA_LIHC","HCC","REACTOME_REGULATION_OF_CDH11_MRNA_TRANSLATION_BY_MICRORNAS","C_v1",420,143,0.349802445078264,0.134454227386132,0.565439550136453,0.0207353908757986,0.35297094126697,0.13597922729458,0.594254950283004,0.0201249590047281,-0.184284036914372,0.000198742428125714,0.239516413258093,0.0213041774726313,1.00740792510499,"age+sex",-0.00905795895165062,TRUE,TRUE,0.0257621523002346,0.0250037369452682
"TCGA_LIHC","HCC","REACTOME_POST_TRANSLATIONAL_MODIFICATION_SYNTHESIS_OF_GPI_ANCHORED_PROTEINS","C_v1",420,143,-0.2409556926873,-0.402548310187869,-0.0816245658863669,0.11053529712138,-0.234112351022711,-0.400384197565966,-0.0669811305383677,0.122532063692721,-0.00360454271597944,0.94150050137653,0.0616674673229428,0.552111614827556,1.00740792510499,"age+sex",0.028400829996035,TRUE,FALSE,0.129484205199331,0.143537560325759
"TCGA_LIHC","HCC","REACTOME_REGULATION_OF_NPAS4_MRNA_TRANSLATION","C_v1",420,143,0.155254685694718,-0.0746291565385869,0.387815077529757,0.303418011684792,0.163184428404566,-0.0659460542083443,0.401003671326208,0.281401147613542,-0.105953829345259,0.0314686908629315,0.215486667948721,0.0381909331501056,1.00740792510499,"age+sex",-0.0510757061815224,TRUE,FALSE,0.336219958893958,0.320484640337645
"TCGA_LIHC","HCC","REACTOME_TRANSLATION_OF_SARS_COV_1_STRUCTURAL_PROTEINS","C_v1",420,143,0.144521924254083,-0.0466248603658957,0.342537541126092,0.338028276895547,0.11424123270646,-0.0908941289047878,0.327321458908715,0.450625629634829,0.107073702437454,0.0297274526630455,-0.456671524538268,1.33649691808439e-05,1.00740792510499,"age+sex",0.209523168916475,TRUE,FALSE,0.364714719808354,0.486201337237578
"TCGA_LIHC","HCC","REACTOME_REGULATION_OF_PD_L1_CD274_TRANSLATION","C_v1",420,143,-0.0354816264365926,-0.259784458766182,0.192079220854164,0.813947019807213,-0.0329395745495524,-0.265692586535368,0.197116489103438,0.827757049592593,-0.113060879607056,0.0217616823798654,0.190823183466851,0.0662720272400599,1.00740792510499,"age+sex",0.0716441759394256,TRUE,FALSE,0.834295695302393,0.848450975832408
"TCGA_LIHC","HCC","REACTOME_REGULATION_OF_PTEN_MRNA_TRANSLATION","C_v1",420,143,-0.0218142442136461,-0.256543946904203,0.208673092606187,0.884956243963324,-0.0158115989060133,-0.251266173401663,0.221484280129481,0.916816805437146,-0.118120803224112,0.0165525547447751,0.228424205224996,0.028052723402806,1.00740792510499,"age+sex",0.275170904334048,TRUE,FALSE,0.884956243963324,0.916816805437146
