"set","tier","cluster","is_representative","n_genes"
"REACTOME_RRNA_PROCESSING","A",1,TRUE,248
"REACTOME_RIBOSOME_ASSOCIATED_QUALITY_CONTROL","A",1,FALSE,167
"REACTOME_EUKARYOTIC_TRANSLATION_INITIATION","A",1,FALSE,140
"REACTOME_SRP_DEPENDENT_COTRANSLATIONAL_PROTEIN_TARGETING_TO_MEMBRANE","A",1,FALSE,133
"REACTOME_EUKARYOTIC_TRANSLATION_ELONGATION","A",1,FALSE,115
"REACTOME_RIBOSOME_QUALITY_CONTROL_RQC_COMPLEX_EXTRACTS_AND_DEGRADES_NASCENT_PEPTIDE","A",1,FALSE,108
"KEGG_RIBOSOME","A",1,FALSE,88
"REACTOME_TRNA_AMINOACYLATION","A",2,TRUE,50
"KEGG_AMINOACYL_TRNA_BIOSYNTHESIS","A",2,FALSE,41
"REACTOME_CYTOSOLIC_TRNA_AMINOACYLATION","A",2,FALSE,30
"REACTOME_MITOCHONDRIAL_TRNA_AMINOACYLATION","A",2,FALSE,23
"REACTOME_TRANSLATION","A",3,TRUE,414
"REACTOME_MITOCHONDRIAL_TRANSLATION","A",4,TRUE,124
"REACTOME_MITOCHONDRIAL_TRANSLATION_ELONGATION","A",4,FALSE,99
"REACTOME_RRNA_PROCESSING_IN_THE_MITOCHONDRION","A",5,TRUE,20
"REACTOME_TRNA_PROCESSING_IN_THE_MITOCHONDRION","B_extra",5,FALSE,7
"REACTOME_TRNA_PROCESSING","B_extra",6,TRUE,136
"REACTOME_TRNA_PROCESSING_IN_THE_NUCLEUS","B_extra",6,FALSE,76
"REACTOME_TRNA_MODIFICATION_IN_THE_NUCLEUS_AND_CYTOSOL","B_extra",7,TRUE,49
"REACTOME_RRNA_MODIFICATION_IN_THE_NUCLEUS_AND_CYTOSOL","B_extra",8,TRUE,80
"REACTOME_TRNA_MODIFICATION_IN_THE_MITOCHONDRION","B_extra",9,TRUE,11
"REACTOME_CARBOXYTERMINAL_POST_TRANSLATIONAL_MODIFICATIONS_OF_TUBULIN","C_v1",10,TRUE,47
"HALLMARK_MYC_TARGETS_V1","C_v1",11,TRUE,200
"REACTOME_REGULATION_OF_PD_L1_CD274_POST_TRANSLATIONAL_MODIFICATION","C_v1",12,TRUE,103
"REACTOME_DENGUE_VIRUS_GENOME_TRANSLATION_AND_REPLICATION","C_v1",13,TRUE,95
"REACTOME_RESPIRATORY_SYNCYTIAL_VIRUS_RSV_GENOME_REPLICATION_TRANSCRIPTION_AND_TRANSLATION","C_v1",14,TRUE,23
"HALLMARK_MYC_TARGETS_V2","C_v1",15,TRUE,58
"REACTOME_SARS_COV_2_MODULATES_HOST_TRANSLATION_MACHINERY","C_v1",16,TRUE,71
"REACTOME_SARS_COV_1_MODULATES_HOST_TRANSLATION_MACHINERY","C_v1",16,FALSE,54
"REACTOME_REGULATION_OF_CDH1_POSTTRANSLATIONAL_PROCESSING_AND_TRAFFICKING_TO_PLASMA_MEMBRANE","C_v1",17,TRUE,40
"REACTOME_TRANSLATION_OF_SARS_COV_2_STRUCTURAL_PROTEINS","C_v1",18,TRUE,64
"REACTOME_TRANSLATION_OF_SARS_COV_1_STRUCTURAL_PROTEINS","C_v1",18,FALSE,30
"HALLMARK_MTORC1_SIGNALING","C_v1",19,TRUE,200
"REACTOME_TRANSLATION_OF_REPLICASE_AND_ASSEMBLY_OF_THE_REPLICATION_TRANSCRIPTION_COMPLEX","C_v1",20,TRUE,15
"REACTOME_REGULATION_OF_CDH1_MRNA_TRANSLATION_BY_MICRORNAS","C_v1",21,TRUE,15
"REACTOME_REGULATION_OF_PD_L1_CD274_TRANSLATION","C_v1",21,FALSE,14
"REACTOME_REGULATION_OF_CDH11_MRNA_TRANSLATION_BY_MICRORNAS","C_v1",21,FALSE,10
"REACTOME_REGULATION_OF_PTEN_MRNA_TRANSLATION","C_v1",21,FALSE,10
"REACTOME_REGULATION_OF_NPAS4_MRNA_TRANSLATION","C_v1",21,FALSE,9
"REACTOME_POST_TRANSLATIONAL_MODIFICATION_SYNTHESIS_OF_GPI_ANCHORED_PROTEINS","C_v1",22,TRUE,108
"REACTOME_TRANSCRIPTIONAL_AND_POST_TRANSLATIONAL_REGULATION_OF_MITF_M_EXPRESSION_AND_ACTIVITY","C_v1",23,TRUE,67
