"gene","in_HF_platform","in_HCC_platform","in_common_U","loss_reason"
"FAU",TRUE,TRUE,TRUE,"retained"
"MRPL13",FALSE,TRUE,FALSE,"lost on HF array (GPL11532)"
"RPL10",TRUE,TRUE,TRUE,"retained"
"RPL10A",TRUE,TRUE,TRUE,"retained"
"RPL10L",FALSE,FALSE,FALSE,"absent from both platforms"
"RPL11",TRUE,TRUE,TRUE,"retained"
"RPL12",TRUE,TRUE,TRUE,"retained"
"RPL13",TRUE,TRUE,TRUE,"retained"
"RPL13A",TRUE,TRUE,TRUE,"retained"
"RPL14",TRUE,TRUE,TRUE,"retained"
"RPL15",TRUE,TRUE,TRUE,"retained"
"RPL17",TRUE,TRUE,TRUE,"retained"
"RPL18",TRUE,TRUE,TRUE,"retained"
"RPL18A",TRUE,TRUE,TRUE,"retained"
"RPL19",TRUE,TRUE,TRUE,"retained"
"RPL21",TRUE,TRUE,TRUE,"retained"
"RPL22",FALSE,TRUE,FALSE,"lost on HF array (GPL11532)"
"RPL22L1",FALSE,TRUE,FALSE,"lost on HF array (GPL11532)"
"RPL23",TRUE,TRUE,TRUE,"retained"
"RPL23A",TRUE,TRUE,TRUE,"retained"
"RPL24",TRUE,TRUE,TRUE,"retained"
"RPL26",TRUE,TRUE,TRUE,"retained"
"RPL26L1",TRUE,TRUE,TRUE,"retained"
"RPL27",TRUE,TRUE,TRUE,"retained"
"RPL27A",TRUE,TRUE,TRUE,"retained"
"RPL28",TRUE,TRUE,TRUE,"retained"
"RPL29",TRUE,TRUE,TRUE,"retained"
"RPL3",TRUE,TRUE,TRUE,"retained"
"RPL30",TRUE,TRUE,TRUE,"retained"
"RPL31",TRUE,TRUE,TRUE,"retained"
"RPL32",TRUE,TRUE,TRUE,"retained"
"RPL34",FALSE,TRUE,FALSE,"lost on HF array (GPL11532)"
"RPL35",TRUE,TRUE,TRUE,"retained"
"RPL35A",TRUE,TRUE,TRUE,"retained"
"RPL36",TRUE,TRUE,TRUE,"retained"
"RPL36A",TRUE,TRUE,TRUE,"retained"
"RPL36AL",TRUE,TRUE,TRUE,"retained"
"RPL37",TRUE,TRUE,TRUE,"retained"
"RPL37A",TRUE,TRUE,TRUE,"retained"
"RPL38",TRUE,TRUE,TRUE,"retained"
"RPL39",TRUE,TRUE,TRUE,"retained"
"RPL3L",TRUE,FALSE,FALSE,"lost in HCC RNA-seq"
"RPL4",TRUE,TRUE,TRUE,"retained"
"RPL41",TRUE,TRUE,TRUE,"retained"
"RPL5",TRUE,TRUE,TRUE,"retained"
"RPL6",TRUE,TRUE,TRUE,"retained"
"RPL7",TRUE,TRUE,TRUE,"retained"
"RPL7A",TRUE,TRUE,TRUE,"retained"
"RPL8",TRUE,TRUE,TRUE,"retained"
"RPL9",TRUE,TRUE,TRUE,"retained"
"RPLP0",TRUE,TRUE,TRUE,"retained"
"RPLP1",TRUE,TRUE,TRUE,"retained"
"RPLP2",TRUE,TRUE,TRUE,"retained"
"RPS10",TRUE,TRUE,TRUE,"retained"
"RPS11",TRUE,TRUE,TRUE,"retained"
"RPS12",TRUE,TRUE,TRUE,"retained"
"RPS13",TRUE,TRUE,TRUE,"retained"
"RPS15",TRUE,TRUE,TRUE,"retained"
"RPS15A",TRUE,TRUE,TRUE,"retained"
"RPS16",TRUE,TRUE,TRUE,"retained"
"RPS17",TRUE,TRUE,TRUE,"retained"
"RPS18",TRUE,TRUE,TRUE,"retained"
"RPS19",TRUE,TRUE,TRUE,"retained"
"RPS2",TRUE,TRUE,TRUE,"retained"
"RPS20",TRUE,TRUE,TRUE,"retained"
"RPS21",TRUE,TRUE,TRUE,"retained"
"RPS23",TRUE,TRUE,TRUE,"retained"
"RPS24",TRUE,TRUE,TRUE,"retained"
"RPS25",TRUE,TRUE,TRUE,"retained"
"RPS26",TRUE,TRUE,TRUE,"retained"
"RPS27",TRUE,TRUE,TRUE,"retained"
"RPS27A",TRUE,TRUE,TRUE,"retained"
"RPS27L",TRUE,TRUE,TRUE,"retained"
"RPS28",TRUE,TRUE,TRUE,"retained"
"RPS29",FALSE,TRUE,FALSE,"lost on HF array (GPL11532)"
"RPS3",TRUE,TRUE,TRUE,"retained"
"RPS3A",TRUE,TRUE,TRUE,"retained"
"RPS4X",TRUE,TRUE,TRUE,"retained"
"RPS4Y1",TRUE,TRUE,TRUE,"retained"
"RPS5",TRUE,TRUE,TRUE,"retained"
"RPS6",TRUE,TRUE,TRUE,"retained"
"RPS7",TRUE,TRUE,TRUE,"retained"
"RPS8",TRUE,TRUE,TRUE,"retained"
"RPS9",TRUE,TRUE,TRUE,"retained"
"RPSA",TRUE,TRUE,TRUE,"retained"
"RSL24D1",TRUE,TRUE,TRUE,"retained"
"RSL24D1P11",FALSE,FALSE,FALSE,"absent from both platforms"
"UBA52",TRUE,TRUE,TRUE,"retained"
"AARS1",TRUE,TRUE,TRUE,"retained"
"AARS2",TRUE,TRUE,TRUE,"retained"
"CARS1",TRUE,TRUE,TRUE,"retained"
"CARS2",TRUE,TRUE,TRUE,"retained"
"DARS1",TRUE,TRUE,TRUE,"retained"
"DARS2",TRUE,TRUE,TRUE,"retained"
"EARS2",TRUE,TRUE,TRUE,"retained"
"EPRS1",TRUE,TRUE,TRUE,"retained"
"FARS2",TRUE,TRUE,TRUE,"retained"
"FARSA",TRUE,TRUE,TRUE,"retained"
"FARSB",TRUE,TRUE,TRUE,"retained"
"GARS1",TRUE,TRUE,TRUE,"retained"
"HARS1",TRUE,TRUE,TRUE,"retained"
"HARS2",TRUE,TRUE,TRUE,"retained"
"IARS1",TRUE,TRUE,TRUE,"retained"
"IARS2",TRUE,TRUE,TRUE,"retained"
"KARS1",TRUE,TRUE,TRUE,"retained"
"LARS1",TRUE,TRUE,TRUE,"retained"
"LARS2",TRUE,TRUE,TRUE,"retained"
"MARS1",TRUE,TRUE,TRUE,"retained"
"MARS2",TRUE,TRUE,TRUE,"retained"
"MTFMT",TRUE,TRUE,TRUE,"retained"
"NARS1",TRUE,TRUE,TRUE,"retained"
"NARS2",TRUE,TRUE,TRUE,"retained"
"PARS2",TRUE,TRUE,TRUE,"retained"
"PSTK",FALSE,TRUE,FALSE,"lost on HF array (GPL11532)"
"QARS1",TRUE,TRUE,TRUE,"retained"
"RARS1",TRUE,TRUE,TRUE,"retained"
"RARS2",TRUE,TRUE,TRUE,"retained"
"SARS1",TRUE,TRUE,TRUE,"retained"
"SARS2",TRUE,TRUE,TRUE,"retained"
"SEPSECS",TRUE,TRUE,TRUE,"retained"
"TARS1",TRUE,TRUE,TRUE,"retained"
"TARS2",TRUE,TRUE,TRUE,"retained"
"TARS3",TRUE,TRUE,TRUE,"retained"
"VARS1",TRUE,TRUE,TRUE,"retained"
"VARS2",TRUE,TRUE,TRUE,"retained"
"WARS1",TRUE,TRUE,TRUE,"retained"
"WARS2",TRUE,TRUE,TRUE,"retained"
"YARS1",TRUE,TRUE,TRUE,"retained"
"YARS2",TRUE,TRUE,TRUE,"retained"
"ABCE1",TRUE,TRUE,TRUE,"retained"
"ADRM1",TRUE,TRUE,TRUE,"retained"
"AIMP1",TRUE,TRUE,TRUE,"retained"
"AIMP2",TRUE,TRUE,TRUE,"retained"
"ANKZF1",TRUE,TRUE,TRUE,"retained"
"APEH",TRUE,TRUE,TRUE,"retained"
"ASCC2",TRUE,TRUE,TRUE,"retained"
"ASCC3",TRUE,TRUE,TRUE,"retained"
"AURKAIP1",TRUE,TRUE,TRUE,"retained"
"CHCHD1",TRUE,TRUE,TRUE,"retained"
"CUL2",TRUE,TRUE,TRUE,"retained"
"DAP3",TRUE,TRUE,TRUE,"retained"
"DDOST",TRUE,TRUE,TRUE,"retained"
"EEF1A1",TRUE,TRUE,TRUE,"retained"
"EEF1A2",TRUE,TRUE,TRUE,"retained"
"EEF1B2",TRUE,TRUE,TRUE,"retained"
"EEF1D",TRUE,TRUE,TRUE,"retained"
"EEF1E1",FALSE,TRUE,FALSE,"lost on HF array (GPL11532)"
"EEF1G",TRUE,FALSE,FALSE,"lost in HCC RNA-seq"
"EEF2",TRUE,TRUE,TRUE,"retained"
"EIF1AX",TRUE,TRUE,TRUE,"retained"
"EIF2B1",TRUE,TRUE,TRUE,"retained"
"EIF2B2",TRUE,TRUE,TRUE,"retained"
"EIF2B3",TRUE,TRUE,TRUE,"retained"
"EIF2B4",TRUE,TRUE,TRUE,"retained"
"EIF2B5",TRUE,TRUE,TRUE,"retained"
"EIF2S1",TRUE,TRUE,TRUE,"retained"
"EIF2S2",TRUE,TRUE,TRUE,"retained"
"EIF2S3",TRUE,TRUE,TRUE,"retained"
"EIF3A",TRUE,TRUE,TRUE,"retained"
"EIF3B",TRUE,TRUE,TRUE,"retained"
"EIF3C",TRUE,TRUE,TRUE,"retained"
"EIF3D",TRUE,TRUE,TRUE,"retained"
"EIF3E",TRUE,TRUE,TRUE,"retained"
"EIF3F",TRUE,TRUE,TRUE,"retained"
"EIF3G",TRUE,TRUE,TRUE,"retained"
"EIF3H",TRUE,TRUE,TRUE,"retained"
"EIF3I",TRUE,TRUE,TRUE,"retained"
"EIF3J",TRUE,TRUE,TRUE,"retained"
"EIF3K",TRUE,TRUE,TRUE,"retained"
"EIF3L",TRUE,TRUE,TRUE,"retained"
"EIF3M",TRUE,TRUE,TRUE,"retained"
"EIF4A1",TRUE,TRUE,TRUE,"retained"
"EIF4A2",TRUE,TRUE,TRUE,"retained"
"EIF4B",TRUE,TRUE,TRUE,"retained"
"EIF4E",FALSE,TRUE,FALSE,"lost on HF array (GPL11532)"
"EIF4EBP1",TRUE,TRUE,TRUE,"retained"
"EIF4G1",TRUE,TRUE,TRUE,"retained"
"EIF4H",TRUE,TRUE,TRUE,"retained"
"EIF5",TRUE,TRUE,TRUE,"retained"
"EIF5B",TRUE,TRUE,TRUE,"retained"
"ELOB",TRUE,TRUE,TRUE,"retained"
"ELOC",TRUE,TRUE,TRUE,"retained"
"ERAL1",TRUE,TRUE,TRUE,"retained"
"ETF1",TRUE,TRUE,TRUE,"retained"
"GADD45GIP1",TRUE,TRUE,TRUE,"retained"
"GFM1",TRUE,TRUE,TRUE,"retained"
"GFM2",TRUE,TRUE,TRUE,"retained"
"GSPT1",TRUE,TRUE,TRUE,"retained"
"GSPT2",TRUE,TRUE,TRUE,"retained"
"HBS1L",TRUE,TRUE,TRUE,"retained"
"HEMK2",TRUE,TRUE,TRUE,"retained"
"KGD4",TRUE,TRUE,TRUE,"retained"
"KLHDC10",TRUE,TRUE,TRUE,"retained"
"LTN1",TRUE,TRUE,TRUE,"retained"
"MALSU1",TRUE,TRUE,TRUE,"retained"
"MIEF1",TRUE,TRUE,TRUE,"retained"
"MRPL1",TRUE,TRUE,TRUE,"retained"
"MRPL10",TRUE,TRUE,TRUE,"retained"
"MRPL11",TRUE,TRUE,TRUE,"retained"
"MRPL12",TRUE,TRUE,TRUE,"retained"
"MRPL14",TRUE,TRUE,TRUE,"retained"
"MRPL15",TRUE,TRUE,TRUE,"retained"
"MRPL16",TRUE,TRUE,TRUE,"retained"
"MRPL17",TRUE,TRUE,TRUE,"retained"
"MRPL18",TRUE,TRUE,TRUE,"retained"
"MRPL19",TRUE,TRUE,TRUE,"retained"
"MRPL2",TRUE,TRUE,TRUE,"retained"
"MRPL20",TRUE,TRUE,TRUE,"retained"
"MRPL21",TRUE,TRUE,TRUE,"retained"
"MRPL22",TRUE,TRUE,TRUE,"retained"
"MRPL23",TRUE,TRUE,TRUE,"retained"
"MRPL24",TRUE,TRUE,TRUE,"retained"
"MRPL27",TRUE,TRUE,TRUE,"retained"
"MRPL28",TRUE,TRUE,TRUE,"retained"
"MRPL3",TRUE,TRUE,TRUE,"retained"
"MRPL30",TRUE,TRUE,TRUE,"retained"
"MRPL32",TRUE,TRUE,TRUE,"retained"
"MRPL33",TRUE,TRUE,TRUE,"retained"
"MRPL34",TRUE,TRUE,TRUE,"retained"
"MRPL35",TRUE,TRUE,TRUE,"retained"
"MRPL36",TRUE,TRUE,TRUE,"retained"
"MRPL37",TRUE,TRUE,TRUE,"retained"
"MRPL38",TRUE,TRUE,TRUE,"retained"
"MRPL39",TRUE,TRUE,TRUE,"retained"
"MRPL4",TRUE,TRUE,TRUE,"retained"
"MRPL40",TRUE,TRUE,TRUE,"retained"
"MRPL41",TRUE,TRUE,TRUE,"retained"
"MRPL42",TRUE,TRUE,TRUE,"retained"
"MRPL43",TRUE,TRUE,TRUE,"retained"
"MRPL44",TRUE,TRUE,TRUE,"retained"
"MRPL45",TRUE,TRUE,TRUE,"retained"
"MRPL46",TRUE,TRUE,TRUE,"retained"
"MRPL47",TRUE,TRUE,TRUE,"retained"
"MRPL48",TRUE,TRUE,TRUE,"retained"
"MRPL49",TRUE,TRUE,TRUE,"retained"
"MRPL50",TRUE,TRUE,TRUE,"retained"
"MRPL51",TRUE,TRUE,TRUE,"retained"
"MRPL52",FALSE,TRUE,FALSE,"lost on HF array (GPL11532)"
"MRPL53",TRUE,TRUE,TRUE,"retained"
"MRPL54",FALSE,TRUE,FALSE,"lost on HF array (GPL11532)"
"MRPL55",TRUE,TRUE,TRUE,"retained"
"MRPL57",TRUE,TRUE,TRUE,"retained"
"MRPL58",TRUE,TRUE,TRUE,"retained"
"MRPL9",TRUE,TRUE,TRUE,"retained"
"MRPS10",TRUE,TRUE,TRUE,"retained"
"MRPS11",TRUE,TRUE,TRUE,"retained"
"MRPS12",TRUE,TRUE,TRUE,"retained"
"MRPS14",TRUE,TRUE,TRUE,"retained"
"MRPS15",TRUE,TRUE,TRUE,"retained"
"MRPS16",TRUE,TRUE,TRUE,"retained"
"MRPS17",TRUE,TRUE,TRUE,"retained"
"MRPS18A",TRUE,TRUE,TRUE,"retained"
"MRPS18B",TRUE,TRUE,TRUE,"retained"
"MRPS18C",TRUE,TRUE,TRUE,"retained"
"MRPS2",TRUE,TRUE,TRUE,"retained"
"MRPS21",TRUE,TRUE,TRUE,"retained"
"MRPS22",TRUE,TRUE,TRUE,"retained"
"MRPS23",TRUE,TRUE,TRUE,"retained"
"MRPS24",FALSE,FALSE,FALSE,"absent from both platforms"
"MRPS25",TRUE,TRUE,TRUE,"retained"
"MRPS26",TRUE,TRUE,TRUE,"retained"
"MRPS27",TRUE,TRUE,TRUE,"retained"
"MRPS28",TRUE,TRUE,TRUE,"retained"
"MRPS30",TRUE,TRUE,TRUE,"retained"
"MRPS31",TRUE,TRUE,TRUE,"retained"
"MRPS33",TRUE,TRUE,TRUE,"retained"
"MRPS34",TRUE,TRUE,TRUE,"retained"
"MRPS35",TRUE,TRUE,TRUE,"retained"
"MRPS5",TRUE,TRUE,TRUE,"retained"
"MRPS6",FALSE,TRUE,FALSE,"lost on HF array (GPL11532)"
"MRPS7",TRUE,TRUE,TRUE,"retained"
"MRPS9",TRUE,TRUE,TRUE,"retained"
"MRRF",TRUE,TRUE,TRUE,"retained"
"MT-ATP6",FALSE,TRUE,FALSE,"lost on HF array (GPL11532)"
"MT-ATP8",FALSE,TRUE,FALSE,"lost on HF array (GPL11532)"
"MT-CO1",FALSE,TRUE,FALSE,"lost on HF array (GPL11532)"
"MT-CO2",FALSE,TRUE,FALSE,"lost on HF array (GPL11532)"
"MT-CO3",FALSE,TRUE,FALSE,"lost on HF array (GPL11532)"
"MT-CYB",FALSE,TRUE,FALSE,"lost on HF array (GPL11532)"
"MT-ND1",FALSE,TRUE,FALSE,"lost on HF array (GPL11532)"
"MT-ND2",FALSE,TRUE,FALSE,"lost on HF array (GPL11532)"
"MT-ND3",FALSE,TRUE,FALSE,"lost on HF array (GPL11532)"
"MT-ND4",FALSE,TRUE,FALSE,"lost on HF array (GPL11532)"
"MT-ND4L",FALSE,TRUE,FALSE,"lost on HF array (GPL11532)"
"MT-ND5",FALSE,TRUE,FALSE,"lost on HF array (GPL11532)"
"MT-ND6",FALSE,TRUE,FALSE,"lost on HF array (GPL11532)"
"MT-RNR1",FALSE,FALSE,FALSE,"absent from both platforms"
"MT-RNR2",FALSE,FALSE,FALSE,"absent from both platforms"
"MTIF2",TRUE,TRUE,TRUE,"retained"
"MTIF3",TRUE,TRUE,TRUE,"retained"
"MTRES1",TRUE,TRUE,TRUE,"retained"
"MTRF1",TRUE,TRUE,TRUE,"retained"
"MTRF1L",TRUE,TRUE,TRUE,"retained"
"MTRFR",TRUE,TRUE,TRUE,"retained"
"NDUFAB1",TRUE,TRUE,TRUE,"retained"
"NEMF",TRUE,TRUE,TRUE,"retained"
"NPLOC4",TRUE,TRUE,TRUE,"retained"
"OXA1L",TRUE,TRUE,TRUE,"retained"
"PABPC1",TRUE,TRUE,TRUE,"retained"
"PELO",TRUE,TRUE,TRUE,"retained"
"PPA1",TRUE,TRUE,TRUE,"retained"
"PPA2",TRUE,TRUE,TRUE,"retained"
"PSMA1",TRUE,TRUE,TRUE,"retained"
"PSMA2",TRUE,TRUE,TRUE,"retained"
"PSMA3",TRUE,TRUE,TRUE,"retained"
"PSMA4",TRUE,TRUE,TRUE,"retained"
"PSMA5",TRUE,TRUE,TRUE,"retained"
"PSMA6",TRUE,TRUE,TRUE,"retained"
"PSMA7",TRUE,TRUE,TRUE,"retained"
"PSMB1",TRUE,TRUE,TRUE,"retained"
"PSMB2",TRUE,TRUE,TRUE,"retained"
"PSMB3",TRUE,TRUE,TRUE,"retained"
"PSMB4",TRUE,TRUE,TRUE,"retained"
"PSMB5",TRUE,TRUE,TRUE,"retained"
"PSMB6",TRUE,TRUE,TRUE,"retained"
"PSMB7",TRUE,TRUE,TRUE,"retained"
"PSMC1",TRUE,TRUE,TRUE,"retained"
"PSMC2",TRUE,TRUE,TRUE,"retained"
"PSMC3",TRUE,TRUE,TRUE,"retained"
"PSMC4",TRUE,TRUE,TRUE,"retained"
"PSMC5",TRUE,TRUE,TRUE,"retained"
"PSMC6",TRUE,TRUE,TRUE,"retained"
"PSMD1",TRUE,TRUE,TRUE,"retained"
"PSMD11",TRUE,TRUE,TRUE,"retained"
"PSMD12",TRUE,TRUE,TRUE,"retained"
"PSMD13",TRUE,TRUE,TRUE,"retained"
"PSMD14",TRUE,TRUE,TRUE,"retained"
"PSMD2",TRUE,TRUE,TRUE,"retained"
"PSMD3",TRUE,TRUE,TRUE,"retained"
"PSMD6",TRUE,TRUE,TRUE,"retained"
"PSMD7",TRUE,TRUE,TRUE,"retained"
"PSMD8",TRUE,TRUE,TRUE,"retained"
"PTCD3",TRUE,TRUE,TRUE,"retained"
"RBX1",TRUE,TRUE,TRUE,"retained"
"RCHY1",TRUE,TRUE,TRUE,"retained"
"RPL39L",FALSE,TRUE,FALSE,"lost on HF array (GPL11532)"
"RPN1",TRUE,TRUE,TRUE,"retained"
"RPN2",TRUE,TRUE,TRUE,"retained"
"RPS14",TRUE,TRUE,TRUE,"retained"
"RPS4Y2",FALSE,FALSE,FALSE,"absent from both platforms"
"SEC11A",TRUE,TRUE,TRUE,"retained"
"SEC11C",TRUE,TRUE,TRUE,"retained"
"SEC61A1",TRUE,TRUE,TRUE,"retained"
"SEC61A2",TRUE,TRUE,TRUE,"retained"
"SEC61B",TRUE,TRUE,TRUE,"retained"
"SEC61G",TRUE,TRUE,TRUE,"retained"
"SEM1",TRUE,TRUE,TRUE,"retained"
"SPCS1",TRUE,TRUE,TRUE,"retained"
"SPCS2",TRUE,TRUE,TRUE,"retained"
"SPCS3",TRUE,TRUE,TRUE,"retained"
"SRP14",TRUE,TRUE,TRUE,"retained"
"SRP19",TRUE,TRUE,TRUE,"retained"
"SRP54",TRUE,TRUE,TRUE,"retained"
"SRP68",TRUE,TRUE,TRUE,"retained"
"SRP72",TRUE,TRUE,TRUE,"retained"
"SRP9",TRUE,TRUE,TRUE,"retained"
"SRPRA",TRUE,TRUE,TRUE,"retained"
"SRPRB",TRUE,TRUE,TRUE,"retained"
"SSR1",TRUE,TRUE,TRUE,"retained"
"SSR2",TRUE,TRUE,TRUE,"retained"
"SSR3",TRUE,TRUE,TRUE,"retained"
"SSR4",TRUE,TRUE,TRUE,"retained"
"TCF25",TRUE,TRUE,TRUE,"retained"
"TRAM1",TRUE,TRUE,TRUE,"retained"
"TRIP4",TRUE,TRUE,TRUE,"retained"
"TRMT112",TRUE,TRUE,TRUE,"retained"
"TSFM",TRUE,TRUE,TRUE,"retained"
"TUFM",TRUE,TRUE,TRUE,"retained"
"UBB",TRUE,TRUE,TRUE,"retained"
"UBC",TRUE,TRUE,TRUE,"retained"
"UBE2D1",TRUE,TRUE,TRUE,"retained"
"UBE2D2",TRUE,TRUE,TRUE,"retained"
"UBE2D3",TRUE,TRUE,TRUE,"retained"
"UFD1",TRUE,TRUE,TRUE,"retained"
"VCP",TRUE,TRUE,TRUE,"retained"
"ZNF598",TRUE,TRUE,TRUE,"retained"
"BMS1",TRUE,TRUE,TRUE,"retained"
"BOP1",TRUE,TRUE,TRUE,"retained"
"BUD23",TRUE,TRUE,TRUE,"retained"
"BYSL",TRUE,TRUE,TRUE,"retained"
"C1D",TRUE,TRUE,TRUE,"retained"
"CSNK1D",TRUE,TRUE,TRUE,"retained"
"CSNK1E",TRUE,TRUE,TRUE,"retained"
"DCAF13",TRUE,TRUE,TRUE,"retained"
"DDX21",TRUE,TRUE,TRUE,"retained"
"DDX47",FALSE,FALSE,FALSE,"absent from both platforms"
"DDX49",TRUE,TRUE,TRUE,"retained"
"DDX52",TRUE,TRUE,TRUE,"retained"
"DHX37",TRUE,TRUE,TRUE,"retained"
"DIMT1",TRUE,TRUE,TRUE,"retained"
"DIS3",TRUE,TRUE,TRUE,"retained"
"DKC1",TRUE,TRUE,TRUE,"retained"
"EBNA1BP2",TRUE,TRUE,TRUE,"retained"
"ELAC2",TRUE,TRUE,TRUE,"retained"
"EMG1",TRUE,TRUE,TRUE,"retained"
"ERI1",FALSE,TRUE,FALSE,"lost on HF array (GPL11532)"
"EXOSC1",TRUE,TRUE,TRUE,"retained"
"EXOSC10",TRUE,TRUE,TRUE,"retained"
"EXOSC2",TRUE,TRUE,TRUE,"retained"
"EXOSC3",TRUE,TRUE,TRUE,"retained"
"EXOSC4",TRUE,TRUE,TRUE,"retained"
"EXOSC5",TRUE,TRUE,TRUE,"retained"
"EXOSC6",TRUE,TRUE,TRUE,"retained"
"EXOSC7",TRUE,TRUE,TRUE,"retained"
"EXOSC8",TRUE,TRUE,TRUE,"retained"
"EXOSC9",TRUE,TRUE,TRUE,"retained"
"FASTKD2",TRUE,TRUE,TRUE,"retained"
"FBL",TRUE,TRUE,TRUE,"retained"
"FCF1",TRUE,TRUE,TRUE,"retained"
"FTSJ3",TRUE,TRUE,TRUE,"retained"
"GAR1",TRUE,TRUE,TRUE,"retained"
"GNL3",TRUE,TRUE,TRUE,"retained"
"HEATR1",TRUE,TRUE,TRUE,"retained"
"HSD17B10",TRUE,TRUE,TRUE,"retained"
"IMP3",TRUE,TRUE,TRUE,"retained"
"IMP4",TRUE,TRUE,TRUE,"retained"
"ISG20L2",TRUE,TRUE,TRUE,"retained"
"KRR1",TRUE,TRUE,TRUE,"retained"
"LAS1L",TRUE,TRUE,TRUE,"retained"
"LTV1",TRUE,TRUE,TRUE,"retained"
"MPHOSPH10",TRUE,TRUE,TRUE,"retained"
"MPHOSPH6",FALSE,TRUE,FALSE,"lost on HF array (GPL11532)"
"MRM1",TRUE,TRUE,TRUE,"retained"
"MRM2",TRUE,TRUE,TRUE,"retained"
"MRM3",TRUE,TRUE,TRUE,"retained"
"MTERF3",TRUE,TRUE,TRUE,"retained"
"MTERF4",TRUE,TRUE,TRUE,"retained"
"MTREX",TRUE,TRUE,TRUE,"retained"
"NAT10",TRUE,TRUE,TRUE,"retained"
"NCL",TRUE,TRUE,TRUE,"retained"
"NGRN",TRUE,TRUE,TRUE,"retained"
"NHP2",TRUE,TRUE,TRUE,"retained"
"NIP7",TRUE,TRUE,TRUE,"retained"
"NOB1",TRUE,TRUE,TRUE,"retained"
"NOC4L",TRUE,TRUE,TRUE,"retained"
"NOL11",TRUE,TRUE,TRUE,"retained"
"NOL12",TRUE,TRUE,TRUE,"retained"
"NOL6",TRUE,TRUE,TRUE,"retained"
"NOL9",TRUE,TRUE,TRUE,"retained"
"NOP10",TRUE,TRUE,TRUE,"retained"
"NOP14",TRUE,TRUE,TRUE,"retained"
"NOP2",TRUE,TRUE,TRUE,"retained"
"NOP56",TRUE,TRUE,TRUE,"retained"
"NOP58",TRUE,TRUE,TRUE,"retained"
"NSUN4",TRUE,TRUE,TRUE,"retained"
"PDCD11",TRUE,TRUE,TRUE,"retained"
"PELP1",TRUE,TRUE,TRUE,"retained"
"PES1",TRUE,TRUE,TRUE,"retained"
"PNO1",TRUE,TRUE,TRUE,"retained"
"PRORP",TRUE,TRUE,TRUE,"retained"
"PWP2",TRUE,FALSE,FALSE,"lost in HCC RNA-seq"
"RBM28",TRUE,TRUE,TRUE,"retained"
"RCC1L",TRUE,TRUE,TRUE,"retained"
"RCL1",TRUE,TRUE,TRUE,"retained"
"RIOK1",TRUE,TRUE,TRUE,"retained"
"RIOK2",TRUE,TRUE,TRUE,"retained"
"RIOK3",TRUE,TRUE,TRUE,"retained"
"RPP14",TRUE,TRUE,TRUE,"retained"
"RPP21",FALSE,TRUE,FALSE,"lost on HF array (GPL11532)"
"RPP25",FALSE,TRUE,FALSE,"lost on HF array (GPL11532)"
"RPP30",TRUE,TRUE,TRUE,"retained"
"RPP38",TRUE,TRUE,TRUE,"retained"
"RPP40",FALSE,TRUE,FALSE,"lost on HF array (GPL11532)"
"RPUSD3",TRUE,TRUE,TRUE,"retained"
"RPUSD4",TRUE,TRUE,TRUE,"retained"
"RRP1",TRUE,TRUE,TRUE,"retained"
"RRP36",TRUE,TRUE,TRUE,"retained"
"RRP7A",TRUE,TRUE,TRUE,"retained"
"RRP9",TRUE,TRUE,TRUE,"retained"
"SENP3",TRUE,TRUE,TRUE,"retained"
"SNU13",TRUE,TRUE,TRUE,"retained"
"TBL3",TRUE,TRUE,TRUE,"retained"
"TEX10",TRUE,TRUE,TRUE,"retained"
"TFB1M",TRUE,TRUE,TRUE,"retained"
"THUMPD1",TRUE,TRUE,TRUE,"retained"
"TRMT10C",TRUE,TRUE,TRUE,"retained"
"TRUB2",TRUE,TRUE,TRUE,"retained"
"TSR1",TRUE,TRUE,TRUE,"retained"
"TSR3",TRUE,TRUE,TRUE,"retained"
"UTP11",TRUE,TRUE,TRUE,"retained"
"UTP14A",TRUE,TRUE,TRUE,"retained"
"UTP14C",FALSE,TRUE,FALSE,"lost on HF array (GPL11532)"
"UTP15",TRUE,TRUE,TRUE,"retained"
"UTP18",TRUE,TRUE,TRUE,"retained"
"UTP20",TRUE,TRUE,TRUE,"retained"
"UTP25",TRUE,TRUE,TRUE,"retained"
"UTP3",TRUE,TRUE,TRUE,"retained"
"UTP4",TRUE,TRUE,TRUE,"retained"
"UTP6",TRUE,TRUE,TRUE,"retained"
"WDR12",TRUE,TRUE,TRUE,"retained"
"WDR18",TRUE,TRUE,TRUE,"retained"
"WDR3",TRUE,TRUE,TRUE,"retained"
"WDR36",TRUE,TRUE,TRUE,"retained"
"WDR43",TRUE,TRUE,TRUE,"retained"
"WDR46",TRUE,TRUE,TRUE,"retained"
"WDR75",TRUE,TRUE,TRUE,"retained"
"XRN2",TRUE,TRUE,TRUE,"retained"
