"reference","test","module","moduleSize","Zsummary.pres","Zdensity.pres","Zconnectivity.pres","Z.propVarExplained.pres","Z.meanSignAwareKME.pres","Z.meanSignAwareCorDat.pres","Z.meanAdj.pres","Z.meanMAR.pres","Z.cor.kIM","Z.cor.kME","Z.cor.kMEall","Z.cor.cor","Z.cor.MAR","moduleSize.obs","medianRank.pres","medianRankDensity.pres","medianRankConnectivity.pres","propVarExplained.pres","meanSignAwareKME.pres","meanSignAwareCorDat.pres","meanAdj.pres","meanMAR.pres","cor.kIM","cor.kME","cor.kMEall","cor.cor","cor.MAR","log.p.Bonfsummary.pres","log.p.Bonfdensity.pres","log.p.Bonfconnectivity.pres","p_summary","p_summary_bh","preservation_class"
"HCC","HF","red",302,15.011489715269,17.5688317352948,12.4541476952431,12.9267232686958,9.31336521233391,22.2109402018938,39.446594435529,15.1458784974867,10.4420226369497,12.4541476952431,37.9424986772105,26.289323911375,9.01509575328532,302,3,3.5,2,0.295730852151671,0.363787088439328,0.138563483473411,0.014340309111246,0.0575391080679496,0.578835886729312,0.48766675634551,0.271376692483354,0.366081593833371,0.515495734523478,-52.913896271846,-71.9922596475541,-33.8355328961379,1.21928078070916e-53,2.56048963948924e-52,"strong (>10)"
"HCC","HF","greenyellow",130,12.3083778636993,16.9559590417473,7.6607966856513,12.7009151327552,8.23929492061124,21.2110029507395,47.5416538309924,16.4979471111188,7.43779109920817,7.6607966856513,60.6007020562051,15.7691609861118,7.77404924956738,130,1,1,1,0.362339912007063,0.446192698788731,0.201014625241601,0.0257522692810301,0.0791467378649088,0.622878456159495,0.477557391936267,0.420485262122346,0.381408631953958,0.627505995615966,-39.6639863002923,-66.6360277446183,-12.6919448559663,2.16777248556669e-40,2.27616110984502e-39,"strong (>10)"
"HCC","HF","yellow",347,8.890144544453,8.96288796934748,8.81740111955853,5.61179253913691,6.359131203548,11.566644735147,17.2746353897491,11.2501008560177,7.15161713985193,8.81740111955853,24.414414572344,20.2783660580906,8.14051626328814,347,6,7.5,5,0.21933377611107,0.260171835814118,0.0884943194956842,0.00737369361483391,0.049227864209902,0.38696297476814,0.338577772996124,0.174542930092094,0.252265816054357,0.437571828878161,-17.901420219521,-18.9129641833717,-16.8898762556702,1.25481522792771e-18,6.58777994662046e-18,"weak-moderate (2-10)"
"HCC","HF","lightcyan",90,8.75205259466845,11.3404878215326,6.16361736780428,8.30199467096708,6.19125400361859,14.3789809720982,27.7490659424646,10.3302175180987,4.5860023128865,6.16361736780428,44.5146015533853,12.1073526648138,4.39869940820712,90,2,2,3,0.338191361767463,0.420671817799666,0.183212861629366,0.0205903168492872,0.0726766711297968,0.501079486180615,0.489617615603811,0.319607860448291,0.357884338195971,0.469788554977163,-19.0686565602773,-30.0305853834184,-8.10672773713615,8.53775011712309e-20,5.97642508198616e-19,"weak-moderate (2-10)"
"HCC","HF","turquoise",1000,7.96133379506643,8.26888192560295,7.65378566452992,0.0361128207398606,8.8829319228017,23.8652455713406,7.65483192840419,-1.19706416815255,6.00383263692712,7.65378566452992,24.3115386129906,22.7440460024002,1.89024186649433,1000,9,13.5,8,0.167849979046536,0.224313170475634,0.0892552898844415,0.00398028840145671,0.0204899282367266,0.205322554405378,0.176509417307845,0.174561531191018,0.179963408787893,0.0606187973497763,-13.7882890890314,-14.9083337156519,-12.668244462411,1.62821184920784e-14,5.69874147222743e-14,"weak-moderate (2-10)"
"HCC","HF","magenta",146,7.09359662097865,10.3450250818582,3.84216816009913,5.85210572532261,6.45547173764386,14.740416314022,14.2345784260725,3.64346197180238,3.13483732804513,3.84216816009913,12.3867605350258,9.95639431351128,4.24129586978137,146,5,4,7,0.25052099530646,0.355796420787065,0.139605803888813,0.00844572184754052,0.0315683212789929,0.268079506217332,0.242056717536507,0.0997037887318643,0.193770846196802,0.353397319798332,-14.7204238485642,-26.5684301414033,-2.87241755572513,1.90360199571217e-15,7.9951283819911e-15,"weak-moderate (2-10)"
"HCC","HF","brown",389,5.22059961055795,7.56311357900288,2.87808564211302,3.25944283309609,6.80284872694914,13.4072508662993,8.32337843105663,1.74207651441008,2.87808564211302,1.27727901492837,17.4096218261438,10.2878984640508,2.98201327885563,389,10,9.5,12,0.199719254069908,0.254348081872255,0.0891540656416965,0.00512983845560218,0.0252886720420917,0.141113767555088,0.0850724226863542,0.121386547382494,0.121449415337271,0.141003075398768,-6.92178945052389,-12.4871363433071,-1.35644255774072,1.1973208614555e-07,3.59196258436651e-07,"weak-moderate (2-10)"
"HCC","HF","green",323,4.81230976657875,6.30609692775892,3.31852260539857,0.264880225039374,9.16725040732491,20.1429224225777,3.44494344819294,-1.52861044420297,3.03473690468091,3.31852260539857,37.3064408462802,10.2804712630176,0.257523790918243,323,11,8.5,11,0.173342858132943,0.325693426470118,0.117989000314193,0.00402039492029578,0.0173651713762009,0.161664615687979,0.148867832151214,0.277811347294623,0.132742118103505,0.0131977042088506,-6.11961337108758,-10.2372439992175,-2.00198274295768,7.59253196348443e-07,1.99303964041466e-06,"weak-moderate (2-10)"
"HCC","HF","midnightblue",96,4.72209630550118,3.24455201961377,6.19964059138858,-0.651317189033495,4.57350667916744,7.14640729470687,1.9155973600601,0.376708024984653,4.83907572324115,6.19964059138858,38.4676598427704,11.1807016470809,1.68158526514723,96,7,10.5,4,0.164244746490804,0.308203038351141,0.101397874013741,0.00396145414917807,0.0217813685627523,0.486112903678611,0.500238325257663,0.257287712516534,0.322264100987107,0.178010249615146,-5.22609312533055,-2.24633585677935,-8.20585039388175,5.94164738805275e-06,1.38638439054564e-05,"weak-moderate (2-10)"
"HCC","HF","black",255,3.78377893163841,5.18294656537106,2.38461129790575,3.57934397012185,1.9449372935656,6.79651417671029,6.78654916062028,3.53911073483117,2.38461129790575,0.874905163225522,10.3903098434738,6.57899981197577,1.02304429187772,255,13,11,13,0.204629578539101,0.146552647970874,0.0692726600260484,0.0050315531887738,0.0305961538351083,0.161710961352091,0.0781538641355751,0.0782097117094059,0.095775304657996,0.0794816670143298,-3.44283083786227,-6.1599787294319,-0.725682946292636,0.000360719119443726,0.000757510150831824,"weak-moderate (2-10)"
"HCC","HF","purple",145,2.91280353706899,4.86355342689521,0.962053647242776,5.20246661540109,2.78285778126484,4.52464023838932,9.27341051680105,6.79969835913491,0.811664133478749,0.962053647242776,10.3560710050999,4.73596204466467,2.98409737799655,145,16,11,16,0.244710252063611,0.195234659193525,0.0654740529437374,0.00678025496456449,0.0425095650078486,0.0575912761748855,0.113730983633285,0.0736504366144114,0.0883528818466202,0.234306409070726,-2.46043842361817,-4.92087684723634,0,0.00346386993557745,0.00661284260428422,"weak-moderate (2-10)"
"HCC","HF","royalblue",43,2.80702058762977,3.12928907565936,2.48475209960018,0.688753800748636,4.02594551861456,6.39272662441237,2.23263263270416,-0.389719371706947,1.62116383050837,2.48475209960018,33.5051768692646,4.21039970593026,0.403639760363649,43,6,6,6,0.20115235265377,0.374324972833457,0.139351797125147,0.00457176381825329,0.0153206788853048,0.231439441409691,0.372707268201673,0.235697857543223,0.201275471697392,0.0400981642272344,-1.36180340977729,-1.87774415023642,-0.845862669318169,0.0434706956577056,0.0702218929855244,"weak-moderate (2-10)"
"HCC","HF","cyan",99,2.45671383981385,3.05676094617305,1.85666673345465,0.320522642172711,4.13031092905754,7.25259776136665,1.98321096328857,-0.493645468775006,1.85666673345465,-0.344586601923427,26.0726767419028,5.84143859678836,2.03377495972414,99,10,9.5,10,0.18113548807525,0.280012078156989,0.0934033418323476,0.00400575315402555,0.0181512921647569,0.186021709216945,0.0586250511894131,0.179819455934477,0.146857790034042,0.213118684093677,-0.999129676332278,-1.84145749494348,-0.156801857721079,0.100200600364197,0.131513287978009,"weak-moderate (2-10)"
"HCC","HF","pink",254,2.34655266664137,3.41458051694191,1.27852481634082,-0.143551405116128,4.69588475837778,8.04320571994622,2.13327627550605,-0.868396229543433,1.27852481634082,-0.312416322239794,13.7976101895016,3.56284720312948,0.598919886052588,254,15,12.5,20,0.168614741633048,0.245242829908962,0.078367723365163,0.00355224800167917,0.0191179833369394,0.0829848732119511,0.0361457110074411,0.101318215357419,0.0534285991786894,0.039292076572886,-1.24400005375366,-2.48800010750731,0,0.0570164201710172,0.0855246302565257,"weak-moderate (2-10)"
"HCC","HF","blue",1000,1.04830286803585,-1.44256965359568,3.53917538966738,-4.22535028871581,0.892695116147798,5.29570997562545,-3.77783442333917,-4.66954819895411,3.53917538966738,2.05867706991383,0.34359192252964,12.290746258498,3.47699869940571,1000,18,19,14,0.146975969117834,0.100176197655836,0.0447462239398378,0.00235634745865422,0.015972127329772,0.113409196948758,0.0662502234694894,0.0109196629776695,0.0994682864873589,0.113083253831981,-1.17752629164275,0,-2.3550525832855,0.0664467445665108,0.0930254423931151,"none (<2)"
"HCC","HF","grey",1000,0.839011926653721,-2.31823982095649,3.99626367426393,-3.45879464800147,-1.17768499391151,24.8957029775658,-4.23059676676376,-1.78749064881222,0.145745551629518,3.99626367426393,28.2493081459669,36.4791909059603,27.0421088103941,1000,19,21.5,19,0.150397769099338,0.0105832680496978,0.0130486859704859,0.00225981853894032,0.0195499056555325,0.0059996044965223,0.101378628802416,0.210335045613926,0.0775571752995537,0.871559539705643,-1.57502918451177,0,-3.15005836902355,0.0266054626555659,0.0465595596472403,"none (<2)"
"HCC","HF","lightyellow",57,0.765579315857277,2.12982974908001,-0.598671117365455,0.898486993808997,2.42273745273342,3.16161940799522,1.8369220454266,0.558436226798005,-0.598671117365455,-0.641547992960076,0.286045277057807,4.01034685545538,-0.386930724788765,57,14,12,17,0.199481721340601,0.23412014583613,0.0687496095574953,0.0042740569618899,0.0218269620815523,-0.0818534954531368,0.0583573690795444,0.0106774703405301,0.148594174907044,-0.0474886748789045,-0.227145295695293,-0.454290591390586,0,0.592726991210397,0.655119306074649,"none (<2)"
"HCC","HF","lightgreen",68,0.700433842131174,0.895121125700842,0.505746558561505,-1.81442613836326,2.67542727338571,3.50861951892332,-0.885185021984023,-0.980988570900957,0.505746558561505,-1.14709871456119,11.2540178443598,4.27971265358549,-0.289714078499847,68,17,16,17,0.142272300550523,0.250842548932987,0.0719943603319502,0.00237083654544558,0.0144315687931401,0.0554082500991432,0.0120011292374009,0.0844396209293282,0.141701661477785,-0.0420543946974187,-0.271417555919059,-0.542835111838118,0,0.535281759078284,0.624495385591331,"none (<2)"
"HCC","HF","salmon",110,0.682823363245231,1.66369341557933,-0.29804668908887,-1.06126151917054,3.14714852096487,3.44011794758645,0.180238310193797,-1.30020176572859,-0.515844328231093,-0.29804668908887,23.2377747852977,2.38215036468625,0.308933144681825,110,16,16,20,0.156896058557431,0.234775500407956,0.0655205618489431,0.0029671466371976,0.0147617231527493,-0.0373692136694937,0.0605938947419733,0.166814484149813,0.0676275962539125,0.0397276562802726,-0.435365633917264,-0.870731267834528,0,0.366973214479791,0.453319853180919,"none (<2)"
"HCC","HF","grey60",78,-0.0810449321463239,-1.07502246332275,0.912932599030104,-3.75736202566815,-0.0667835490265396,0.767116036756265,-2.08326137761896,-1.87605311827187,0.912932599030104,-0.996305544340401,7.52838507932177,5.11020509327208,0.563157553480156,78,19,20.5,14,0.109033086168758,0.0957390242715074,0.0421688824039474,0.00165621956996377,0.010320537093405,0.106079470913183,0.0174965279046525,0.0600514623888189,0.141785721596378,0.058248566940062,0,0,0,1,1,"none (<2)"
"HCC","HF","tan",117,-0.806881271648447,-0.910002002004256,-0.703760541292637,-1.11376832011483,-1.09985247859281,0.306922406315707,-0.720151525415707,-0.126095878330618,-1.88435849402736,-0.703760541292637,11.7827609150815,0.4680339236409,-1.33613404731317,117,20,19,22,0.157080032158321,0.0444863785727138,0.0359671355876767,0.00255767045123532,0.0197120093563184,-0.181816832762805,0.0365517613023537,0.0906467859983431,0.015315205493684,-0.132918222102107,0,0,0,1,1,"none (<2)"
"HF","HCC","green",425,11.5085460777523,18.9425952173313,4.0744969381732,8.64351351243089,14.0461608243585,30.8014518530385,23.8390296103042,7.36297306877992,4.0744969381732,3.67707720196689,53.5435543929677,9.99272503076638,2.70717329295103,425,6,6,13,0.419125578062399,0.503350915381515,0.255954282362788,0.0364946862863194,0.0851934644766932,0.185046719246626,0.135770392193536,0.366095103686912,0.113211732593152,0.146239123827895,-43.3138035997795,-83.3883492535784,-3.23925794598058,4.85508010947484e-44,1.16521922627396e-42,"strong (>10)"
"HF","HCC","purple",153,11.0259251028192,17.7813549782449,4.27049522739348,10.8521612386193,10.2247884137661,24.7105487178704,44.0042948877407,20.6450768438745,4.27049522739348,3.69249337268243,28.2131284422161,9.83979085124022,3.75686019943791,153,3,2,4,0.54790982568472,0.55697143412516,0.321295952458359,0.102589580626222,0.210717324127108,0.353757990980087,0.243349201310316,0.203703605895277,0.197669602526959,0.322844220750272,-41.4566992315101,-79.3004308171864,-3.61296764583378,3.49382194619216e-42,4.19258633543059e-41,"strong (>10)"
"HF","HCC","grey",1000,10.7578088255689,3.63557780595614,17.8800398451817,-2.02107572090502,9.29223133281729,23.8830665263962,-2.44368317095267,-1.19789654246287,3.52781313848111,17.8800398451817,66.3091703852228,36.2368285438608,7.87266629515943,1000,14,17.5,12,0.302642558841,0.196171869376094,0.0312644207404049,0.00909779153344427,0.0539190598331562,0.100371931497787,0.39313786424616,0.471437522763593,0.120209796552249,0.242772134805245,-39.5189319943229,-9.36193126879211,-69.6759327198537,3.02738744613124e-40,2.42190995690499e-39,"strong (>10)"
"HF","HCC","pink",173,10.5891698863762,17.0383239843916,4.14001578836087,8.10307042278463,9.97108300337234,24.4066697719939,24.1055649654108,8.27076559537371,3.10175053302489,4.14001578836087,34.6495412781842,9.17123019744183,3.10157285499063,173,4,3,5,0.471660591634226,0.556712601346071,0.315774870553843,0.0532097118156251,0.108409166283144,0.236468389169655,0.248157803670126,0.28673965717411,0.175186145141536,0.214871690773602,-38.7204612355703,-74.0785146565742,-3.36240781456638,1.90343812783213e-39,1.14206287669928e-38,"strong (>10)"
"HF","HCC","turquoise",1000,9.29368251414662,16.5541240367564,2.03324099153687,9.39159142705628,13.1897558960039,24.4901421690563,19.9184921775089,7.32971876857419,1.94281627167636,2.03324099153687,33.2220483838517,9.66062080536023,1.04209327358042,1000,10,8,18,0.385424279956645,0.373331335479971,0.141463978852708,0.0246366479960563,0.074660282698735,0.0634759521249391,0.062976586392336,0.271013383043325,0.0738910346418749,0.0381945404540301,-31.2284610038245,-62.1773726202162,-0.279549387432735,5.90934024347875e-32,2.8364833168698e-31,"weak-moderate (2-10)"
"HF","HCC","black",184,8.37723358702158,13.9588234910485,2.79564368299462,6.41686111253404,9.7416570574468,22.5734679226071,18.1759899246503,6.23920751864383,2.79564368299462,2.50855307943602,39.3821007226178,7.51988527325706,2.48346482427524,184,5,4.5,7,0.434573531259717,0.532279825809417,0.28489809184435,0.0408502502532717,0.0936405801399786,0.216678484387099,0.187797442924892,0.282091687638148,0.150807678588958,0.189702689667263,-23.7448055449431,-46.3008212819904,-1.18878980789574,1.79967653869463e-24,7.19870615477851e-24,"weak-moderate (2-10)"
"HF","HCC","midnightblue",93,5.58495999251603,11.0641694326124,0.105750552419621,5.41144547586468,7.38966383694377,16.9578482374625,14.7386750282811,4.43938475658984,0.105750552419621,-1.20166034643321,59.8959992378506,1.60718411755781,-0.794985032204524,93,3,2,24,0.454265745585597,0.579307243234996,0.336508134438601,0.045046565291729,0.090532117199859,0.0267027668019347,0.00832932607441266,0.422358877314049,0.04494483675308,-0.0741007058629215,-14.7693360790273,-29.5386721580546,0,1.70084180161571e-15,5.83145760553959e-15,"weak-moderate (2-10)"
"HF","HCC","royalblue",52,4.76938531121703,6.91280880123812,2.62596182119595,2.01825432702216,6.02628956864274,13.097378562255,7.7993280338335,4.14569904177528,2.62596182119595,1.66442579133476,32.0443944041263,6.07518383669825,2.94796571615214,52,2,3.5,2,0.399832148763536,0.576799686123801,0.333923577590974,0.0391546193176333,0.104278118506172,0.403874992473939,0.247192312102574,0.225573192276215,0.248857481516184,0.458880015264695,-5.68013211511961,-10.3937106462554,-0.966553583983825,2.08866065046154e-06,6.26598195138462e-06,"weak-moderate (2-10)"
"HF","HCC","blue",1000,2.86284337023521,-1.07796048952777,6.80364722999819,-0.446420126428853,-6.03887392739037,-1.58029833883139,-0.57562264022415,0.985739806808112,1.95785488975393,6.80364722999819,-0.657716045110349,13.5162087997387,0.18925128699144,1000,15,20,13,0.313413723035033,0.0514132950149071,0.0156556348348586,0.0102773571885022,0.0593349042897093,0.0615036820040625,0.159299603000698,0.00390846341204246,0.118654985349063,0.007814062196456,-4.94723822188696,0,-9.89447644377392,1.12917636198762e-05,3.01113696530033e-05,"weak-moderate (2-10)"
"HF","HCC","salmon",105,2.47831735214383,3.2909488576326,1.66568584665506,0.838073852325463,3.68683925979057,5.96526908924389,2.89505845547462,0.166702574809521,-0.0477747640936426,1.66568584665506,22.9053147755168,6.45487790717371,-0.785457491004976,105,10,10.5,9,0.339408269160756,0.32923643709023,0.110755420729507,0.0166942607206631,0.0559002963535867,-0.00674031795194148,0.181406384546078,0.166578626510505,0.152104802477798,-0.0714738192237982,-0.967826435472641,-1.93565287094528,0,0.107689550580035,0.198811477993912,"weak-moderate (2-10)"
"HF","HCC","lightyellow",58,2.38550585176377,4.66613762197151,0.104874081556035,1.86413983857671,3.41256170130429,7.05883751223018,5.91971354263874,3.3860670246071,0.104874081556035,-1.08682511854522,20.7641560382325,0.53593330364006,0.0777449750709961,58,7,7,21,0.387316115755435,0.383384020099463,0.172689833797194,0.0288150866203444,0.090807883728377,0.0285704710649005,0.0177866671387412,0.150347109734341,0.0240681145971549,0.0203775469827501,-2.37226543040144,-4.74453086080288,0,0.00424360125912595,0.00925876638354752,"weak-moderate (2-10)"
"HF","HCC","darkturquoise",39,2.22239862230979,2.05306237466564,2.39173486995394,-1.48357534694973,1.53414911896007,4.74091192015929,2.57197563037122,2.38744387136838,2.39173486995394,0.421623415289711,6.62045646943672,6.62765015353719,1.39186401952028,39,9,10.5,2,0.270179300649659,0.27209931847731,0.145626323955323,0.0211479357856928,0.0877833556797236,0.380316515927668,0.183333115194316,0.0570904448413296,0.355988685655003,0.214198759645311,-0.563855267697053,-0.449126442952343,-0.678584092441763,0.272988738925417,0.467980695300715,"weak-moderate (2-10)"
"HF","HCC","lightgreen",70,2.02239829374094,2.12217882094229,1.9226177665396,-0.156268976735866,3.1082787733285,6.58290360894767,1.13607886855607,0.0377913003681697,1.55113000549887,1.9226177665396,8.24460194893798,5.05783185563695,1.08833718908163,70,8,10.5,6,0.319774671615033,0.362392901588985,0.164069427604928,0.0143824948285273,0.0541211627819491,0.189439453496397,0.211353326482332,0.0718630827886537,0.197693989087111,0.126168992185623,-0.490363784480619,-0.814257716920893,-0.166469852040345,0.323322713903625,0.5173163422458,"weak-moderate (2-10)"
"HF","HCC","yellow",496,1.71979238051765,0.103110362443307,3.336474398592,-1.95220051843492,0.581641587857904,4.82924251826675,-0.37542086297129,-2.38821709504527,3.336474398592,3.27797914931774,6.37092887768593,7.53767386880642,2.67555859088948,496,16,16.5,12,0.294069873802178,0.161207354169549,0.0547983040695576,0.0102895314461729,0.0473098314473544,0.163406560626552,0.146377007025623,0.0566982645243495,0.0936479581342092,0.123781794150934,-0.987223566813574,0,-1.97444713362715,0.102985583311612,0.198811477993912,"none (<2)"
"HF","HCC","brown",1000,1.10316278691423,-2.77898054138823,4.98530611521668,-7.38623390862363,-1.92551126455903,6.17839775140736,-3.63244981821742,-2.08331182396538,4.98530611521668,-0.431300757219297,4.25437998441986,19.4697768975327,7.84238480954192,1000,19,19.5,11,0.260642902715367,0.117064290766416,0.0522998391990449,0.0080599139133777,0.0509619430874983,0.156375777108837,0.017788524928146,0.0408274931107009,0.153192490344387,0.25491809323069,-2.55582673857625,0,-5.11165347715251,0.0027808224533041,0.00667397388792984,"none (<2)"
"HF","HCC","grey60",70,0.994197414104247,0.799823537748041,1.18857129046045,-3.42908137229344,1.76824822596293,4.6627791668947,-0.168601150466849,-0.0837389172968616,-0.0451735084482807,1.18857129046045,22.868766650809,2.13936186526327,0.689138269958444,70,16,14.5,21,0.222816653228388,0.268839695144424,0.116503248654375,0.00996947480721886,0.0514402214184609,-0.0223851106253107,0.178684339763145,0.182685101710428,0.0628680080376609,0.0705757294991004,-0.00412244264159856,-0.00824488528319711,0,0.990552634458925,1,"none (<2)"
"HF","HCC","cyan",103,0.913283611650281,-0.734593756802618,2.56116098010318,-3.45405147391448,0.358738229347047,2.54390014070919,-1.82792574295228,-1.86187031150154,2.56116098010318,0.648690354981723,7.53599724987848,5.62296605631882,1.72194600188742,103,16,20,11,0.231342791320942,0.166448836960032,0.0620250254815043,0.00605105844798947,0.0371074580151049,0.264293182646005,0.104270068200181,0.0650561466831373,0.134364307779604,0.190565340055728,-0.44235495104751,0,-0.884709902095019,0.361114601230923,0.541671901846385,"none (<2)"
"HF","HCC","darkred",43,0.817468479852572,1.8559018337796,-0.220964874074455,0.928304552683617,1.86152526406137,3.89676467265058,1.85027840349783,0.477796721107215,-0.220964874074455,-1.19988158159705,12.9677611835055,1.26343140786783,-0.0162912814855385,43,11,10.5,24,0.361107845998751,0.30434195794399,0.130023415354801,0.0170969616330344,0.0581035808471428,-0.025977383539269,0.0108052579813199,0.103035983372692,0.0578058014657489,0.00605309544494793,-0.0502721314397663,-0.100544262879533,0,0.890692650061277,1,"none (<2)"
"HF","HCC","darkgreen",41,0.674080577883579,-0.453285954299056,1.80144711006621,-3.56889301389574,1.06787548663033,1.28231531089371,-1.97444739522844,-2.97675838241478,1.25453447122179,1.80144711006621,11.2562422130373,3.12134303206272,0.921241305836129,41,14,20,5,0.19308940562198,0.251343009803548,0.0658107864674358,0.00316441076125732,0.0135259195383975,0.193340762402362,0.315542671551901,0.0786098101455685,0.191770025259557,0.124586818903164,-0.0239901317418326,0,-0.0479802634836652,0.946258662487898,1,"none (<2)"
"HF","HCC","tan",146,0.256626244531528,0.489525058486168,0.0237274305768889,-2.35493111724369,1.59648597004174,3.83339249472404,-0.617435853069401,-0.163553214992832,0.0237274305768889,-1.01978427091433,3.60774037892435,5.08701578135074,3.92829119794004,146,17,16,20,0.264847907952621,0.22505363529901,0.0776191752404238,0.00941368436435625,0.0539015665994819,0.00422298170003005,0.0143798245547479,0.0377042811797276,0.102705494440014,0.320552038182445,0,0,0,1,1,"none (<2)"
"HF","HCC","greenyellow",150,0.192008317434338,-1.12689958058164,1.51091621545032,-1.22470428305093,-2.01942092291797,0.730436143838999,-1.02909487811235,-1.27686304004775,1.51091621545032,0.421917642814378,4.12514922582798,4.23736456214607,1.69057528491764,150,18,20,16,0.298374479984941,0.0724873237182393,0.0349779834955136,0.00893785895303378,0.047288834114755,0.125357385624731,0.0815761299726943,0.0384676520824497,0.0834201766494094,0.141052946038955,0,0,0,1,1,"none (<2)"
"HF","HCC","red",189,0.182941114672077,-0.393051191280067,0.75893342062422,-3.3419166075103,1.60763709970789,2.2081682319234,-2.39373948226803,-3.35497484781102,0.244135642182863,0.75893342062422,3.03144549824873,4.25891231989184,0.180669027015894,189,19,19.5,19,0.252901195374585,0.218489025513372,0.0523927644858598,0.00635216145373261,0.0331550283429878,0.0134720384620255,0.0922832653824263,0.0315938056352423,0.0831609115300627,0.00872253188051251,0,0,0,1,1,"none (<2)"
"HF","HCC","magenta",167,-1.06782575512527,-1.98431326098843,-0.151338249262109,-4.99510690683235,-0.72980569385347,0.39075809818012,-3.23882082812339,-3.58283763964552,-0.151338249262109,-0.880190708309397,-0.727977715249073,1.91849809809619,0.685662076027523,167,23,23,21,0.224641361094855,0.123179405648712,0.0313813033368734,0.00507314943541809,0.0334612645039257,-0.00585211721914723,0.0190095775871433,0.00357084260877559,0.0475497448963397,0.0558117039239118,0,0,0,1,1,"none (<2)"
"HF","HCC","lightcyan",73,-1.1275764653069,-1.12415403167975,-1.13099889893404,-2.20429806565967,-0.623435898432648,0.372568652052537,-1.62487216492686,-2.05028128220829,-1.13099889893404,-1.13292635879739,19.1039509299313,2.76522242533292,-1.23745712052426,73,22,21.5,23,0.255946175635657,0.121559789019454,0.0331432881388742,0.00579551443005442,0.0317380415148262,-0.124123848065142,0.0119193101820464,0.140733043900781,0.093958857087265,-0.142425253618266,0,0,0,1,1,"none (<2)"
