"disease","module","gene"
"HF","purple","AHCY"
"HF","purple","AIP"
"HF","purple","ASL"
"HF","purple","ATOX1"
"HF","purple","BAD"
"HF","purple","BLOC1S1"
"HF","purple","BLOC1S3"
"HF","purple","BLVRA"
"HF","purple","BTF3"
"HF","purple","C12orf57"
"HF","purple","CCT2"
"HF","purple","CCT3"
"HF","purple","CNIH1"
"HF","purple","COA3"
"HF","purple","COMMD6"
"HF","purple","COPS9"
"HF","purple","CWC15"
"HF","purple","DDX49"
"HF","purple","DPP7"
"HF","purple","DUSP23"
"HF","purple","DYNLT1"
"HF","purple","EEF1B2"
"HF","purple","EEF1D"
"HF","purple","EIF3D"
"HF","purple","EIF3I"
"HF","purple","EIF4EBP1"
"HF","purple","ELOB"
"HF","purple","EVA1B"
"HF","purple","FAM216A"
"HF","purple","FKBP8"
"HF","purple","GET3"
"HF","purple","GPBP1"
"HF","purple","GRAMD1A"
"HF","purple","GUK1"
"HF","purple","HBB"
"HF","purple","HCFC1R1"
"HF","purple","HINT1"
"HF","purple","HSBP1"
"HF","purple","IMPDH2"
"HF","purple","JTB"
"HF","purple","LAMTOR1"
"HF","purple","LGALS1"
"HF","purple","LSM10"
"HF","purple","MAGEH1"
"HF","purple","MAZ"
"HF","purple","MCRIP1"
"HF","purple","MYL6B"
"HF","purple","NAT9"
"HF","purple","NBEAL1"
"HF","purple","NENF"
"HF","purple","NHP2"
"HF","purple","NME1"
"HF","purple","NME2"
"HF","purple","NOP10"
"HF","purple","NOSIP"
"HF","purple","NSMCE1"
"HF","purple","NT5C"
"HF","purple","PFDN5"
"HF","purple","PHF5A"
"HF","purple","PIH1D1"
"HF","purple","PLCG2"
"HF","purple","PMM1"
"HF","purple","POLE4"
"HF","purple","POLR2G"
"HF","purple","PPP1R14B"
"HF","purple","PSMA7"
"HF","purple","PSMG3"
"HF","purple","RACK1"
"HF","purple","RNF181"
"HF","purple","RPL10A"
"HF","purple","RPL11"
"HF","purple","RPL12"
"HF","purple","RPL13"
"HF","purple","RPL13A"
"HF","purple","RPL15"
"HF","purple","RPL17"
"HF","purple","RPL18"
"HF","purple","RPL18A"
"HF","purple","RPL21"
"HF","purple","RPL23"
"HF","purple","RPL23A"
"HF","purple","RPL24"
"HF","purple","RPL26"
"HF","purple","RPL27"
"HF","purple","RPL27A"
"HF","purple","RPL29"
"HF","purple","RPL30"
"HF","purple","RPL31"
"HF","purple","RPL32"
"HF","purple","RPL35"
"HF","purple","RPL35A"
"HF","purple","RPL36"
"HF","purple","RPL36A"
"HF","purple","RPL36AL"
"HF","purple","RPL38"
"HF","purple","RPL39"
"HF","purple","RPL4"
"HF","purple","RPL5"
"HF","purple","RPL6"
"HF","purple","RPL7A"
"HF","purple","RPL9"
"HF","purple","RPLP0"
"HF","purple","RPLP1"
"HF","purple","RPLP2"
"HF","purple","RPS10"
"HF","purple","RPS11"
"HF","purple","RPS12"
"HF","purple","RPS13"
"HF","purple","RPS14"
"HF","purple","RPS15A"
"HF","purple","RPS16"
"HF","purple","RPS17"
"HF","purple","RPS18"
"HF","purple","RPS19"
"HF","purple","RPS19BP1"
"HF","purple","RPS2"
"HF","purple","RPS20"
"HF","purple","RPS21"
"HF","purple","RPS24"
"HF","purple","RPS25"
"HF","purple","RPS27"
"HF","purple","RPS27A"
"HF","purple","RPS28"
"HF","purple","RPS3"
"HF","purple","RPS3A"
"HF","purple","RPS6"
"HF","purple","RPS7"
"HF","purple","RPS8"
"HF","purple","RPS9"
"HF","purple","RPSA"
"HF","purple","S100A6"
"HF","purple","SEC11A"
"HF","purple","SELENOS"
"HF","purple","SERF2"
"HF","purple","SF3B5"
"HF","purple","SF3B6"
"HF","purple","SNHG29"
"HF","purple","SNORD104"
"HF","purple","SNRPD2"
"HF","purple","SSR4"
"HF","purple","STK32C"
"HF","purple","TCEAL1"
"HF","purple","TMA7"
"HF","purple","TMEM126A"
"HF","purple","TMEM141"
"HF","purple","TMEM256"
"HF","purple","TNFAIP8L3"
"HF","purple","TRAPPC2L"
"HF","purple","UBA52"
"HF","purple","VAMP5"
"HF","purple","WDR74"
"HF","purple","ZBTB2"
"HF","purple","ZMYND19"
"HCC","magenta","ALKBH3"
"HCC","magenta","ANXA11"
"HCC","magenta","AP1S1"
"HCC","magenta","ARL3"
"HCC","magenta","ARMC7"
"HCC","magenta","ARPC1A"
"HCC","magenta","ARPC3"
"HCC","magenta","ATP5IF1"
"HCC","magenta","ATP5MC2"
"HCC","magenta","ATP5MG"
"HCC","magenta","ATP5MK"
"HCC","magenta","ATP5PD"
"HCC","magenta","ATP6V0E1"
"HCC","magenta","ATP6V1F"
"HCC","magenta","BAX"
"HCC","magenta","BID"
"HCC","magenta","BMS1"
"HCC","magenta","BOLA1"
"HCC","magenta","C15orf61"
"HCC","magenta","C1orf56"
"HCC","magenta","CBY1"
"HCC","magenta","CCNQ"
"HCC","magenta","CD63"
"HCC","magenta","CHCHD1"
"HCC","magenta","CHCHD2"
"HCC","magenta","CISD1"
"HCC","magenta","COMMD6"
"HCC","magenta","COPRS"
"HCC","magenta","COPZ1"
"HCC","magenta","COX17"
"HCC","magenta","COX5A"
"HCC","magenta","COX6A1"
"HCC","magenta","COX6C"
"HCC","magenta","COX7A2"
"HCC","magenta","COX7B"
"HCC","magenta","COX7C"
"HCC","magenta","COX8A"
"HCC","magenta","CUEDC2"
"HCC","magenta","CWC15"
"HCC","magenta","CYC1"
"HCC","magenta","DCTN3"
"HCC","magenta","DDIT3"
"HCC","magenta","DHRS7B"
"HCC","magenta","DNAJC4"
"HCC","magenta","DPCD"
"HCC","magenta","EIF1"
"HCC","magenta","EIF3G"
"HCC","magenta","ELOC"
"HCC","magenta","ELP6"
"HCC","magenta","ERAL1"
"HCC","magenta","EXOSC1"
"HCC","magenta","EXOSC7"
"HCC","magenta","FAM162A"
"HCC","magenta","FAM32A"
"HCC","magenta","FKBP1B"
"HCC","magenta","FTL"
"HCC","magenta","GALT"
"HCC","magenta","GATC"
"HCC","magenta","GOLGA3"
"HCC","magenta","GPHRB"
"HCC","magenta","HIGD2A"
"HCC","magenta","HSP90B1"
"HCC","magenta","IFTAP"
"HCC","magenta","INTS15"
"HCC","magenta","JAGN1"
"HCC","magenta","KDELR2"
"HCC","magenta","LRWD1"
"HCC","magenta","MALSU1"
"HCC","magenta","MANBAL"
"HCC","magenta","MCTS1"
"HCC","magenta","MDH2"
"HCC","magenta","METTL23"
"HCC","magenta","MIEN1"
"HCC","magenta","MRPL11"
"HCC","magenta","MRPL22"
"HCC","magenta","MRPL33"
"HCC","magenta","MRPL36"
"HCC","magenta","MRPL4"
"HCC","magenta","MRPL48"
"HCC","magenta","MRPL57"
"HCC","magenta","MRPS16"
"HCC","magenta","MRPS26"
"HCC","magenta","MRPS7"
"HCC","magenta","MYL6B"
"HCC","magenta","NDUFA1"
"HCC","magenta","NDUFA6"
"HCC","magenta","NDUFA8"
"HCC","magenta","NDUFAF2"
"HCC","magenta","NDUFAF3"
"HCC","magenta","NOP10"
"HCC","magenta","NOP16"
"HCC","magenta","NPRL2"
"HCC","magenta","NUTF2"
"HCC","magenta","PDAP1"
"HCC","magenta","PDRG1"
"HCC","magenta","POLR2G"
"HCC","magenta","POLR3GL"
"HCC","magenta","POLR3K"
"HCC","magenta","POMP"
"HCC","magenta","PPP1R12C"
"HCC","magenta","PPP1R35"
"HCC","magenta","PRR13"
"HCC","magenta","PSMB4"
"HCC","magenta","PSMD8"
"HCC","magenta","PTDSS1"
"HCC","magenta","PTRHD1"
"HCC","magenta","PUS1"
"HCC","magenta","PYM1"
"HCC","magenta","RBM8A"
"HCC","magenta","RCC1L"
"HCC","magenta","REEP5"
"HCC","magenta","RPL41"
"HCC","magenta","RPP25L"
"HCC","magenta","RPUSD2"
"HCC","magenta","RTRAF"
"HCC","magenta","S100A10"
"HCC","magenta","SDF2"
"HCC","magenta","SEC22A"
"HCC","magenta","SEM1"
"HCC","magenta","SHISA5"
"HCC","magenta","SLC35B1"
"HCC","magenta","SLC52A2"
"HCC","magenta","SLIRP"
"HCC","magenta","SNAPC2"
"HCC","magenta","SNX11"
"HCC","magenta","SS18L2"
"HCC","magenta","TBCB"
"HCC","magenta","TBRG4"
"HCC","magenta","TFF3"
"HCC","magenta","THAP11"
"HCC","magenta","TIMM22"
"HCC","magenta","TIMM8B"
"HCC","magenta","TIMM9"
"HCC","magenta","TMEM147"
"HCC","magenta","TMEM203"
"HCC","magenta","TP53RK"
"HCC","magenta","TRPT1"
"HCC","magenta","TSFM"
"HCC","magenta","TSR2"
"HCC","magenta","TSR3"
"HCC","magenta","UBL5"
"HCC","magenta","UBTD1"
"HCC","magenta","UQCRB"
"HCC","magenta","ZC3HC1"
"HCC","magenta","ZDHHC12"
"HCC","magenta","ZDHHC16"
