"cohort","set","tier","stage","stage_index","n_stage","n_control","mean_stage","mean_control","hedges_g","ci_lo","ci_hi","p_ttest","ci_excludes_0","meets_min_effect","p_fdr"
"GSE89377","KEGG_RIBOSOME","A","CH_low",2,8,13,0.716262053313188,0.709813287612309,0.607683038009461,-0.0855665710650461,1.91610675095915,0.113642480746751,FALSE,TRUE,0.258675700942398
"GSE89377","KEGG_AMINOACYL_TRNA_BIOSYNTHESIS","A","CH_low",2,8,13,0.0656079846337667,0.0535930045761796,0.33829584109152,-0.575311300658796,1.03334355021276,0.393492427105999,FALSE,TRUE,0.449705630978284
"GSE89377","REACTOME_TRANSLATION","A","CH_low",2,8,13,0.519882694859296,0.510512429355691,0.793778982991214,-0.00421438750356988,1.72056276010389,0.08365169585536,FALSE,TRUE,0.258675700942398
"GSE89377","REACTOME_EUKARYOTIC_TRANSLATION_INITIATION","A","CH_low",2,8,13,0.660647388075873,0.654096472089731,0.622844492768043,-0.0679371289780427,1.94811791123383,0.103215961392015,FALSE,TRUE,0.258675700942398
"GSE89377","REACTOME_EUKARYOTIC_TRANSLATION_ELONGATION","A","CH_low",2,8,13,0.705268071815248,0.699409265201216,0.548241957572352,-0.141567415900259,2.03384134391607,0.151121018138097,FALSE,TRUE,0.258675700942398
"GSE89377","REACTOME_TRNA_AMINOACYLATION","A","CH_low",2,8,13,0.204181942981194,0.192235593397246,0.524475538110296,-0.315446815176547,1.28765524315818,0.202520941477891,FALSE,TRUE,0.282227828382298
"GSE89377","REACTOME_CYTOSOLIC_TRNA_AMINOACYLATION","A","CH_low",2,8,13,0.488501493868998,0.474287933881454,0.874755035629653,0.156116584519614,2.04897470254173,0.0458844412873906,TRUE,TRUE,0.258675700942398
"GSE89377","REACTOME_RRNA_PROCESSING","A","CH_low",2,8,13,0.45014644193837,0.446549765839384,0.262993782509354,-0.507366286155825,1.31383552344263,0.51380905891365,FALSE,TRUE,0.5708989543485
"GSE89377","REACTOME_SRP_DEPENDENT_COTRANSLATIONAL_PROTEIN_TARGETING_TO_MEMBRANE","A","CH_low",2,8,13,0.671809825516904,0.664622718296142,0.722490602747143,-0.00990403380149775,1.87866860960795,0.0725792251730808,FALSE,TRUE,0.258675700942398
"GSE89377","REACTOME_RIBOSOME_ASSOCIATED_QUALITY_CONTROL","A","CH_low",2,8,13,0.620232483107818,0.614294430420696,0.578387937986358,-0.149603265840105,1.84919208784093,0.153937134511441,FALSE,TRUE,0.258675700942398
"GSE89377","REACTOME_RIBOSOME_QUALITY_CONTROL_RQC_COMPLEX_EXTRACTS_AND_DEGRADES_NASCENT_PEPTIDE","A","CH_low",2,8,13,0.565557714733375,0.560363734264034,0.48907946453913,-0.263940952645885,1.82557848382422,0.240170566933841,FALSE,TRUE,0.309897505721085
"GSE89377","REACTOME_MITOCHONDRIAL_TRANSLATION","A","CH_low",2,8,13,0.383921018227396,0.367867426158049,0.596235986903779,-0.177066902167665,1.31330974251316,0.158824327702438,FALSE,TRUE,0.258675700942398
"GSE89377","REACTOME_MITOCHONDRIAL_TRANSLATION_ELONGATION","A","CH_low",2,8,13,0.389066919239842,0.372862588275281,0.587218783482868,-0.20079895920391,1.30789277416824,0.161672313088999,FALSE,TRUE,0.258675700942398
"GSE89377","REACTOME_MITOCHONDRIAL_TRNA_AMINOACYLATION","A","CH_low",2,8,13,0.111518391499681,0.100592162673064,0.348188712700818,-0.61158381887362,1.03256962904892,0.37938934461377,FALSE,TRUE,0.449705630978284
"GSE89377","REACTOME_RRNA_PROCESSING_IN_THE_MITOCHONDRION","A","CH_low",2,8,13,0.0716651063711063,0.0521356461567265,0.490919274961492,-0.171484447287787,1.16354166437522,0.194049374752357,FALSE,TRUE,0.282227828382298
"GSE89377","REACTOME_TRNA_PROCESSING","B_extra","CH_low",2,8,13,0.0394362004199713,0.0282056638533906,0.816649048493589,0.0349565292408601,2.48874157537722,0.0631154652768879,TRUE,TRUE,0.258675700942398
"GSE89377","REACTOME_TRNA_PROCESSING_IN_THE_NUCLEUS","B_extra","CH_low",2,8,13,0.0701708218812667,0.0609348600318006,0.649757948683548,-0.085967406800545,1.74217537110848,0.129738352896447,FALSE,TRUE,0.258675700942398
"GSE89377","REACTOME_TRNA_MODIFICATION_IN_THE_NUCLEUS_AND_CYTOSOL","B_extra","CH_low",2,8,13,-0.0178248797448095,-0.028459507567204,0.535896092729929,-0.243384756394349,1.77125546120324,0.207953632944323,FALSE,TRUE,0.282227828382298
"GSE89377","REACTOME_RRNA_MODIFICATION_IN_THE_NUCLEUS_AND_CYTOSOL","B_extra","CH_low",2,8,13,0.319364725418043,0.321229202452107,-0.0726661393804913,-0.821641383897461,0.866239626180439,0.858083050730614,FALSE,FALSE,0.861026237933452
"GSE89377","REACTOME_TRNA_MODIFICATION_IN_THE_MITOCHONDRION","B_extra","CH_low",2,8,13,0.15337703344783,0.130371880159856,0.823885267159863,0.0690742582639452,1.78495578747318,0.0539361707116498,TRUE,TRUE,0.258675700942398
"GSE89377","REACTOME_CARBOXYTERMINAL_POST_TRANSLATIONAL_MODIFICATIONS_OF_TUBULIN","C_v1","CH_low",2,8,13,-0.013043549379328,0.00465896126035284,-0.527817048018925,-1.3675342751239,0.264819600836378,0.211670871286723,FALSE,TRUE,0.282227828382298
"GSE89377","HALLMARK_MYC_TARGETS_V1","C_v1","CH_low",2,8,13,0.44202467815971,0.435174673189388,0.654609804193873,-0.0919126817120381,1.76163360519922,0.129016585106486,FALSE,TRUE,0.258675700942398
"GSE89377","REACTOME_REGULATION_OF_PD_L1_CD274_POST_TRANSLATIONAL_MODIFICATION","C_v1","CH_low",2,8,13,0.465289865110982,0.455273250139851,0.733294012751137,-0.226791757501888,2.04625729165756,0.156246913762412,FALSE,TRUE,0.258675700942398
"GSE89377","REACTOME_DENGUE_VIRUS_GENOME_TRANSLATION_AND_REPLICATION","C_v1","CH_low",2,8,13,0.509653694995265,0.506070536484535,0.473468089281422,-0.546697395788193,1.65844135594816,0.382802839692675,FALSE,TRUE,0.449705630978284
"GSE89377","REACTOME_RESPIRATORY_SYNCYTIAL_VIRUS_RSV_GENOME_REPLICATION_TRANSCRIPTION_AND_TRANSLATION","C_v1","CH_low",2,8,13,0.532496193653377,0.516184610774155,1.07470838632179,0.365149335495649,1.93804952038225,0.0200029028189006,TRUE,TRUE,0.258675700942398
"GSE89377","HALLMARK_MYC_TARGETS_V2","C_v1","CH_low",2,8,13,0.228788581791308,0.235111643152165,-0.152686241507763,-0.906057296449443,0.724108251106866,0.704445842538046,FALSE,FALSE,0.761563073014104
"GSE89377","REACTOME_SARS_COV_2_MODULATES_HOST_TRANSLATION_MACHINERY","C_v1","CH_low",2,8,13,0.663464476660097,0.655088205338321,0.68152605701311,-0.009101875609064,1.60806542234005,0.0859069020006384,FALSE,TRUE,0.258675700942398
"GSE89377","REACTOME_REGULATION_OF_CDH1_POSTTRANSLATIONAL_PROCESSING_AND_TRAFFICKING_TO_PLASMA_MEMBRANE","C_v1","CH_low",2,8,13,0.36267980682274,0.353794305326831,0.530480314353096,-0.25972879375799,1.40410509503672,0.184523893835217,FALSE,TRUE,0.282227828382298
"GSE89377","REACTOME_TRANSLATION_OF_SARS_COV_2_STRUCTURAL_PROTEINS","C_v1","CH_low",2,8,13,0.305385394245296,0.312192101485405,-0.714790381820567,-1.80779329017256,0.169187296806763,0.130341500310551,FALSE,TRUE,0.258675700942398
"GSE89377","REACTOME_SARS_COV_1_MODULATES_HOST_TRANSLATION_MACHINERY","C_v1","CH_low",2,8,13,0.776859978118935,0.769583556500284,0.699319426426012,0.0396726113819823,1.6390674158723,0.0789854369891373,TRUE,TRUE,0.258675700942398
"GSE89377","HALLMARK_MTORC1_SIGNALING","C_v1","CH_low",2,8,13,0.382478307020312,0.381190932495476,0.106073226723848,-0.590237303194992,1.05346535893725,0.791215831903031,FALSE,FALSE,0.832858770424243
"GSE89377","REACTOME_TRANSLATION_OF_REPLICASE_AND_ASSEMBLY_OF_THE_REPLICATION_TRANSCRIPTION_COMPLEX","C_v1","CH_low",2,8,13,0.0890221852786559,0.102317517746703,-0.747642441928631,-1.64401268972268,0.027926455281674,0.0885026228835083,FALSE,TRUE,0.258675700942398
"GSE89377","REACTOME_REGULATION_OF_CDH1_MRNA_TRANSLATION_BY_MICRORNAS","C_v1","CH_low",2,8,13,0.151270740717165,0.162822077608901,-0.47837850727272,-1.47324236733696,0.345794270680978,0.274396930171603,FALSE,TRUE,0.342996162714504
"GSE89377","REACTOME_POST_TRANSLATIONAL_MODIFICATION_SYNTHESIS_OF_GPI_ANCHORED_PROTEINS","C_v1","CH_low",2,8,13,0.0607515792518,0.049403997902684,0.603281685576236,-0.0739954887160601,1.49784627294598,0.112039370010623,FALSE,TRUE,0.258675700942398
"GSE89377","REACTOME_TRANSCRIPTIONAL_AND_POST_TRANSLATIONAL_REGULATION_OF_MITF_M_EXPRESSION_AND_ACTIVITY","C_v1","CH_low",2,8,13,0.213713489104478,0.215599602069442,-0.0678349276980791,-0.665203459521667,1.2884097969941,0.861026237933452,FALSE,FALSE,0.861026237933452
"GSE89377","REACTOME_REGULATION_OF_CDH11_MRNA_TRANSLATION_BY_MICRORNAS","C_v1","CH_low",2,8,13,-0.079433780877628,-0.048056416132001,-1.19300154273295,-2.28545902446218,-0.447960042499766,0.0188366197829981,TRUE,TRUE,0.258675700942398
"GSE89377","REACTOME_TRANSLATION_OF_SARS_COV_1_STRUCTURAL_PROTEINS","C_v1","CH_low",2,8,13,0.275574959048433,0.285221591778421,-0.606477535745328,-1.67214311358994,0.202651337986026,0.156624132038582,FALSE,TRUE,0.258675700942398
"GSE89377","REACTOME_REGULATION_OF_PTEN_MRNA_TRANSLATION","C_v1","CH_low",2,8,13,0.0772862663540357,0.098456669146555,-0.827746052599884,-1.903810385513,-0.0694034483520276,0.0770273857203877,TRUE,TRUE,0.258675700942398
"GSE89377","REACTOME_REGULATION_OF_NPAS4_MRNA_TRANSLATION","C_v1","CH_low",2,8,13,-0.0344937574661853,-0.010044865371804,-0.783200986252003,-1.976864254249,-0.049090693260744,0.0845051457908291,TRUE,TRUE,0.258675700942398
"GSE89377","REACTOME_REGULATION_OF_PD_L1_CD274_TRANSLATION","C_v1","CH_low",2,8,13,-0.0344937574661853,-0.010044865371804,-0.783200986252003,-1.976864254249,-0.049090693260744,0.0845051457908291,TRUE,TRUE,0.258675700942398
"GSE89377","KEGG_RIBOSOME","A","CH_high",3,12,13,0.726386519818272,0.709813287612309,1.40093115423023,0.680526391080084,2.51736529581105,0.00137797225988908,TRUE,TRUE,0.00612432115506256
"GSE89377","KEGG_AMINOACYL_TRNA_BIOSYNTHESIS","A","CH_high",3,12,13,0.0596024446775153,0.0535930045761796,0.158341161692102,-0.766702898317668,0.802071339713003,0.684902573340752,FALSE,FALSE,0.729574364764188
"GSE89377","REACTOME_TRANSLATION","A","CH_high",3,12,13,0.528769379230526,0.510512429355691,1.41049033339983,0.790220945673179,2.25207083231471,0.00156073725806539,TRUE,TRUE,0.00624294903226156
"GSE89377","REACTOME_EUKARYOTIC_TRANSLATION_INITIATION","A","CH_high",3,12,13,0.671313429569286,0.654096472089731,1.54568735015273,0.798261971812282,2.81884681384233,0.000542080819061039,TRUE,TRUE,0.0044976854945629
"GSE89377","REACTOME_EUKARYOTIC_TRANSLATION_ELONGATION","A","CH_high",3,12,13,0.716298056331037,0.699409265201216,1.32862681036529,0.61899157416854,2.40272758401098,0.00230999245606612,TRUE,TRUE,0.00769997485355373
"GSE89377","REACTOME_TRNA_AMINOACYLATION","A","CH_high",3,12,13,0.204516947994883,0.192235593397246,0.490634631280163,-0.299862275691701,1.22154904461384,0.217788011583805,FALSE,TRUE,0.272235014479756
"GSE89377","REACTOME_CYTOSOLIC_TRNA_AMINOACYLATION","A","CH_high",3,12,13,0.509704729680914,0.474287933881454,1.59947965852093,0.921243358534618,2.75018738045312,0.000673700609588557,TRUE,TRUE,0.0044976854945629
"GSE89377","REACTOME_RRNA_PROCESSING","A","CH_high",3,12,13,0.464526633080928,0.446549765839384,1.28451518197913,0.573541681688198,2.34915927186781,0.00284998164708218,TRUE,TRUE,0.0081428047059491
"GSE89377","REACTOME_SRP_DEPENDENT_COTRANSLATIONAL_PROTEIN_TARGETING_TO_MEMBRANE","A","CH_high",3,12,13,0.682634492315695,0.664622718296142,1.57010835236207,0.893910463873235,2.59374463924515,0.000500725225532274,TRUE,TRUE,0.0044976854945629
"GSE89377","REACTOME_RIBOSOME_ASSOCIATED_QUALITY_CONTROL","A","CH_high",3,12,13,0.629577193750092,0.614294430420696,1.48706902267767,0.700021801105422,2.86473812576792,0.000787094961548508,TRUE,TRUE,0.0044976854945629
"GSE89377","REACTOME_RIBOSOME_QUALITY_CONTROL_RQC_COMPLEX_EXTRACTS_AND_DEGRADES_NASCENT_PEPTIDE","A","CH_high",3,12,13,0.575913779993422,0.560363734264034,1.35199611188268,0.583889767432058,2.57969681310552,0.00197960759103468,TRUE,TRUE,0.00719857305830793
"GSE89377","REACTOME_MITOCHONDRIAL_TRANSLATION","A","CH_high",3,12,13,0.392057033341321,0.367867426158049,0.841385801193928,0.163797569079661,1.52344283623749,0.0402456343938131,TRUE,TRUE,0.0760394097612569
"GSE89377","REACTOME_MITOCHONDRIAL_TRANSLATION_ELONGATION","A","CH_high",3,12,13,0.398461748890177,0.372862588275281,0.851708069269861,0.17298501254891,1.53834906159941,0.0382915216785075,TRUE,TRUE,0.0760394097612569
"GSE89377","REACTOME_MITOCHONDRIAL_TRNA_AMINOACYLATION","A","CH_high",3,12,13,0.103909133914284,0.100592162673064,0.0975615011197167,-0.918900043983326,0.743234292918189,0.802581448122483,FALSE,FALSE,0.823160459612803
"GSE89377","REACTOME_RRNA_PROCESSING_IN_THE_MITOCHONDRION","A","CH_high",3,12,13,0.0740378728147722,0.0521356461567265,0.569215675492266,-0.17465401063672,1.300589514025,0.149181317629588,FALSE,TRUE,0.205767334661501
"GSE89377","REACTOME_TRNA_PROCESSING","B_extra","CH_high",3,12,13,0.042937283068012,0.0282056638533906,0.752759953303885,-0.00446191532019679,1.88498745577888,0.0726159227013255,FALSE,TRUE,0.107579144742704
"GSE89377","REACTOME_TRNA_PROCESSING_IN_THE_NUCLEUS","B_extra","CH_high",3,12,13,0.0700415658618126,0.0609348600318006,0.454595825677896,-0.29909787964581,1.27551682113077,0.263885447459993,FALSE,TRUE,0.310453467599991
"GSE89377","REACTOME_TRNA_MODIFICATION_IN_THE_NUCLEUS_AND_CYTOSOL","B_extra","CH_high",3,12,13,-0.00973575283410053,-0.028459507567204,0.798930601995475,0.0278615595158632,2.13736710370587,0.0532107828298514,TRUE,TRUE,0.0925404918780024
"GSE89377","REACTOME_RRNA_MODIFICATION_IN_THE_NUCLEUS_AND_CYTOSOL","B_extra","CH_high",3,12,13,0.340698624470932,0.321229202452107,0.746072393978936,0.0211077255225529,1.86381580350751,0.0648575937211792,TRUE,TRUE,0.0997809134171988
"GSE89377","REACTOME_TRNA_MODIFICATION_IN_THE_MITOCHONDRION","B_extra","CH_high",3,12,13,0.161344423961832,0.130371880159856,0.914125562277274,0.130704163919101,2.083141896279,0.0289766711003101,TRUE,TRUE,0.0643926024451335
"GSE89377","REACTOME_CARBOXYTERMINAL_POST_TRANSLATIONAL_MODIFICATIONS_OF_TUBULIN","C_v1","CH_high",3,12,13,0.0178014182363596,0.00465896126035284,0.468792828704989,-0.22386732917537,1.8143208222282,0.230033803021724,FALSE,TRUE,0.278828852147544
"GSE89377","HALLMARK_MYC_TARGETS_V1","C_v1","CH_high",3,12,13,0.452075942417177,0.435174673189388,1.26198265763091,0.62426007425423,2.27951073712458,0.00438137850250809,TRUE,TRUE,0.0109534462562702
"GSE89377","REACTOME_REGULATION_OF_PD_L1_CD274_POST_TRANSLATIONAL_MODIFICATION","C_v1","CH_high",3,12,13,0.468286030289687,0.455273250139851,0.867206946112846,0.129267240953701,1.94536207669253,0.0418216753686913,TRUE,TRUE,0.0760394097612569
"GSE89377","REACTOME_DENGUE_VIRUS_GENOME_TRANSLATION_AND_REPLICATION","C_v1","CH_high",3,12,13,0.515857216632003,0.506070536484535,0.939778139084606,0.220560090440124,1.94992752463844,0.0352947990908701,TRUE,TRUE,0.0743048401913054
"GSE89377","REACTOME_RESPIRATORY_SYNCYTIAL_VIRUS_RSV_GENOME_REPLICATION_TRANSCRIPTION_AND_TRANSLATION","C_v1","CH_high",3,12,13,0.533980368945392,0.516184610774155,1.25044278122749,0.707038899535938,1.96925159657786,0.00350185847479466,TRUE,TRUE,0.0093382892661191
"GSE89377","HALLMARK_MYC_TARGETS_V2","C_v1","CH_high",3,12,13,0.249733581514479,0.235111643152165,0.353705785890718,-0.370119815875684,1.20952372383576,0.366098988031609,FALSE,TRUE,0.418398843464696
"GSE89377","REACTOME_SARS_COV_2_MODULATES_HOST_TRANSLATION_MACHINERY","C_v1","CH_high",3,12,13,0.662277801447005,0.655088205338321,0.557576327613333,-0.176327692300794,1.39678248008568,0.159784326991183,FALSE,TRUE,0.213045769321577
"GSE89377","REACTOME_REGULATION_OF_CDH1_POSTTRANSLATIONAL_PROCESSING_AND_TRAFFICKING_TO_PLASMA_MEMBRANE","C_v1","CH_high",3,12,13,0.366425999314349,0.353794305326831,0.712297187990104,0.0221281120631742,1.54064905968973,0.0770508662305673,TRUE,TRUE,0.110072666043668
"GSE89377","REACTOME_TRANSLATION_OF_SARS_COV_2_STRUCTURAL_PROTEINS","C_v1","CH_high",3,12,13,0.309366059360564,0.312192101485405,-0.233540442217068,-1.19347509515928,0.516368091605024,0.56126465092236,FALSE,TRUE,0.623627389913734
"GSE89377","REACTOME_SARS_COV_1_MODULATES_HOST_TRANSLATION_MACHINERY","C_v1","CH_high",3,12,13,0.781076225295818,0.769583556500284,0.983069518134789,0.27424263510257,1.90922201931887,0.018087760653419,TRUE,TRUE,0.0425594368315742
"GSE89377","HALLMARK_MTORC1_SIGNALING","C_v1","CH_high",3,12,13,0.390512538279404,0.381190932495476,0.757260409061205,0.0296411883634689,1.73891617176705,0.0608901592779196,TRUE,TRUE,0.0993528712358943
"GSE89377","REACTOME_TRANSLATION_OF_REPLICASE_AND_ASSEMBLY_OF_THE_REPLICATION_TRANSCRIPTION_COMPLEX","C_v1","CH_high",3,12,13,0.0990269660472564,0.102317517746703,-0.156331064019398,-0.81700526806331,0.775328049981508,0.693095646525979,FALSE,FALSE,0.729574364764188
"GSE89377","REACTOME_REGULATION_OF_CDH1_MRNA_TRANSLATION_BY_MICRORNAS","C_v1","CH_high",3,12,13,0.125602798289451,0.162822077608901,-1.3393472494307,-2.27145256963989,-0.774358383131463,0.00251360105089327,TRUE,TRUE,0.00773415707967159
"GSE89377","REACTOME_POST_TRANSLATIONAL_MODIFICATION_SYNTHESIS_OF_GPI_ANCHORED_PROTEINS","C_v1","CH_high",3,12,13,0.0393220175501536,0.049403997902684,-0.544512776498746,-1.49254165238102,0.177302815119724,0.166812538713332,FALSE,TRUE,0.215241985436558
"GSE89377","REACTOME_TRANSCRIPTIONAL_AND_POST_TRANSLATIONAL_REGULATION_OF_MITF_M_EXPRESSION_AND_ACTIVITY","C_v1","CH_high",3,12,13,0.213702902362788,0.215599602069442,-0.0675479880601546,-0.656148630092286,1.04421059695951,0.861440989739818,FALSE,FALSE,0.861440989739818
"GSE89377","REACTOME_REGULATION_OF_CDH11_MRNA_TRANSLATION_BY_MICRORNAS","C_v1","CH_high",3,12,13,-0.0950074850262148,-0.048056416132001,-1.53442060073575,-2.38075878812914,-0.986749712606745,0.000928083816655691,TRUE,TRUE,0.00464041908327846
"GSE89377","REACTOME_TRANSLATION_OF_SARS_COV_1_STRUCTURAL_PROTEINS","C_v1","CH_high",3,12,13,0.272144940111559,0.285221591778421,-0.760824950132303,-1.7692133033208,-0.0468905500449567,0.0620955445224339,TRUE,TRUE,0.0993528712358943
"GSE89377","REACTOME_REGULATION_OF_PTEN_MRNA_TRANSLATION","C_v1","CH_high",3,12,13,0.0540724554532773,0.098456669146555,-1.6225221598838,-2.70388241069793,-1.02263731455918,0.000417072240048633,TRUE,TRUE,0.0044976854945629
"GSE89377","REACTOME_REGULATION_OF_NPAS4_MRNA_TRANSLATION","C_v1","CH_high",3,12,13,-0.060932073371879,-0.010044865371804,-1.52605496227584,-2.71631947171485,-0.855136381991115,0.000713392949978187,TRUE,TRUE,0.0044976854945629
"GSE89377","REACTOME_REGULATION_OF_PD_L1_CD274_TRANSLATION","C_v1","CH_high",3,12,13,-0.060932073371879,-0.010044865371804,-1.52605496227584,-2.71631947171485,-0.855136381991115,0.000713392949978187,TRUE,TRUE,0.0044976854945629
"GSE89377","KEGG_RIBOSOME","A","Cirrhosis",4,12,13,0.736881129263994,0.709813287612309,2.0264139639551,1.27353447500772,3.47107168803432,3.16791633164685e-05,TRUE,TRUE,0.00042238884421958
"GSE89377","KEGG_AMINOACYL_TRNA_BIOSYNTHESIS","A","Cirrhosis",4,12,13,0.028248039225885,0.0535930045761796,-0.745512141571783,-2.2866497229838,-0.00175387398273515,0.0637259175125661,TRUE,TRUE,0.0980398730962556
"GSE89377","REACTOME_TRANSLATION","A","Cirrhosis",4,12,13,0.524414616036441,0.510512429355691,1.0476543040235,0.389100748859344,1.82703203390724,0.0138965481675249,TRUE,TRUE,0.0326977603941763
"GSE89377","REACTOME_EUKARYOTIC_TRANSLATION_INITIATION","A","Cirrhosis",4,12,13,0.677846080812182,0.654096472089731,1.86977577512369,1.10612719552137,3.31578188232808,7.48042915731097e-05,TRUE,TRUE,0.000598434332584877
"GSE89377","REACTOME_EUKARYOTIC_TRANSLATION_ELONGATION","A","Cirrhosis",4,12,13,0.726765587814602,0.699409265201216,1.98352982037913,1.19421620516933,3.63447366028733,4.47483511055598e-05,TRUE,TRUE,0.000447483511055598
"GSE89377","REACTOME_TRNA_AMINOACYLATION","A","Cirrhosis",4,12,13,0.178758353733794,0.192235593397246,-0.603122891841579,-1.89356838347599,0.120615392927772,0.129262155610306,FALSE,TRUE,0.166789878206846
"GSE89377","REACTOME_CYTOSOLIC_TRNA_AMINOACYLATION","A","Cirrhosis",4,12,13,0.493481314115778,0.474287933881454,0.95963850414973,0.231931080799762,1.88338494123529,0.0231476707448732,TRUE,TRUE,0.0487319384102594
"GSE89377","REACTOME_RRNA_PROCESSING","A","Cirrhosis",4,12,13,0.45416999154747,0.446549765839384,0.499414518287095,-0.2292559732599,1.48752302523688,0.210386800380217,FALSE,TRUE,0.255014303491172
"GSE89377","REACTOME_SRP_DEPENDENT_COTRANSLATIONAL_PROTEIN_TARGETING_TO_MEMBRANE","A","Cirrhosis",4,12,13,0.691638656340973,0.664622718296142,2.13519685430758,1.43347389599042,3.56104272045433,1.88627448541693e-05,TRUE,TRUE,0.000377254897083386
"GSE89377","REACTOME_RIBOSOME_ASSOCIATED_QUALITY_CONTROL","A","Cirrhosis",4,12,13,0.635267251676747,0.614294430420696,1.75903710727563,1.02880724799391,3.16406051825022,0.000158224108738441,TRUE,TRUE,0.000904137764219661
"GSE89377","REACTOME_RIBOSOME_QUALITY_CONTROL_RQC_COMPLEX_EXTRACTS_AND_DEGRADES_NASCENT_PEPTIDE","A","Cirrhosis",4,12,13,0.579162585226384,0.560363734264034,1.58658263162774,0.829298947478652,3.00346686035173,0.000467700140201004,TRUE,TRUE,0.00155900046733668
"GSE89377","REACTOME_MITOCHONDRIAL_TRANSLATION","A","Cirrhosis",4,12,13,0.377695384463586,0.367867426158049,0.333009118074935,-0.506982290402164,0.980506940594378,0.399468008758493,FALSE,TRUE,0.431857306765939
"GSE89377","REACTOME_MITOCHONDRIAL_TRANSLATION_ELONGATION","A","Cirrhosis",4,12,13,0.385401957712579,0.372862588275281,0.411600396940184,-0.391579292868186,1.05016827854414,0.299640041107762,FALSE,TRUE,0.332933379008624
"GSE89377","REACTOME_MITOCHONDRIAL_TRNA_AMINOACYLATION","A","Cirrhosis",4,12,13,0.0746972218260599,0.100592162673064,-0.850083045971606,-2.54267414004533,-0.0911039452189515,0.0366818715651258,TRUE,TRUE,0.0733637431302517
"GSE89377","REACTOME_RRNA_PROCESSING_IN_THE_MITOCHONDRION","A","Cirrhosis",4,12,13,0.0471158557447335,0.0521356461567265,-0.124692978123006,-1.1796417064914,0.541360448325131,0.746580323152131,FALSE,FALSE,0.746580323152131
"GSE89377","REACTOME_TRNA_PROCESSING","B_extra","Cirrhosis",4,12,13,0.0187962689602161,0.0282056638533906,-0.666111737477443,-1.39861205551355,0.0517220020141597,0.0979073957853027,FALSE,TRUE,0.130543194380404
"GSE89377","REACTOME_TRNA_PROCESSING_IN_THE_NUCLEUS","B_extra","Cirrhosis",4,12,13,0.0571276230519065,0.0609348600318006,-0.267130841627641,-0.959302517368981,0.542423247270532,0.494688805041657,FALSE,TRUE,0.520725057938586
"GSE89377","REACTOME_TRNA_MODIFICATION_IN_THE_NUCLEUS_AND_CYTOSOL","B_extra","Cirrhosis",4,12,13,-0.0438429060862052,-0.028459507567204,-0.786306334780128,-1.62905802821376,-0.104287142432738,0.0524986329233753,TRUE,TRUE,0.0903164552777137
"GSE89377","REACTOME_RRNA_MODIFICATION_IN_THE_NUCLEUS_AND_CYTOSOL","B_extra","Cirrhosis",4,12,13,0.305232286115203,0.321229202452107,-0.709551307591193,-1.44202310781674,-0.0302738343542976,0.0764679971028162,TRUE,TRUE,0.109239995861166
"GSE89377","REACTOME_TRNA_MODIFICATION_IN_THE_MITOCHONDRION","B_extra","Cirrhosis",4,12,13,0.108456074986256,0.130371880159856,-0.838456105702999,-1.87312059840647,-0.139963288035798,0.0390597584657179,TRUE,TRUE,0.0743995399347008
"GSE89377","REACTOME_CARBOXYTERMINAL_POST_TRANSLATIONAL_MODIFICATIONS_OF_TUBULIN","C_v1","Cirrhosis",4,12,13,0.0238069740524528,0.00465896126035284,0.457936635123048,-0.303372369312992,1.37746623897905,0.255657089950545,FALSE,TRUE,0.292179531372051
"GSE89377","HALLMARK_MYC_TARGETS_V1","C_v1","Cirrhosis",4,12,13,0.445029235812804,0.435174673189388,0.834932726028591,0.144101503555876,1.77199781398519,0.0431518522949951,TRUE,TRUE,0.0784579132636275
"GSE89377","REACTOME_REGULATION_OF_PD_L1_CD274_POST_TRANSLATIONAL_MODIFICATION","C_v1","Cirrhosis",4,12,13,0.463381681392644,0.455273250139851,0.761669456912252,0.0263703083398806,1.66211224052314,0.0607704831370731,TRUE,TRUE,0.0972327730193169
"GSE89377","REACTOME_DENGUE_VIRUS_GENOME_TRANSLATION_AND_REPLICATION","C_v1","Cirrhosis",4,12,13,0.51213300094638,0.506070536484535,0.748145998229332,-0.0210462230591104,1.82862152448237,0.0803569615446903,FALSE,TRUE,0.110837188337504
"GSE89377","REACTOME_RESPIRATORY_SYNCYTIAL_VIRUS_RSV_GENOME_REPLICATION_TRANSCRIPTION_AND_TRANSLATION","C_v1","Cirrhosis",4,12,13,0.550714920419705,0.516184610774155,2.44712654527026,1.7383171599792,3.87098572295644,1.8642029234192e-06,TRUE,TRUE,7.4568116936768e-05
"GSE89377","HALLMARK_MYC_TARGETS_V2","C_v1","Cirrhosis",4,12,13,0.196498214299657,0.235111643152165,-0.957585817024582,-1.98240941184807,-0.271515653646811,0.0201865269724999,TRUE,TRUE,0.0448589488277775
"GSE89377","REACTOME_SARS_COV_2_MODULATES_HOST_TRANSLATION_MACHINERY","C_v1","Cirrhosis",4,12,13,0.674196846776439,0.655088205338321,1.36094320194081,0.687360048076963,2.43039796221885,0.00184885767895026,TRUE,TRUE,0.00568879285830848
"GSE89377","REACTOME_REGULATION_OF_CDH1_POSTTRANSLATIONAL_PROCESSING_AND_TRAFFICKING_TO_PLASMA_MEMBRANE","C_v1","Cirrhosis",4,12,13,0.366663240940198,0.353794305326831,0.777371745171777,0.0753060651637229,1.70026813120162,0.0541898731666282,TRUE,TRUE,0.0903164552777137
"GSE89377","REACTOME_TRANSLATION_OF_SARS_COV_2_STRUCTURAL_PROTEINS","C_v1","Cirrhosis",4,12,13,0.30213029738679,0.312192101485405,-1.17483003624521,-2.10560523446304,-0.470978476016416,0.00568952818609561,TRUE,TRUE,0.014223820465239
"GSE89377","REACTOME_SARS_COV_1_MODULATES_HOST_TRANSLATION_MACHINERY","C_v1","Cirrhosis",4,12,13,0.791221424064871,0.769583556500284,1.77285840421194,1.10647922333159,2.91122729381309,0.000139099116668598,TRUE,TRUE,0.000904137764219661
"GSE89377","HALLMARK_MTORC1_SIGNALING","C_v1","Cirrhosis",4,12,13,0.383687570440829,0.381190932495476,0.21830687829966,-0.5167417202716,1.09562177504979,0.572536716163761,FALSE,TRUE,0.587217144783345
"GSE89377","REACTOME_TRANSLATION_OF_REPLICASE_AND_ASSEMBLY_OF_THE_REPLICATION_TRANSCRIPTION_COMPLEX","C_v1","Cirrhosis",4,12,13,0.112685449848119,0.102317517746703,0.531385475914328,-0.183920374078074,1.56111177167683,0.185030967628569,FALSE,TRUE,0.231288709535711
"GSE89377","REACTOME_REGULATION_OF_CDH1_MRNA_TRANSLATION_BY_MICRORNAS","C_v1","Cirrhosis",4,12,13,0.105549450670132,0.162822077608901,-1.69350456286855,-2.92046666486547,-0.972293925872466,0.000462962488856317,TRUE,TRUE,0.00155900046733668
"GSE89377","REACTOME_POST_TRANSLATIONAL_MODIFICATION_SYNTHESIS_OF_GPI_ANCHORED_PROTEINS","C_v1","Cirrhosis",4,12,13,0.0594045159216226,0.049403997902684,0.480494881809029,-0.250961151855661,1.38466068971315,0.223916557179361,FALSE,TRUE,0.263431243740425
"GSE89377","REACTOME_TRANSCRIPTIONAL_AND_POST_TRANSLATIONAL_REGULATION_OF_MITF_M_EXPRESSION_AND_ACTIVITY","C_v1","Cirrhosis",4,12,13,0.234782582105119,0.215599602069442,0.714435054702416,-0.032354512928495,2.58563009097519,0.074622151399667,FALSE,TRUE,0.109239995861166
"GSE89377","REACTOME_REGULATION_OF_CDH11_MRNA_TRANSLATION_BY_MICRORNAS","C_v1","Cirrhosis",4,12,13,-0.0931371289989511,-0.048056416132001,-1.32810401054618,-2.31454551201451,-0.680463188288343,0.00356198210507171,TRUE,TRUE,0.0094986189468579
"GSE89377","REACTOME_TRANSLATION_OF_SARS_COV_1_STRUCTURAL_PROTEINS","C_v1","Cirrhosis",4,12,13,0.267114803077276,0.285221591778421,-1.27561564571177,-2.11960165569459,-0.671578978900455,0.00309833056076576,TRUE,TRUE,0.00885237303075932
"GSE89377","REACTOME_REGULATION_OF_PTEN_MRNA_TRANSLATION","C_v1","Cirrhosis",4,12,13,0.0390638447447277,0.098456669146555,-1.76490048942329,-2.94111362929504,-1.08878837000274,0.000296166105868999,TRUE,TRUE,0.001184664423476
"GSE89377","REACTOME_REGULATION_OF_NPAS4_MRNA_TRANSLATION","C_v1","Cirrhosis",4,12,13,-0.0796686306858347,-0.010044865371804,-1.74257033395657,-2.95224495077875,-1.045222436616,0.000288697291318103,TRUE,TRUE,0.001184664423476
"GSE89377","REACTOME_REGULATION_OF_PD_L1_CD274_TRANSLATION","C_v1","Cirrhosis",4,12,13,-0.0796686306858347,-0.010044865371804,-1.74257033395657,-2.95224495077875,-1.045222436616,0.000288697291318103,TRUE,TRUE,0.001184664423476
"GSE89377","KEGG_RIBOSOME","A","DN_low",5,11,13,0.721567182873495,0.709813287612309,1.06910083273498,0.306975426838966,2.52153925738497,0.0109928551313351,TRUE,TRUE,0.0503124494665063
"GSE89377","KEGG_AMINOACYL_TRNA_BIOSYNTHESIS","A","DN_low",5,11,13,0.0629233037689603,0.0535930045761796,0.283482562317527,-0.707399513983721,0.863170080187751,0.461303249376678,FALSE,TRUE,0.576629061720848
"GSE89377","REACTOME_TRANSLATION","A","DN_low",5,11,13,0.52570935541464,0.510512429355691,1.27149328654981,0.561591996533024,2.3790230063053,0.00418438066301192,TRUE,TRUE,0.0418438066301192
"GSE89377","REACTOME_EUKARYOTIC_TRANSLATION_INITIATION","A","DN_low",5,11,13,0.666509805705017,0.654096472089731,1.16595857932245,0.38792032391969,2.61522231553861,0.00604782582525299,TRUE,TRUE,0.0483826066020239
"GSE89377","REACTOME_EUKARYOTIC_TRANSLATION_ELONGATION","A","DN_low",5,11,13,0.711708820289381,0.699409265201216,1.06671926854064,0.311763135302894,2.60446944449468,0.011697182531398,TRUE,TRUE,0.0503124494665063
"GSE89377","REACTOME_TRNA_AMINOACYLATION","A","DN_low",5,11,13,0.202331719628297,0.192235593397246,0.462202690799004,-0.347681845100152,1.05880122084579,0.241205783620036,FALSE,TRUE,0.423274438945655
"GSE89377","REACTOME_CYTOSOLIC_TRNA_AMINOACYLATION","A","DN_low",5,11,13,0.487198303321708,0.474287933881454,0.522685242630626,-0.25013730138354,1.67073349678117,0.226173576459034,FALSE,TRUE,0.423274438945655
"GSE89377","REACTOME_RRNA_PROCESSING","A","DN_low",5,11,13,0.44801364047249,0.446549765839384,0.100863020545628,-0.652869769429252,0.956033239932977,0.799492414754992,FALSE,FALSE,0.819992220261531
"GSE89377","REACTOME_SRP_DEPENDENT_COTRANSLATIONAL_PROTEIN_TARGETING_TO_MEMBRANE","A","DN_low",5,11,13,0.678607475971209,0.664622718296142,1.32323645462754,0.497234962586475,3.05604131150255,0.0025761506593635,TRUE,TRUE,0.03434867545818
"GSE89377","REACTOME_RIBOSOME_ASSOCIATED_QUALITY_CONTROL","A","DN_low",5,11,13,0.626975119371252,0.614294430420696,1.10585561577815,0.332278662945959,2.65601073928454,0.0106533919511577,TRUE,TRUE,0.0503124494665063
"GSE89377","REACTOME_RIBOSOME_QUALITY_CONTROL_RQC_COMPLEX_EXTRACTS_AND_DEGRADES_NASCENT_PEPTIDE","A","DN_low",5,11,13,0.572870642977617,0.560363734264034,0.936145949742632,0.176339696584202,2.26025120277894,0.032658207894566,TRUE,TRUE,0.0947126432867854
"GSE89377","REACTOME_MITOCHONDRIAL_TRANSLATION","A","DN_low",5,11,13,0.389161222443133,0.367867426158049,0.907456102219941,0.39112116346287,1.5478946772118,0.0263153768537649,TRUE,TRUE,0.0877179228458831
"GSE89377","REACTOME_MITOCHONDRIAL_TRANSLATION_ELONGATION","A","DN_low",5,11,13,0.39558965714659,0.372862588275281,0.941492786486795,0.445981499664109,1.59434158864756,0.0217941651547944,TRUE,TRUE,0.0792515096537978
"GSE89377","REACTOME_MITOCHONDRIAL_TRNA_AMINOACYLATION","A","DN_low",5,11,13,0.109879667942463,0.100592162673064,0.318476789257514,-0.684104555323376,0.879976962229478,0.408929832648989,FALSE,TRUE,0.531884409272662
"GSE89377","REACTOME_RRNA_PROCESSING_IN_THE_MITOCHONDRION","A","DN_low",5,11,13,0.0695672181846995,0.0521356461567265,0.444501579860978,-0.308722690886923,1.10778639860783,0.253964663367393,FALSE,TRUE,0.423274438945655
"GSE89377","REACTOME_TRNA_PROCESSING","B_extra","DN_low",5,11,13,0.0276235486193791,0.0282056638533906,-0.0402629047982209,-0.772122719886919,0.859055103116155,0.919750125369437,FALSE,FALSE,0.919750125369437
"GSE89377","REACTOME_TRNA_PROCESSING_IN_THE_NUCLEUS","B_extra","DN_low",5,11,13,0.0528803819407824,0.0609348600318006,-0.505216241328513,-1.32785667977731,0.2454147178701,0.219853329798513,FALSE,TRUE,0.423274438945655
"GSE89377","REACTOME_TRNA_MODIFICATION_IN_THE_NUCLEUS_AND_CYTOSOL","B_extra","DN_low",5,11,13,-0.0255874854730892,-0.028459507567204,0.138223789459298,-0.577084317504137,1.055701073905,0.729353971126861,FALSE,FALSE,0.777359901522887
"GSE89377","REACTOME_RRNA_MODIFICATION_IN_THE_NUCLEUS_AND_CYTOSOL","B_extra","DN_low",5,11,13,0.312019952882802,0.321229202452107,-0.347648075177026,-1.10622598145658,0.393428684353737,0.383779682403097,FALSE,TRUE,0.529351286073237
"GSE89377","REACTOME_TRNA_MODIFICATION_IN_THE_MITOCHONDRION","B_extra","DN_low",5,11,13,0.151229752004168,0.130371880159856,0.864391792799837,0.217801569904201,1.72902420931708,0.0331494251503749,TRUE,TRUE,0.0947126432867854
"GSE89377","REACTOME_CARBOXYTERMINAL_POST_TRANSLATIONAL_MODIFICATIONS_OF_TUBULIN","C_v1","DN_low",5,11,13,0.031789725883106,0.00465896126035284,0.831359350991898,0.097464888016576,2.16775656330358,0.0432402438839612,TRUE,TRUE,0.115307317023897
"GSE89377","HALLMARK_MYC_TARGETS_V1","C_v1","DN_low",5,11,13,0.438008660967778,0.435174673189388,0.216580985649377,-0.56145362846226,1.22913932460846,0.600255758964142,FALSE,TRUE,0.686006581673306
"GSE89377","REACTOME_REGULATION_OF_PD_L1_CD274_POST_TRANSLATIONAL_MODIFICATION","C_v1","DN_low",5,11,13,0.470200230441954,0.455273250139851,0.799085716479135,0.0264280067209698,1.71213368832159,0.0789411629009211,TRUE,TRUE,0.18574391270805
"GSE89377","REACTOME_DENGUE_VIRUS_GENOME_TRANSLATION_AND_REPLICATION","C_v1","DN_low",5,11,13,0.523738428794278,0.506070536484535,1.37666301229207,0.547311774085911,3.12571363312017,0.00806477808205377,TRUE,TRUE,0.0503124494665063
"GSE89377","REACTOME_RESPIRATORY_SYNCYTIAL_VIRUS_RSV_GENOME_REPLICATION_TRANSCRIPTION_AND_TRANSLATION","C_v1","DN_low",5,11,13,0.541807347152791,0.516184610774155,1.44164898622074,0.806324009681857,2.3223577850475,0.00203091522795234,TRUE,TRUE,0.03434867545818
"GSE89377","HALLMARK_MYC_TARGETS_V2","C_v1","DN_low",5,11,13,0.213388143350548,0.235111643152165,-0.557782073999476,-1.42333126807092,0.159703606880393,0.158449581781909,FALSE,TRUE,0.333578066909282
"GSE89377","REACTOME_SARS_COV_2_MODULATES_HOST_TRANSLATION_MACHINERY","C_v1","DN_low",5,11,13,0.658362447786817,0.655088205338321,0.274927827797186,-0.47709186842666,1.0813048081258,0.476812979057468,FALSE,TRUE,0.577955126130265
"GSE89377","REACTOME_REGULATION_OF_CDH1_POSTTRANSLATIONAL_PROCESSING_AND_TRAFFICKING_TO_PLASMA_MEMBRANE","C_v1","DN_low",5,11,13,0.385026319957924,0.353794305326831,1.61358400160736,0.86858227190258,2.72895469243239,0.000557229398955974,TRUE,TRUE,0.0222891759582389
"GSE89377","REACTOME_TRANSLATION_OF_SARS_COV_2_STRUCTURAL_PROTEINS","C_v1","DN_low",5,11,13,0.313699092105914,0.312192101485405,0.138117060015319,-0.797466340882076,0.912722913471949,0.738491906446742,FALSE,FALSE,0.777359901522887
"GSE89377","REACTOME_SARS_COV_1_MODULATES_HOST_TRANSLATION_MACHINERY","C_v1","DN_low",5,11,13,0.780628616828099,0.769583556500284,1.04648587285165,0.334181910285526,2.06132359024814,0.0125781123666266,TRUE,TRUE,0.0503124494665063
"GSE89377","HALLMARK_MTORC1_SIGNALING","C_v1","DN_low",5,11,13,0.386696537677482,0.381190932495476,0.341764084499552,-0.454148045298086,1.21609979512055,0.412210417186313,FALSE,TRUE,0.531884409272662
"GSE89377","REACTOME_TRANSLATION_OF_REPLICASE_AND_ASSEMBLY_OF_THE_REPLICATION_TRANSCRIPTION_COMPLEX","C_v1","DN_low",5,11,13,0.0993968564320736,0.102317517746703,-0.160385110697749,-0.956825948456204,0.633022811326785,0.687557053690149,FALSE,FALSE,0.763952281877944
"GSE89377","REACTOME_REGULATION_OF_CDH1_MRNA_TRANSLATION_BY_MICRORNAS","C_v1","DN_low",5,11,13,0.140304288826816,0.162822077608901,-0.745765064198971,-2.3985250027204,0.0719101658845704,0.0847065707001441,FALSE,TRUE,0.188236823778098
"GSE89377","REACTOME_POST_TRANSLATIONAL_MODIFICATION_SYNTHESIS_OF_GPI_ANCHORED_PROTEINS","C_v1","DN_low",5,11,13,0.062267787981192,0.049403997902684,0.702505905328271,0.0111563381859654,1.65376083604786,0.0775734929998113,TRUE,TRUE,0.18574391270805
"GSE89377","REACTOME_TRANSCRIPTIONAL_AND_POST_TRANSLATIONAL_REGULATION_OF_MITF_M_EXPRESSION_AND_ACTIVITY","C_v1","DN_low",5,11,13,0.20389283906016,0.215599602069442,-0.449239887443253,-1.063943125679,0.305456868905127,0.248024147084559,FALSE,TRUE,0.423274438945655
"GSE89377","REACTOME_REGULATION_OF_CDH11_MRNA_TRANSLATION_BY_MICRORNAS","C_v1","DN_low",5,11,13,-0.0636628252014003,-0.048056416132001,-0.448134368194584,-1.7444536382756,0.332136854406685,0.295848548105571,FALSE,TRUE,0.461642595596915
"GSE89377","REACTOME_TRANSLATION_OF_SARS_COV_1_STRUCTURAL_PROTEINS","C_v1","DN_low",5,11,13,0.281864646747667,0.285221591778421,-0.228229651848853,-0.995648216239666,0.593749418931841,0.557668812595427,FALSE,TRUE,0.65608095599462
"GSE89377","REACTOME_REGULATION_OF_PTEN_MRNA_TRANSLATION","C_v1","DN_low",5,11,13,0.0829247945558008,0.098456669146555,-0.443587070447983,-1.82737800945379,0.329346077471646,0.300067687137995,FALSE,TRUE,0.461642595596915
"GSE89377","REACTOME_REGULATION_OF_NPAS4_MRNA_TRANSLATION","C_v1","DN_low",5,11,13,-0.0257551174114094,-0.010044865371804,-0.387122556109307,-1.70489911215809,0.375787802252659,0.358740127867808,FALSE,TRUE,0.512485896954011
"GSE89377","REACTOME_REGULATION_OF_PD_L1_CD274_TRANSLATION","C_v1","DN_low",5,11,13,-0.0257551174114094,-0.010044865371804,-0.387122556109307,-1.70489911215809,0.375787802252659,0.358740127867808,FALSE,TRUE,0.512485896954011
"GSE89377","KEGG_RIBOSOME","A","DN_high",6,11,13,0.711995549050426,0.709813287612309,0.153163680235871,-0.606344789146398,1.20308836273359,0.708793274604145,FALSE,FALSE,0.787548082893494
"GSE89377","KEGG_AMINOACYL_TRNA_BIOSYNTHESIS","A","DN_high",6,11,13,0.0889210074708607,0.0535930045761796,1.05614131586754,0.607544008661395,1.89009607732465,0.0114623341329205,TRUE,TRUE,0.0381534319908524
"GSE89377","REACTOME_TRANSLATION","A","DN_high",6,11,13,0.527752939093857,0.510512429355691,1.24496590283284,0.411181298238598,2.90252731716535,0.00654188602848902,TRUE,TRUE,0.0327094301424451
"GSE89377","REACTOME_EUKARYOTIC_TRANSLATION_INITIATION","A","DN_high",6,11,13,0.659110587882469,0.654096472089731,0.386971779086612,-0.367509591870735,1.56828684593088,0.342173451900231,FALSE,TRUE,0.488819217000329
"GSE89377","REACTOME_EUKARYOTIC_TRANSLATION_ELONGATION","A","DN_high",6,11,13,0.702768302948384,0.699409265201216,0.226746642332126,-0.53784009157914,1.35167571534844,0.583089656600241,FALSE,TRUE,0.735564479870854
"GSE89377","REACTOME_TRNA_AMINOACYLATION","A","DN_high",6,11,13,0.22230263202391,0.192235593397246,1.31648836704921,0.8335203330223,2.3382638754743,0.00260745349288368,TRUE,TRUE,0.0208596279430695
"GSE89377","REACTOME_CYTOSOLIC_TRNA_AMINOACYLATION","A","DN_high",6,11,13,0.500336222213755,0.474287933881454,1.4572525027356,0.630596113345306,3.04207836637328,0.00145120433511698,TRUE,TRUE,0.0208596279430695
"GSE89377","REACTOME_RRNA_PROCESSING","A","DN_high",6,11,13,0.450394785822141,0.446549765839384,0.291761602253274,-0.425318072839056,1.31329778805284,0.454991495435424,FALSE,TRUE,0.627574476462654
"GSE89377","REACTOME_SRP_DEPENDENT_COTRANSLATIONAL_PROTEIN_TARGETING_TO_MEMBRANE","A","DN_high",6,11,13,0.670907658500407,0.664622718296142,0.456990533403598,-0.361597466537339,1.54320610522313,0.276825797013342,FALSE,TRUE,0.410112291871618
"GSE89377","REACTOME_RIBOSOME_ASSOCIATED_QUALITY_CONTROL","A","DN_high",6,11,13,0.624007737627271,0.614294430420696,0.736414207840904,-0.0508310316658668,1.94265468037716,0.0847457015273098,FALSE,TRUE,0.175621761233129
"GSE89377","REACTOME_RIBOSOME_QUALITY_CONTROL_RQC_COMPLEX_EXTRACTS_AND_DEGRADES_NASCENT_PEPTIDE","A","DN_high",6,11,13,0.568414158418338,0.560363734264034,0.553504475559894,-0.249899471305105,1.77332744290468,0.194359874702908,FALSE,TRUE,0.311132113343007
"GSE89377","REACTOME_MITOCHONDRIAL_TRANSLATION","A","DN_high",6,11,13,0.396718335418663,0.367867426158049,1.06446632237523,0.380841058863561,2.09963693444659,0.0122585775192427,TRUE,TRUE,0.0381534319908524
"GSE89377","REACTOME_MITOCHONDRIAL_TRANSLATION_ELONGATION","A","DN_high",6,11,13,0.403265410233693,0.372862588275281,1.06689309014372,0.384137044482498,2.1186053507832,0.012399865397027,TRUE,TRUE,0.0381534319908524
"GSE89377","REACTOME_MITOCHONDRIAL_TRNA_AMINOACYLATION","A","DN_high",6,11,13,0.132285376926908,0.100592162673064,0.981891920217132,0.439963159913209,1.91283056068847,0.0190085055943003,TRUE,TRUE,0.0543100159837152
"GSE89377","REACTOME_RRNA_PROCESSING_IN_THE_MITOCHONDRION","A","DN_high",6,11,13,0.107287794586689,0.0521356461567265,1.33380280511947,0.838031402188786,2.20673226050564,0.00222541303691535,TRUE,TRUE,0.0208596279430695
"GSE89377","REACTOME_TRNA_PROCESSING","B_extra","DN_high",6,11,13,0.0506431065670258,0.0282056638533906,1.42000529434661,0.689515904589768,2.77501100700145,0.00208516642253871,TRUE,TRUE,0.0208596279430695
"GSE89377","REACTOME_TRNA_PROCESSING_IN_THE_NUCLEUS","B_extra","DN_high",6,11,13,0.0811438969672404,0.0609348600318006,1.01626892998471,0.38001423106869,1.93498657206769,0.0249035527235837,TRUE,TRUE,0.0622588818089593
"GSE89377","REACTOME_TRNA_MODIFICATION_IN_THE_NUCLEUS_AND_CYTOSOL","B_extra","DN_high",6,11,13,-0.00723881123866101,-0.028459507567204,0.991696579845293,0.256298282826705,2.23204736581873,0.0207025352894698,TRUE,TRUE,0.0552067607719195
"GSE89377","REACTOME_RRNA_MODIFICATION_IN_THE_NUCLEUS_AND_CYTOSOL","B_extra","DN_high",6,11,13,0.319723055146731,0.321229202452107,-0.0689658756385965,-0.711891023257768,0.914697663337183,0.854693977898003,FALSE,FALSE,0.899677871471583
"GSE89377","REACTOME_TRNA_MODIFICATION_IN_THE_MITOCHONDRION","B_extra","DN_high",6,11,13,0.164301497266615,0.130371880159856,1.11438952780417,0.463021074102218,1.95404100106248,0.0101897061637996,TRUE,TRUE,0.0381534319908524
"GSE89377","REACTOME_CARBOXYTERMINAL_POST_TRANSLATIONAL_MODIFICATIONS_OF_TUBULIN","C_v1","DN_high",6,11,13,0.0317051774619678,0.00465896126035284,0.7157393300129,0.00650288835606334,1.79339506798899,0.0878108806165645,TRUE,TRUE,0.175621761233129
"GSE89377","HALLMARK_MYC_TARGETS_V1","C_v1","DN_high",6,11,13,0.446884842009876,0.435174673189388,0.732070627365484,-0.0682996114531375,1.80428608100715,0.0980541248687869,FALSE,TRUE,0.186769761654832
"GSE89377","REACTOME_REGULATION_OF_PD_L1_CD274_POST_TRANSLATIONAL_MODIFICATION","C_v1","DN_high",6,11,13,0.472916953667945,0.455273250139851,1.31303326811614,0.513626085087975,2.58371947575298,0.00497951566808359,TRUE,TRUE,0.0327094301424451
"GSE89377","REACTOME_DENGUE_VIRUS_GENOME_TRANSLATION_AND_REPLICATION","C_v1","DN_high",6,11,13,0.522742938308751,0.506070536484535,1.99553671218348,1.02468806854352,4.77896765677624,0.000402757756119015,TRUE,TRUE,0.0161103102447606
"GSE89377","REACTOME_RESPIRATORY_SYNCYTIAL_VIRUS_RSV_GENOME_REPLICATION_TRANSCRIPTION_AND_TRANSLATION","C_v1","DN_high",6,11,13,0.540886737156564,0.516184610774155,1.28146373351928,0.357344993462434,2.82347514532448,0.0058215125739495,TRUE,TRUE,0.0327094301424451
"GSE89377","HALLMARK_MYC_TARGETS_V2","C_v1","DN_high",6,11,13,0.237931767864832,0.235111643152165,0.0735214081925314,-0.661978482153121,0.925190048473789,0.848320252340414,FALSE,FALSE,0.899677871471583
"GSE89377","REACTOME_SARS_COV_2_MODULATES_HOST_TRANSLATION_MACHINERY","C_v1","DN_high",6,11,13,0.65757992432817,0.655088205338321,0.192141647811641,-0.548362400637769,1.02887007528985,0.625229807890226,FALSE,FALSE,0.735564479870854
"GSE89377","REACTOME_REGULATION_OF_CDH1_POSTTRANSLATIONAL_PROCESSING_AND_TRAFFICKING_TO_PLASMA_MEMBRANE","C_v1","DN_high",6,11,13,0.376625639878013,0.353794305326831,1.12891615420577,0.348051851108739,2.42503481509341,0.0104884890895855,TRUE,TRUE,0.0381534319908524
"GSE89377","REACTOME_TRANSLATION_OF_SARS_COV_2_STRUCTURAL_PROTEINS","C_v1","DN_high",6,11,13,0.319056504221856,0.312192101485405,0.767181617721179,0.0658349404802353,1.7193106674947,0.0651297053075085,TRUE,TRUE,0.149700627921804
"GSE89377","REACTOME_SARS_COV_1_MODULATES_HOST_TRANSLATION_MACHINERY","C_v1","DN_high",6,11,13,0.776695954921461,0.769583556500284,0.633955412520609,-0.0919241562778585,1.58687303223866,0.118202560881031,FALSE,TRUE,0.21491374705642
"GSE89377","HALLMARK_MTORC1_SIGNALING","C_v1","DN_high",6,11,13,0.384030430636726,0.381190932495476,0.183086953248675,-0.66192723005621,1.03692235241721,0.656435145481724,FALSE,FALSE,0.750211594836256
"GSE89377","REACTOME_TRANSLATION_OF_REPLICASE_AND_ASSEMBLY_OF_THE_REPLICATION_TRANSCRIPTION_COMPLEX","C_v1","DN_high",6,11,13,0.0896198733577628,0.102317517746703,-0.590890001673722,-1.31254293813488,0.185182378033224,0.160931481219284,FALSE,TRUE,0.279880836903102
"GSE89377","REACTOME_REGULATION_OF_CDH1_MRNA_TRANSLATION_BY_MICRORNAS","C_v1","DN_high",6,11,13,0.143839421726789,0.162822077608901,-0.558388921637717,-1.55511533601426,0.2575734950133,0.195841198508331,FALSE,TRUE,0.311132113343007
"GSE89377","REACTOME_POST_TRANSLATIONAL_MODIFICATION_SYNTHESIS_OF_GPI_ANCHORED_PROTEINS","C_v1","DN_high",6,11,13,0.0449423074184688,0.049403997902684,-0.201568589095758,-1.02785286768429,0.595047436682284,0.61442819835115,FALSE,TRUE,0.735564479870854
"GSE89377","REACTOME_TRANSCRIPTIONAL_AND_POST_TRANSLATIONAL_REGULATION_OF_MITF_M_EXPRESSION_AND_ACTIVITY","C_v1","DN_high",6,11,13,0.201932424304522,0.215599602069442,-0.5026247535405,-1.03653846194513,0.239331337181659,0.202235873672955,FALSE,TRUE,0.311132113343007
"GSE89377","REACTOME_REGULATION_OF_CDH11_MRNA_TRANSLATION_BY_MICRORNAS","C_v1","DN_high",6,11,13,-0.0580410815673627,-0.048056416132001,-0.249917869978718,-1.05153142369135,0.714020826870324,0.559927957476719,FALSE,TRUE,0.735564479870854
"GSE89377","REACTOME_TRANSLATION_OF_SARS_COV_1_STRUCTURAL_PROTEINS","C_v1","DN_high",6,11,13,0.296578151283874,0.285221591778421,0.744427454008462,0.0626764636925188,1.72159878342873,0.0673652825648117,TRUE,TRUE,0.149700627921804
"GSE89377","REACTOME_REGULATION_OF_PTEN_MRNA_TRANSLATION","C_v1","DN_high",6,11,13,0.089821046823491,0.098456669146555,-0.219919607431798,-1.09784242471998,0.722163119570006,0.606492817410884,FALSE,TRUE,0.735564479870854
"GSE89377","REACTOME_REGULATION_OF_NPAS4_MRNA_TRANSLATION","C_v1","DN_high",6,11,13,-0.0100201754479861,-0.010044865371804,0.000512751877245395,-0.851750142652206,1.05586220115732,0.999034747700379,FALSE,FALSE,0.999034747700379
"GSE89377","REACTOME_REGULATION_OF_PD_L1_CD274_TRANSLATION","C_v1","DN_high",6,11,13,-0.0100201754479861,-0.010044865371804,0.000512751877245395,-0.851750142652206,1.05586220115732,0.999034747700379,FALSE,FALSE,0.999034747700379
"GSE89377","KEGG_RIBOSOME","A","eHCC",7,5,13,0.712554014124736,0.709813287612309,0.195527240624446,-0.905898944342773,1.42347869728132,0.747276467975229,FALSE,FALSE,0.830307186639144
"GSE89377","KEGG_AMINOACYL_TRNA_BIOSYNTHESIS","A","eHCC",7,5,13,0.079563402191336,0.0535930045761796,0.593710421937063,-0.576922866505027,1.82127666363548,0.332750085857922,FALSE,TRUE,0.650235071842803
"GSE89377","REACTOME_TRANSLATION","A","eHCC",7,5,13,0.526426249726454,0.510512429355691,1.04718220529498,-0.139871485759407,3.11773776706239,0.171873086544255,FALSE,TRUE,0.650235071842803
"GSE89377","REACTOME_EUKARYOTIC_TRANSLATION_INITIATION","A","eHCC",7,5,13,0.658388642448284,0.654096472089731,0.317594190361173,-0.704891334789586,1.54438243054666,0.586980401097642,FALSE,TRUE,0.733725501372053
"GSE89377","REACTOME_EUKARYOTIC_TRANSLATION_ELONGATION","A","eHCC",7,5,13,0.704314005402473,0.699409265201216,0.344853832810931,-0.717946767040472,1.67465662178918,0.577401534736361,FALSE,TRUE,0.733725501372053
"GSE89377","REACTOME_TRNA_AMINOACYLATION","A","eHCC",7,5,13,0.212237541675457,0.192235593397246,0.645030062674367,-0.620512327440899,2.04090865151683,0.357629289513542,FALSE,TRUE,0.650235071842803
"GSE89377","REACTOME_CYTOSOLIC_TRNA_AMINOACYLATION","A","eHCC",7,5,13,0.487267922209919,0.474287933881454,0.466723005806248,-0.979833823022114,3.0814414426712,0.554681069402715,FALSE,TRUE,0.733725501372053
"GSE89377","REACTOME_RRNA_PROCESSING","A","eHCC",7,5,13,0.445644850090684,0.446549765839384,-0.0514353858316709,-1.34726647713106,1.3665652482078,0.935238432671614,FALSE,FALSE,0.935238432671614
"GSE89377","REACTOME_SRP_DEPENDENT_COTRANSLATIONAL_PROTEIN_TARGETING_TO_MEMBRANE","A","eHCC",7,5,13,0.672484773539507,0.664622718296142,0.633806241375188,-0.358066841756221,1.97357745871995,0.300652325535958,FALSE,TRUE,0.650235071842803
"GSE89377","REACTOME_RIBOSOME_ASSOCIATED_QUALITY_CONTROL","A","eHCC",7,5,13,0.627573466998155,0.614294430420696,1.0250226275963,-0.0457599915685378,3.0745835649657,0.132240416463278,FALSE,TRUE,0.650235071842803
"GSE89377","REACTOME_RIBOSOME_QUALITY_CONTROL_RQC_COMPLEX_EXTRACTS_AND_DEGRADES_NASCENT_PEPTIDE","A","eHCC",7,5,13,0.571571306407225,0.560363734264034,0.820981637437335,-0.304904201612929,3.08283035701131,0.236610068516394,FALSE,TRUE,0.650235071842803
"GSE89377","REACTOME_MITOCHONDRIAL_TRANSLATION","A","eHCC",7,5,13,0.388801143798061,0.367867426158049,0.66263609800669,-0.450655787307404,1.87391395278107,0.282584317107611,FALSE,TRUE,0.650235071842803
"GSE89377","REACTOME_MITOCHONDRIAL_TRANSLATION_ELONGATION","A","eHCC",7,5,13,0.395755708043395,0.372862588275281,0.710268602191981,-0.354500965500139,1.90230946253315,0.244497034197882,FALSE,TRUE,0.650235071842803
"GSE89377","REACTOME_MITOCHONDRIAL_TRNA_AMINOACYLATION","A","eHCC",7,5,13,0.123390345985214,0.100592162673064,0.567310413755269,-0.698612160843525,1.90413509628894,0.375254657366187,FALSE,TRUE,0.652616795419455
"GSE89377","REACTOME_RRNA_PROCESSING_IN_THE_MITOCHONDRION","A","eHCC",7,5,13,0.0716867865901709,0.0521356461567265,0.403413846131624,-0.670596069419676,1.36916586258424,0.456964751880251,FALSE,TRUE,0.703022695200386
"GSE89377","REACTOME_TRNA_PROCESSING","B_extra","eHCC",7,5,13,0.0461242538408955,0.0282056638533906,0.9235528820044,-0.265548459499206,2.68504122794873,0.229498928737468,FALSE,TRUE,0.650235071842803
"GSE89377","REACTOME_TRNA_PROCESSING_IN_THE_NUCLEUS","B_extra","eHCC",7,5,13,0.0763725038959893,0.0609348600318006,0.757440016709028,-0.613153858079463,2.5210821210308,0.314980411044804,FALSE,TRUE,0.650235071842803
"GSE89377","REACTOME_TRNA_MODIFICATION_IN_THE_NUCLEUS_AND_CYTOSOL","B_extra","eHCC",7,5,13,-0.00689302116762799,-0.028459507567204,0.868230106136237,-0.162983465913491,2.33700248901571,0.211131512685666,FALSE,TRUE,0.650235071842803
"GSE89377","REACTOME_RRNA_MODIFICATION_IN_THE_NUCLEUS_AND_CYTOSOL","B_extra","eHCC",7,5,13,0.311835320048073,0.321229202452107,-0.324827109558585,-1.40915542986278,0.824817377869052,0.551820516022796,FALSE,TRUE,0.733725501372053
"GSE89377","REACTOME_TRNA_MODIFICATION_IN_THE_MITOCHONDRION","B_extra","eHCC",7,5,13,0.139496328208585,0.130371880159856,0.306140932308373,-0.589262103886498,1.23330845264933,0.526489958640987,FALSE,TRUE,0.733725501372053
"GSE89377","REACTOME_CARBOXYTERMINAL_POST_TRANSLATIONAL_MODIFICATIONS_OF_TUBULIN","C_v1","eHCC",7,5,13,0.0274301250505839,0.00465896126035284,0.606981359389312,-0.341858153382593,2.09102187994932,0.289956069167042,FALSE,TRUE,0.650235071842803
"GSE89377","HALLMARK_MYC_TARGETS_V1","C_v1","eHCC",7,5,13,0.443956311248804,0.435174673189388,0.652162460634987,-0.523637665173035,2.59128322874196,0.345051759228056,FALSE,TRUE,0.650235071842803
"GSE89377","REACTOME_REGULATION_OF_PD_L1_CD274_POST_TRANSLATIONAL_MODIFICATION","C_v1","eHCC",7,5,13,0.48216015715664,0.455273250139851,1.77780141332725,0.806854178780957,3.63970878943429,0.0516548828671198,TRUE,TRUE,0.489431466031426
"GSE89377","REACTOME_DENGUE_VIRUS_GENOME_TRANSLATION_AND_REPLICATION","C_v1","eHCC",7,5,13,0.528602594373462,0.506070536484535,2.03817792532963,0.583440902225696,6.22569414121299,0.0611789332539283,TRUE,TRUE,0.489431466031426
"GSE89377","REACTOME_RESPIRATORY_SYNCYTIAL_VIRUS_RSV_GENOME_REPLICATION_TRANSCRIPTION_AND_TRANSLATION","C_v1","eHCC",7,5,13,0.554909213705237,0.516184610774155,2.40210468898403,1.4854478609657,4.38404818210866,0.00205398639588104,TRUE,TRUE,0.0821594558352416
"GSE89377","HALLMARK_MYC_TARGETS_V2","C_v1","eHCC",7,5,13,0.22039451700707,0.235111643152165,-0.332867725542347,-1.3232574941656,0.585967446784839,0.481632631133871,FALSE,TRUE,0.713529823902031
"GSE89377","REACTOME_SARS_COV_2_MODULATES_HOST_TRANSLATION_MACHINERY","C_v1","eHCC",7,5,13,0.658262051191015,0.655088205338321,0.232521159411161,-0.653493717542492,1.16805697585903,0.612108283387881,FALSE,TRUE,0.741949434409553
"GSE89377","REACTOME_REGULATION_OF_CDH1_POSTTRANSLATIONAL_PROCESSING_AND_TRAFFICKING_TO_PLASMA_MEMBRANE","C_v1","eHCC",7,5,13,0.386034268033188,0.353794305326831,1.56355319215823,0.701374159104747,2.96844618764263,0.0311208458024567,TRUE,TRUE,0.414944610699423
"GSE89377","REACTOME_TRANSLATION_OF_SARS_COV_2_STRUCTURAL_PROTEINS","C_v1","eHCC",7,5,13,0.317742661393415,0.312192101485405,0.583027108826587,-0.416775015995642,1.85341244976842,0.313836976311909,FALSE,TRUE,0.650235071842803
"GSE89377","REACTOME_SARS_COV_1_MODULATES_HOST_TRANSLATION_MACHINERY","C_v1","eHCC",7,5,13,0.781042163045305,0.769583556500284,1.01684086425236,0.331436891939488,2.00822363024216,0.0308556995573384,TRUE,TRUE,0.414944610699423
"GSE89377","HALLMARK_MTORC1_SIGNALING","C_v1","eHCC",7,5,13,0.388518151073852,0.381190932495476,0.482826303398732,-0.64949140654013,2.19740993452658,0.443784241307133,FALSE,TRUE,0.703022695200386
"GSE89377","REACTOME_TRANSLATION_OF_REPLICASE_AND_ASSEMBLY_OF_THE_REPLICATION_TRANSCRIPTION_COMPLEX","C_v1","eHCC",7,5,13,0.0816445096000927,0.102317517746703,-0.812811659922019,-1.96656045881094,0.332377056609695,0.288038846465629,FALSE,TRUE,0.650235071842803
"GSE89377","REACTOME_REGULATION_OF_CDH1_MRNA_TRANSLATION_BY_MICRORNAS","C_v1","eHCC",7,5,13,0.132782233985006,0.162822077608901,-0.966067671083593,-2.24074622754268,0.0886626438911066,0.195142866470711,FALSE,TRUE,0.650235071842803
"GSE89377","REACTOME_POST_TRANSLATIONAL_MODIFICATION_SYNTHESIS_OF_GPI_ANCHORED_PROTEINS","C_v1","eHCC",7,5,13,0.053357588976067,0.049403997902684,0.172941773899987,-0.89423857070798,1.16044623394264,0.741184835836823,FALSE,FALSE,0.830307186639144
"GSE89377","REACTOME_TRANSCRIPTIONAL_AND_POST_TRANSLATIONAL_REGULATION_OF_MITF_M_EXPRESSION_AND_ACTIVITY","C_v1","eHCC",7,5,13,0.202495314992651,0.215599602069442,-0.403554880323969,-2.11285883365304,0.776334001005408,0.454955022753445,FALSE,TRUE,0.703022695200386
"GSE89377","REACTOME_REGULATION_OF_CDH11_MRNA_TRANSLATION_BY_MICRORNAS","C_v1","eHCC",7,5,13,-0.0445596554701706,-0.048056416132001,0.140002995255444,-0.909383146059629,1.19082282027697,0.78595810556499,FALSE,FALSE,0.849684438448638
"GSE89377","REACTOME_TRANSLATION_OF_SARS_COV_1_STRUCTURAL_PROTEINS","C_v1","eHCC",7,5,13,0.293319356617361,0.285221591778421,0.52994436733755,-0.172021464337346,1.53719972256359,0.157934819271709,FALSE,TRUE,0.650235071842803
"GSE89377","REACTOME_REGULATION_OF_PTEN_MRNA_TRANSLATION","C_v1","eHCC",7,5,13,0.0926264893355162,0.098456669146555,-0.212959967646027,-1.47375848067065,0.923073641952484,0.717565638463471,FALSE,TRUE,0.830307186639144
"GSE89377","REACTOME_REGULATION_OF_NPAS4_MRNA_TRANSLATION","C_v1","eHCC",7,5,13,-0.0120283896906931,-0.010044865371804,-0.0595321566099314,-1.31211485742215,1.00417625965589,0.914526361833133,FALSE,FALSE,0.935238432671614
"GSE89377","REACTOME_REGULATION_OF_PD_L1_CD274_TRANSLATION","C_v1","eHCC",7,5,13,-0.0120283896906931,-0.010044865371804,-0.0595321566099314,-1.31211485742215,1.00417625965589,0.914526361833133,FALSE,FALSE,0.935238432671614
"GSE89377","KEGG_RIBOSOME","A","HCC",8,35,13,0.720640839653663,0.709813287612309,0.472968265923061,0.0208196100691621,1.0019423798823,0.0523267172454854,TRUE,TRUE,0.0996699376104484
"GSE89377","KEGG_AMINOACYL_TRNA_BIOSYNTHESIS","A","HCC",8,35,13,0.064726011209497,0.0535930045761796,0.216305336169117,-0.298524289791936,0.77843667287615,0.435979780811553,FALSE,TRUE,0.562554555885875
"GSE89377","REACTOME_TRANSLATION","A","HCC",8,35,13,0.524384285479322,0.510512429355691,0.659250746107818,0.193400520522392,1.22902342334681,0.00856855930056867,TRUE,TRUE,0.0228494914681831
"GSE89377","REACTOME_EUKARYOTIC_TRANSLATION_INITIATION","A","HCC",8,35,13,0.666594584804893,0.654096472089731,0.582621572305587,0.113601521052153,1.15151145109611,0.0207241457259054,TRUE,TRUE,0.0436297804755904
"GSE89377","REACTOME_EUKARYOTIC_TRANSLATION_ELONGATION","A","HCC",8,35,13,0.713321339480815,0.699409265201216,0.625654134516841,0.148317648528308,1.22441220304182,0.0125658314847231,TRUE,TRUE,0.0314145787118078
"GSE89377","REACTOME_TRNA_AMINOACYLATION","A","HCC",8,35,13,0.212472858224377,0.192235593397246,0.474543857939592,0.0260747704521534,0.990947466519745,0.0575115871948291,TRUE,TRUE,0.104566522172417
"GSE89377","REACTOME_CYTOSOLIC_TRNA_AMINOACYLATION","A","HCC",8,35,13,0.500784065398275,0.474287933881454,0.630039927773506,0.210919163755125,1.12537690964889,0.00612108831194394,TRUE,TRUE,0.0184927054735113
"GSE89377","REACTOME_RRNA_PROCESSING","A","HCC",8,35,13,0.457944597896803,0.446549765839384,0.458352921222675,-0.0270151509790512,0.923513388441919,0.069742637226971,FALSE,TRUE,0.117252748086307
"GSE89377","REACTOME_SRP_DEPENDENT_COTRANSLATIONAL_PROTEIN_TARGETING_TO_MEMBRANE","A","HCC",8,35,13,0.680775665509838,0.664622718296142,0.806554772963217,0.339328478734473,1.38219050500817,0.00167547058526199,TRUE,TRUE,0.00744653593449772
"GSE89377","REACTOME_RIBOSOME_ASSOCIATED_QUALITY_CONTROL","A","HCC",8,35,13,0.632492207856512,0.614294430420696,0.930777741960723,0.461393158293711,1.55766975366138,0.000433643369735839,TRUE,TRUE,0.00247796211277622
"GSE89377","REACTOME_RIBOSOME_QUALITY_CONTROL_RQC_COMPLEX_EXTRACTS_AND_DEGRADES_NASCENT_PEPTIDE","A","HCC",8,35,13,0.578932932980469,0.560363734264034,0.858602975700851,0.402737152377315,1.42173958530179,0.000682241773588225,TRUE,TRUE,0.00341120886794113
"GSE89377","REACTOME_MITOCHONDRIAL_TRANSLATION","A","HCC",8,35,13,0.376535063575252,0.367867426158049,0.215619660633179,-0.27922055249788,0.78875280843069,0.420187316249431,FALSE,TRUE,0.560249754999241
"GSE89377","REACTOME_MITOCHONDRIAL_TRANSLATION_ELONGATION","A","HCC",8,35,13,0.383492527242275,0.372862588275281,0.252766539829554,-0.243421736190301,0.833399318563848,0.342720168046049,FALSE,TRUE,0.472717473166965
"GSE89377","REACTOME_MITOCHONDRIAL_TRNA_AMINOACYLATION","A","HCC",8,35,13,0.118004667682302,0.100592162673064,0.347460197101329,-0.133114374663518,0.897731726662468,0.193184712710995,FALSE,TRUE,0.286199574386659
"GSE89377","REACTOME_RRNA_PROCESSING_IN_THE_MITOCHONDRION","A","HCC",8,35,13,0.0455633862183905,0.0521356461567265,-0.128350123183027,-0.736833941371049,0.489007461000567,0.673205431681298,FALSE,FALSE,0.748006035201442
"GSE89377","REACTOME_TRNA_PROCESSING","B_extra","HCC",8,35,13,0.0693817897564703,0.0282056638533906,0.926377309427707,0.559761559340615,1.35187963031113,6.47685494208413e-05,TRUE,TRUE,0.000518148395366731
"GSE89377","REACTOME_TRNA_PROCESSING_IN_THE_NUCLEUS","B_extra","HCC",8,35,13,0.120275573585664,0.0609348600318006,1.07005523918541,0.750681705573842,1.49434565014978,5.20065378106486e-06,TRUE,TRUE,6.93420504141982e-05
"GSE89377","REACTOME_TRNA_MODIFICATION_IN_THE_NUCLEUS_AND_CYTOSOL","B_extra","HCC",8,35,13,-0.00331007460028295,-0.028459507567204,0.694453432083026,0.22661118558918,1.18826431796694,0.00647244691572894,TRUE,TRUE,0.0184927054735113
"GSE89377","REACTOME_RRNA_MODIFICATION_IN_THE_NUCLEUS_AND_CYTOSOL","B_extra","HCC",8,35,13,0.327537572122006,0.321229202452107,0.20542732444313,-0.395358744625182,0.771279513960203,0.49769105621143,FALSE,TRUE,0.622113820264288
"GSE89377","REACTOME_TRNA_MODIFICATION_IN_THE_MITOCHONDRION","B_extra","HCC",8,35,13,0.126606206913245,0.130371880159856,-0.0834228423224428,-0.633556437217399,0.387413941350201,0.746985484574623,FALSE,FALSE,0.807551875215809
"GSE89377","REACTOME_CARBOXYTERMINAL_POST_TRANSLATIONAL_MODIFICATIONS_OF_TUBULIN","C_v1","HCC",8,35,13,0.0729774262915995,0.00465896126035284,1.25884875444054,0.773588509793437,1.87156856870034,1.70395211766543e-05,TRUE,TRUE,0.000170395211766543
"GSE89377","HALLMARK_MYC_TARGETS_V1","C_v1","HCC",8,35,13,0.473809016857403,0.435174673189388,1.08560657734904,0.697728516979393,1.61128526649881,4.92039414180493e-06,TRUE,TRUE,6.93420504141982e-05
"GSE89377","REACTOME_REGULATION_OF_PD_L1_CD274_POST_TRANSLATIONAL_MODIFICATION","C_v1","HCC",8,35,13,0.467928746570644,0.455273250139851,0.551207440510251,0.0873013354344279,1.09858614435699,0.019203644247601,TRUE,TRUE,0.042674764994669
"GSE89377","REACTOME_DENGUE_VIRUS_GENOME_TRANSLATION_AND_REPLICATION","C_v1","HCC",8,35,13,0.517997632636933,0.506070536484535,0.804498551157247,0.394102144503434,1.33180469936525,0.000370151325777885,TRUE,TRUE,0.0024676755051859
"GSE89377","REACTOME_RESPIRATORY_SYNCYTIAL_VIRUS_RSV_GENOME_REPLICATION_TRANSCRIPTION_AND_TRANSLATION","C_v1","HCC",8,35,13,0.553330329992314,0.516184610774155,1.51225263884638,0.948356706279598,2.39296934029415,5.58528836489779e-07,TRUE,TRUE,2.23411534595912e-05
"GSE89377","HALLMARK_MYC_TARGETS_V2","C_v1","HCC",8,35,13,0.238400718390439,0.235111643152165,0.0639018306737105,-0.534684652864341,0.630144008018416,0.829631493782209,FALSE,FALSE,0.87329630924443
"GSE89377","REACTOME_SARS_COV_2_MODULATES_HOST_TRANSLATION_MACHINERY","C_v1","HCC",8,35,13,0.671787873207131,0.655088205338321,0.858198581056484,0.332180797972861,1.4845010335629,0.0028313083307972,TRUE,TRUE,0.0110128959780591
"GSE89377","REACTOME_REGULATION_OF_CDH1_POSTTRANSLATIONAL_PROCESSING_AND_TRAFFICKING_TO_PLASMA_MEMBRANE","C_v1","HCC",8,35,13,0.375412577664841,0.353794305326831,0.87890660539866,0.392227960518757,1.42955333256938,0.00302854639396626,TRUE,TRUE,0.0110128959780591
"GSE89377","REACTOME_TRANSLATION_OF_SARS_COV_2_STRUCTURAL_PROTEINS","C_v1","HCC",8,35,13,0.314848625760835,0.312192101485405,0.124771856717499,-0.330380140547353,0.538888068821364,0.574345167813097,FALSE,FALSE,0.675700197427173
"GSE89377","REACTOME_SARS_COV_1_MODULATES_HOST_TRANSLATION_MACHINERY","C_v1","HCC",8,35,13,0.782803480277442,0.769583556500284,0.756101238547716,0.219956676151055,1.49105758192769,0.00601808875149048,TRUE,TRUE,0.0184927054735113
"GSE89377","HALLMARK_MTORC1_SIGNALING","C_v1","HCC",8,35,13,0.385035266568468,0.381190932495476,0.142378074930565,-0.293203718285138,0.638905979615825,0.538665129132651,FALSE,FALSE,0.652927429251698
"GSE89377","REACTOME_TRANSLATION_OF_REPLICASE_AND_ASSEMBLY_OF_THE_REPLICATION_TRANSCRIPTION_COMPLEX","C_v1","HCC",8,35,13,0.0885745443445593,0.102317517746703,-0.39681067974312,-0.893494624518,0.0490034209092279,0.0995258738874169,FALSE,TRUE,0.153116729057564
"GSE89377","REACTOME_REGULATION_OF_CDH1_MRNA_TRANSLATION_BY_MICRORNAS","C_v1","HCC",8,35,13,0.136499452233788,0.162822077608901,-0.504180719967432,-1.00960016854606,-0.0594728614595909,0.0311085749283449,TRUE,TRUE,0.0622171498566898
"GSE89377","REACTOME_POST_TRANSLATIONAL_MODIFICATION_SYNTHESIS_OF_GPI_ANCHORED_PROTEINS","C_v1","HCC",8,35,13,0.0530067430727417,0.049403997902684,0.138484856397066,-0.404316084643922,0.749406825594489,0.63659448078657,FALSE,FALSE,0.727536549470365
"GSE89377","REACTOME_TRANSCRIPTIONAL_AND_POST_TRANSLATIONAL_REGULATION_OF_MITF_M_EXPRESSION_AND_ACTIVITY","C_v1","HCC",8,35,13,0.214689698425978,0.215599602069442,-0.0293985962489681,-0.673883185525601,0.562637363519692,0.927799617672525,FALSE,FALSE,0.951589351459
"GSE89377","REACTOME_REGULATION_OF_CDH11_MRNA_TRANSLATION_BY_MICRORNAS","C_v1","HCC",8,35,13,-0.0200124361528087,-0.048056416132001,0.593310212236153,0.163235641008689,1.08450442355648,0.0146330148360953,TRUE,TRUE,0.0344306231437536
"GSE89377","REACTOME_TRANSLATION_OF_SARS_COV_1_STRUCTURAL_PROTEINS","C_v1","HCC",8,35,13,0.285369952836447,0.285221591778421,0.00517548958587349,-0.4757023957391,0.5095928614462,0.983120526007257,FALSE,FALSE,0.983120526007257
"GSE89377","REACTOME_REGULATION_OF_PTEN_MRNA_TRANSLATION","C_v1","HCC",8,35,13,0.111374375038448,0.098456669146555,0.276730049618303,-0.140911343924873,0.757761029040834,0.246289414918555,FALSE,TRUE,0.351842021312222
"GSE89377","REACTOME_REGULATION_OF_NPAS4_MRNA_TRANSLATION","C_v1","HCC",8,35,13,0.0140392461467359,-0.010044865371804,0.446007312736145,0.0111246210871319,0.959579286620537,0.073282967553942,TRUE,TRUE,0.117252748086307
"GSE89377","REACTOME_REGULATION_OF_PD_L1_CD274_TRANSLATION","C_v1","HCC",8,35,13,0.0140392461467359,-0.010044865371804,0.446007312736145,0.0111246210871319,0.959579286620537,0.073282967553942,TRUE,TRUE,0.117252748086307
