"set","tier","CH_low","CH_high","Cirrhosis","DN_low","DN_high","eHCC","HCC","cirrhosis_same_direction_as_HCC","cirrhosis_magnitude_ratio"
"KEGG_RIBOSOME","A",0.607683038009461,1.40093115423023,2.0264139639551,1.06910083273498,0.153163680235871,0.195527240624446,0.472968265923061,TRUE,4.28
"KEGG_AMINOACYL_TRNA_BIOSYNTHESIS","A",0.33829584109152,0.158341161692102,-0.745512141571783,0.283482562317527,1.05614131586754,0.593710421937063,0.216305336169117,FALSE,3.45
"REACTOME_TRANSLATION","A",0.793778982991214,1.41049033339983,1.0476543040235,1.27149328654981,1.24496590283284,1.04718220529498,0.659250746107818,TRUE,1.59
"REACTOME_EUKARYOTIC_TRANSLATION_INITIATION","A",0.622844492768043,1.54568735015273,1.86977577512369,1.16595857932245,0.386971779086612,0.317594190361173,0.582621572305587,TRUE,3.21
"REACTOME_EUKARYOTIC_TRANSLATION_ELONGATION","A",0.548241957572352,1.32862681036529,1.98352982037913,1.06671926854064,0.226746642332126,0.344853832810931,0.625654134516841,TRUE,3.17
"REACTOME_TRNA_AMINOACYLATION","A",0.524475538110296,0.490634631280163,-0.603122891841579,0.462202690799004,1.31648836704921,0.645030062674367,0.474543857939592,FALSE,1.27
"REACTOME_CYTOSOLIC_TRNA_AMINOACYLATION","A",0.874755035629653,1.59947965852093,0.95963850414973,0.522685242630626,1.4572525027356,0.466723005806248,0.630039927773506,TRUE,1.52
"REACTOME_RRNA_PROCESSING","A",0.262993782509354,1.28451518197913,0.499414518287095,0.100863020545628,0.291761602253274,-0.0514353858316709,0.458352921222675,TRUE,1.09
"REACTOME_SRP_DEPENDENT_COTRANSLATIONAL_PROTEIN_TARGETING_TO_MEMBRANE","A",0.722490602747143,1.57010835236207,2.13519685430758,1.32323645462754,0.456990533403598,0.633806241375188,0.806554772963217,TRUE,2.65
"REACTOME_RIBOSOME_ASSOCIATED_QUALITY_CONTROL","A",0.578387937986358,1.48706902267767,1.75903710727563,1.10585561577815,0.736414207840904,1.0250226275963,0.930777741960723,TRUE,1.89
"REACTOME_RIBOSOME_QUALITY_CONTROL_RQC_COMPLEX_EXTRACTS_AND_DEGRADES_NASCENT_PEPTIDE","A",0.48907946453913,1.35199611188268,1.58658263162774,0.936145949742632,0.553504475559894,0.820981637437335,0.858602975700851,TRUE,1.85
"REACTOME_MITOCHONDRIAL_TRANSLATION","A",0.596235986903779,0.841385801193928,0.333009118074935,0.907456102219941,1.06446632237523,0.66263609800669,0.215619660633179,TRUE,1.54
"REACTOME_MITOCHONDRIAL_TRANSLATION_ELONGATION","A",0.587218783482868,0.851708069269861,0.411600396940184,0.941492786486795,1.06689309014372,0.710268602191981,0.252766539829554,TRUE,1.63
"REACTOME_MITOCHONDRIAL_TRNA_AMINOACYLATION","A",0.348188712700818,0.0975615011197167,-0.850083045971606,0.318476789257514,0.981891920217132,0.567310413755269,0.347460197101329,FALSE,2.45
"REACTOME_RRNA_PROCESSING_IN_THE_MITOCHONDRION","A",0.490919274961492,0.569215675492266,-0.124692978123006,0.444501579860978,1.33380280511947,0.403413846131624,-0.128350123183027,TRUE,0.97
"REACTOME_TRNA_PROCESSING","B_extra",0.816649048493589,0.752759953303885,-0.666111737477443,-0.0402629047982209,1.42000529434661,0.9235528820044,0.926377309427707,FALSE,0.72
"REACTOME_TRNA_PROCESSING_IN_THE_NUCLEUS","B_extra",0.649757948683548,0.454595825677896,-0.267130841627641,-0.505216241328513,1.01626892998471,0.757440016709028,1.07005523918541,FALSE,0.25
"REACTOME_TRNA_MODIFICATION_IN_THE_NUCLEUS_AND_CYTOSOL","B_extra",0.535896092729929,0.798930601995475,-0.786306334780128,0.138223789459298,0.991696579845293,0.868230106136237,0.694453432083026,FALSE,1.13
"REACTOME_RRNA_MODIFICATION_IN_THE_NUCLEUS_AND_CYTOSOL","B_extra",-0.0726661393804913,0.746072393978936,-0.709551307591193,-0.347648075177026,-0.0689658756385965,-0.324827109558585,0.20542732444313,FALSE,3.45
"REACTOME_TRNA_MODIFICATION_IN_THE_MITOCHONDRION","B_extra",0.823885267159863,0.914125562277274,-0.838456105702999,0.864391792799837,1.11438952780417,0.306140932308373,-0.0834228423224428,TRUE,10.05
"REACTOME_CARBOXYTERMINAL_POST_TRANSLATIONAL_MODIFICATIONS_OF_TUBULIN","C_v1",-0.527817048018925,0.468792828704989,0.457936635123048,0.831359350991898,0.7157393300129,0.606981359389312,1.25884875444054,TRUE,0.36
"HALLMARK_MYC_TARGETS_V1","C_v1",0.654609804193873,1.26198265763091,0.834932726028591,0.216580985649377,0.732070627365484,0.652162460634987,1.08560657734904,TRUE,0.77
"REACTOME_REGULATION_OF_PD_L1_CD274_POST_TRANSLATIONAL_MODIFICATION","C_v1",0.733294012751137,0.867206946112846,0.761669456912252,0.799085716479135,1.31303326811614,1.77780141332725,0.551207440510251,TRUE,1.38
"REACTOME_DENGUE_VIRUS_GENOME_TRANSLATION_AND_REPLICATION","C_v1",0.473468089281422,0.939778139084606,0.748145998229332,1.37666301229207,1.99553671218348,2.03817792532963,0.804498551157247,TRUE,0.93
"REACTOME_RESPIRATORY_SYNCYTIAL_VIRUS_RSV_GENOME_REPLICATION_TRANSCRIPTION_AND_TRANSLATION","C_v1",1.07470838632179,1.25044278122749,2.44712654527026,1.44164898622074,1.28146373351928,2.40210468898403,1.51225263884638,TRUE,1.62
"HALLMARK_MYC_TARGETS_V2","C_v1",-0.152686241507763,0.353705785890718,-0.957585817024582,-0.557782073999476,0.0735214081925314,-0.332867725542347,0.0639018306737105,FALSE,14.99
"REACTOME_SARS_COV_2_MODULATES_HOST_TRANSLATION_MACHINERY","C_v1",0.68152605701311,0.557576327613333,1.36094320194081,0.274927827797186,0.192141647811641,0.232521159411161,0.858198581056484,TRUE,1.59
"REACTOME_REGULATION_OF_CDH1_POSTTRANSLATIONAL_PROCESSING_AND_TRAFFICKING_TO_PLASMA_MEMBRANE","C_v1",0.530480314353096,0.712297187990104,0.777371745171777,1.61358400160736,1.12891615420577,1.56355319215823,0.87890660539866,TRUE,0.88
"REACTOME_TRANSLATION_OF_SARS_COV_2_STRUCTURAL_PROTEINS","C_v1",-0.714790381820567,-0.233540442217068,-1.17483003624521,0.138117060015319,0.767181617721179,0.583027108826587,0.124771856717499,FALSE,9.42
"REACTOME_SARS_COV_1_MODULATES_HOST_TRANSLATION_MACHINERY","C_v1",0.699319426426012,0.983069518134789,1.77285840421194,1.04648587285165,0.633955412520609,1.01684086425236,0.756101238547716,TRUE,2.34
"HALLMARK_MTORC1_SIGNALING","C_v1",0.106073226723848,0.757260409061205,0.21830687829966,0.341764084499552,0.183086953248675,0.482826303398732,0.142378074930565,TRUE,1.53
"REACTOME_TRANSLATION_OF_REPLICASE_AND_ASSEMBLY_OF_THE_REPLICATION_TRANSCRIPTION_COMPLEX","C_v1",-0.747642441928631,-0.156331064019398,0.531385475914328,-0.160385110697749,-0.590890001673722,-0.812811659922019,-0.39681067974312,FALSE,1.34
"REACTOME_REGULATION_OF_CDH1_MRNA_TRANSLATION_BY_MICRORNAS","C_v1",-0.47837850727272,-1.3393472494307,-1.69350456286855,-0.745765064198971,-0.558388921637717,-0.966067671083593,-0.504180719967432,TRUE,3.36
"REACTOME_POST_TRANSLATIONAL_MODIFICATION_SYNTHESIS_OF_GPI_ANCHORED_PROTEINS","C_v1",0.603281685576236,-0.544512776498746,0.480494881809029,0.702505905328271,-0.201568589095758,0.172941773899987,0.138484856397066,TRUE,3.47
"REACTOME_TRANSCRIPTIONAL_AND_POST_TRANSLATIONAL_REGULATION_OF_MITF_M_EXPRESSION_AND_ACTIVITY","C_v1",-0.0678349276980791,-0.0675479880601546,0.714435054702416,-0.449239887443253,-0.5026247535405,-0.403554880323969,-0.0293985962489681,FALSE,24.3
"REACTOME_REGULATION_OF_CDH11_MRNA_TRANSLATION_BY_MICRORNAS","C_v1",-1.19300154273295,-1.53442060073575,-1.32810401054618,-0.448134368194584,-0.249917869978718,0.140002995255444,0.593310212236153,FALSE,2.24
"REACTOME_TRANSLATION_OF_SARS_COV_1_STRUCTURAL_PROTEINS","C_v1",-0.606477535745328,-0.760824950132303,-1.27561564571177,-0.228229651848853,0.744427454008462,0.52994436733755,0.00517548958587349,FALSE,246.47
"REACTOME_REGULATION_OF_PTEN_MRNA_TRANSLATION","C_v1",-0.827746052599884,-1.6225221598838,-1.76490048942329,-0.443587070447983,-0.219919607431798,-0.212959967646027,0.276730049618303,FALSE,6.38
"REACTOME_REGULATION_OF_NPAS4_MRNA_TRANSLATION","C_v1",-0.783200986252003,-1.52605496227584,-1.74257033395657,-0.387122556109307,0.000512751877245395,-0.0595321566099314,0.446007312736145,FALSE,3.91
"REACTOME_REGULATION_OF_PD_L1_CD274_TRANSLATION","C_v1",-0.783200986252003,-1.52605496227584,-1.74257033395657,-0.387122556109307,0.000512751877245395,-0.0595321566099314,0.446007312736145,FALSE,3.91
