"disease","module","n_genes","power","pct_of_genes"
"HF","grey",2210,14,21.6
"HF","turquoise",2132,14,20.9
"HF","blue",1525,14,14.9
"HF","brown",1516,14,14.8
"HF","yellow",496,14,4.9
"HF","green",425,14,4.2
"HF","red",189,14,1.9
"HF","black",184,14,1.8
"HF","pink",173,14,1.7
"HF","magenta",167,14,1.6
"HF","purple",153,14,1.5
"HF","greenyellow",150,14,1.5
"HF","tan",146,14,1.4
"HF","salmon",105,14,1
"HF","cyan",103,14,1
"HF","midnightblue",93,14,0.9
"HF","lightcyan",73,14,0.7
"HF","grey60",70,14,0.7
"HF","lightgreen",70,14,0.7
"HF","lightyellow",58,14,0.6
"HF","royalblue",52,14,0.5
"HF","darkred",43,14,0.4
"HF","darkgreen",41,14,0.4
"HF","darkturquoise",39,14,0.4
"HCC","turquoise",3771,14,36.9
"HCC","blue",1948,14,19.1
"HCC","grey",1445,14,14.1
"HCC","brown",389,14,3.8
"HCC","yellow",347,14,3.4
"HCC","green",323,14,3.2
"HCC","red",302,14,3
"HCC","black",255,14,2.5
"HCC","pink",254,14,2.5
"HCC","magenta",146,14,1.4
"HCC","purple",145,14,1.4
"HCC","greenyellow",130,14,1.3
"HCC","tan",117,14,1.1
"HCC","salmon",110,14,1.1
"HCC","cyan",99,14,1
"HCC","midnightblue",96,14,0.9
"HCC","lightcyan",90,14,0.9
"HCC","grey60",78,14,0.8
"HCC","lightgreen",68,14,0.7
"HCC","lightyellow",57,14,0.6
"HCC","royalblue",43,14,0.4
