"cohort","disease","score","n_disease","n_control","mean_disease","mean_control","hedges_g","p","p_fdr"
"GSE57338","HF","TCS",177,136,-0.162823937066865,0.211910565153199,-0.569198625336412,1.98965598255812e-06,2.98448397383718e-06
"GSE57338","HF","ME_HF_weighted",177,136,-0.14820358771077,0.192882610476517,-0.55257015980151,3.90536053322634e-06,3.90536053322634e-06
"GSE57338","HF","ME_HCC_weighted",177,136,-0.108788259886549,0.141584720587642,-0.661149566898149,1.68427302591378e-08,5.05281907774133e-08
"TCGA_LIHC","HCC","TCS",371,50,0.0813814485706073,-0.603850348393904,0.871590687444095,7.33078590881559e-15,7.33078590881559e-15
"TCGA_LIHC","HCC","ME_HF_weighted",371,50,0.104199616160436,-0.773161151910433,1.35593849860678,1.00252768899791e-16,1.50379153349686e-16
"TCGA_LIHC","HCC","ME_HCC_weighted",371,50,0.110165712840022,-0.817429589272959,1.43285727158456,2.13373728075175e-17,6.40121184225525e-17
"GSE116250","HF","TCS",50,14,-0.02299943689078,0.0821408460384985,-0.160467407168268,0.637764164791512,0.970664778598149
"GSE116250","HF","ME_HF_weighted",50,14,0.0209117075852362,-0.0746846699472721,0.154140197590325,0.705889706783482,0.970664778598149
"GSE116250","HF","ME_HCC_weighted",50,14,-0.00162181158035339,0.00579218421554794,-0.0157270100915553,0.970664778598149,0.970664778598149
"GSE14520_GPL3921","HCC","TCS",225,220,0.514751351937822,-0.526450246300045,2.04273553994236,8.1060688607739e-69,1.21591032911609e-68
"GSE14520_GPL3921","HCC","ME_HF_weighted",225,220,0.383661881009042,-0.392381469213793,1.60365473586269,4.98766942834758e-50,4.98766942834758e-50
"GSE14520_GPL3921","HCC","ME_HCC_weighted",225,220,0.399575321783052,-0.408656579096303,2.04398455768669,3.72951555667856e-71,1.11885466700357e-70
"GSE14520_GPL571","HCC","TCS",22,19,0.35561501172624,-0.411764750419858,1.10054870993705,0.00084819460537904,0.00084819460537904
"GSE14520_GPL571","HCC","ME_HF_weighted",22,19,0.319284907171629,-0.369698313567149,1.36264159221106,7.42291689122541e-05,0.000111343753368381
"GSE14520_GPL571","HCC","ME_HCC_weighted",22,19,0.303232513641592,-0.351111331585002,1.52103684683267,1.32393004744101e-05,3.97179014232302e-05
"GSE76427","HCC","TCS",115,52,0.312108365854122,-0.690239655254307,1.51198320759433,1.88835631341341e-13,1.88835631341341e-13
"GSE76427","HCC","ME_HF_weighted",115,52,0.192171000802984,-0.424993559468139,1.76504699907452,1.20925861900661e-20,1.81388792850992e-20
"GSE76427","HCC","ME_HCC_weighted",115,52,0.162762480181926,-0.35995548501772,1.88573765458937,1.81973622562117e-23,5.45920867686352e-23
"GSE141910","HF","TCS",200,166,0.0473079710993983,-0.0569975555414436,0.127775072337843,0.217838168010071,0.653514504030213
"GSE141910","HF","ME_HF_weighted",200,166,0.0284326657856406,-0.0342562238381212,0.078680969036741,0.452855544037415,0.679283316056122
"GSE141910","HF","ME_HCC_weighted",200,166,-7.63246540988455e-05,9.1957414576971e-05,-0.000208010992042774,0.998403744790783,0.998403744790783
