"disease","power","fit","chosen_own","chosen_common"
"HF",1,-0.325429559542125,FALSE,FALSE
"HF",2,-0.133338597078542,FALSE,FALSE
"HF",3,-0.00948149551546301,FALSE,FALSE
"HF",4,0.0662636408014525,FALSE,FALSE
"HF",5,0.313696896469848,FALSE,FALSE
"HF",6,0.480607586305313,FALSE,FALSE
"HF",7,0.601575461197044,FALSE,FALSE
"HF",8,0.700217209313707,FALSE,FALSE
"HF",9,0.754824255709144,FALSE,FALSE
"HF",10,0.798280175438455,FALSE,FALSE
"HF",12,0.844344350691082,FALSE,FALSE
"HF",14,0.860677096121199,TRUE,TRUE
"HF",16,0.877416703245452,FALSE,FALSE
"HF",18,0.885245760894409,FALSE,FALSE
"HF",20,0.882768663970007,FALSE,FALSE
"HCC",1,-0.867792027997112,FALSE,FALSE
"HCC",2,0.562213691144849,FALSE,FALSE
"HCC",3,0.736042817232199,FALSE,FALSE
"HCC",4,0.781277437071167,FALSE,FALSE
"HCC",5,0.789829456046447,TRUE,FALSE
"HCC",6,0.761797363411961,FALSE,FALSE
"HCC",7,0.760641325836519,FALSE,FALSE
"HCC",8,0.75500584329084,FALSE,FALSE
"HCC",9,0.753864385914689,FALSE,FALSE
"HCC",10,0.755506730249349,FALSE,FALSE
"HCC",12,0.777690457202085,FALSE,FALSE
"HCC",14,0.778345473303106,FALSE,TRUE
"HCC",16,0.772807538683078,FALSE,FALSE
"HCC",18,0.778384222199685,FALSE,FALSE
"HCC",20,0.787498400408243,FALSE,FALSE
