"disease","set","tier","n_cohorts","Q","p_Q","I2_pct","g_pooled","se_pooled","cohorts"
"HCC","REACTOME_TRNA_PROCESSING_IN_THE_NUCLEUS","B_extra",4,67.6815860058063,1.33839983904526e-14,95.6,2.25498167236027,0.434420489754457,"TCGA_LIHC; GSE14520_GPL3921; GSE14520_GPL571; GSE76427"
"HCC","REACTOME_TRNA_PROCESSING","B_extra",4,59.9140943533453,6.13196363023946e-13,95,2.09857217723576,0.410438622355299,"TCGA_LIHC; GSE14520_GPL3921; GSE14520_GPL571; GSE76427"
"HCC","HALLMARK_MYC_TARGETS_V1","C_v1",4,71.9672729814508,1.61780586531552e-15,95.8,2.06517602675177,0.40622348061967,"TCGA_LIHC; GSE14520_GPL3921; GSE14520_GPL571; GSE76427"
"HCC","REACTOME_RESPIRATORY_SYNCYTIAL_VIRUS_RSV_GENOME_REPLICATION_TRANSCRIPTION_AND_TRANSLATION","C_v1",4,15.867696216644,0.00120705114993427,81.1,1.66228280561211,0.201340249663885,"TCGA_LIHC; GSE14520_GPL3921; GSE14520_GPL571; GSE76427"
"HCC","REACTOME_DENGUE_VIRUS_GENOME_TRANSLATION_AND_REPLICATION","C_v1",4,25.0008981513441,1.54338232344036e-05,88,1.62738733268798,0.287887702912112,"TCGA_LIHC; GSE14520_GPL3921; GSE14520_GPL571; GSE76427"
"HCC","REACTOME_RIBOSOME_QUALITY_CONTROL_RQC_COMPLEX_EXTRACTS_AND_DEGRADES_NASCENT_PEPTIDE","A",4,51.8305780101623,3.25473139586255e-11,94.2,1.6176521484633,0.39371098549325,"TCGA_LIHC; GSE14520_GPL3921; GSE14520_GPL571; GSE76427"
"HCC","REACTOME_RIBOSOME_ASSOCIATED_QUALITY_CONTROL","A",4,49.8042184285988,8.79419126347238e-11,94,1.48458755701328,0.386196395714235,"TCGA_LIHC; GSE14520_GPL3921; GSE14520_GPL571; GSE76427"
"HCC","REACTOME_TRANSLATION","A",4,103.159605096904,3.25103487536058e-22,97.1,1.4719638676109,0.50560200767187,"TCGA_LIHC; GSE14520_GPL3921; GSE14520_GPL571; GSE76427"
"HCC","REACTOME_REGULATION_OF_PD_L1_CD274_POST_TRANSLATIONAL_MODIFICATION","C_v1",4,31.9363506880769,5.39763077517894e-07,90.6,1.46309879076504,0.288759412733351,"TCGA_LIHC; GSE14520_GPL3921; GSE14520_GPL571; GSE76427"
"HCC","REACTOME_SARS_COV_2_MODULATES_HOST_TRANSLATION_MACHINERY","C_v1",4,78.0418156906077,8.07235900454388e-17,96.2,1.45107928012758,0.434812934953061,"TCGA_LIHC; GSE14520_GPL3921; GSE14520_GPL571; GSE76427"
"HCC","REACTOME_CARBOXYTERMINAL_POST_TRANSLATIONAL_MODIFICATIONS_OF_TUBULIN","C_v1",4,21.276378323064,9.22396964142584e-05,85.9,1.37736614030626,0.217107620313184,"TCGA_LIHC; GSE14520_GPL3921; GSE14520_GPL571; GSE76427"
"HCC","REACTOME_SRP_DEPENDENT_COTRANSLATIONAL_PROTEIN_TARGETING_TO_MEMBRANE","A",4,29.0248146464868,2.21270211213397e-06,89.7,1.29811983441362,0.294640656945416,"TCGA_LIHC; GSE14520_GPL3921; GSE14520_GPL571; GSE76427"
"HCC","REACTOME_RRNA_PROCESSING","A",4,36.6092103031893,5.56618225844355e-08,91.8,1.26399102189945,0.248147162707876,"TCGA_LIHC; GSE14520_GPL3921; GSE14520_GPL571; GSE76427"
"HCC","REACTOME_TRNA_AMINOACYLATION","A",4,5.95673080169968,0.113734447520264,49.6,1.24743039563249,0.106355228877816,"TCGA_LIHC; GSE14520_GPL3921; GSE14520_GPL571; GSE76427"
"HCC","REACTOME_TRNA_MODIFICATION_IN_THE_NUCLEUS_AND_CYTOSOL","B_extra",4,20.7131676623553,0.000120748155702805,85.5,1.21292964571687,0.215384044800479,"TCGA_LIHC; GSE14520_GPL3921; GSE14520_GPL571; GSE76427"
"HCC","REACTOME_CYTOSOLIC_TRNA_AMINOACYLATION","A",2,0.0581828839356654,0.809391365050763,0,1.18000484436389,0.115545865387999,"TCGA_LIHC; GSE14520_GPL571"
"HCC","REACTOME_EUKARYOTIC_TRANSLATION_INITIATION","A",4,30.936352367337,8.76686779465207e-07,90.3,1.15031653202995,0.263077800181159,"TCGA_LIHC; GSE14520_GPL3921; GSE14520_GPL571; GSE76427"
"HCC","HALLMARK_MYC_TARGETS_V2","C_v1",4,28.7821283262245,2.48835905618594e-06,89.6,1.13620969448224,0.227034145873219,"TCGA_LIHC; GSE14520_GPL3921; GSE14520_GPL571; GSE76427"
"HCC","HALLMARK_MTORC1_SIGNALING","C_v1",4,72.6594949883563,1.14983555227131e-15,95.9,1.11911839384031,0.381265674839129,"TCGA_LIHC; GSE14520_GPL3921; GSE14520_GPL571; GSE76427"
"HCC","REACTOME_TRANSLATION_OF_SARS_COV_2_STRUCTURAL_PROTEINS","C_v1",4,11.8120302505025,0.00805560239865781,74.6,1.09771351110527,0.152090677209748,"TCGA_LIHC; GSE14520_GPL3921; GSE14520_GPL571; GSE76427"
"HCC","REACTOME_RRNA_MODIFICATION_IN_THE_NUCLEUS_AND_CYTOSOL","B_extra",4,27.555668906811,4.50182417731877e-06,89.1,1.09183927847366,0.2161218122562,"TCGA_LIHC; GSE14520_GPL3921; GSE14520_GPL571; GSE76427"
"HCC","REACTOME_EUKARYOTIC_TRANSLATION_ELONGATION","A",4,4.48696368029653,0.213456049021642,33.1,0.988500158775265,0.096974697082762,"TCGA_LIHC; GSE14520_GPL3921; GSE14520_GPL571; GSE76427"
"HCC","KEGG_RIBOSOME","A",4,20.4182719098036,0.000139017181766738,85.3,0.947738210866796,0.215041966412807,"TCGA_LIHC; GSE14520_GPL3921; GSE14520_GPL571; GSE76427"
"HCC","REACTOME_MITOCHONDRIAL_TRANSLATION_ELONGATION","A",4,60.8618008526469,3.84687423386023e-13,95.1,0.86472173472757,0.353618966328201,"TCGA_LIHC; GSE14520_GPL3921; GSE14520_GPL571; GSE76427"
"HCC","REACTOME_MITOCHONDRIAL_TRANSLATION","A",4,68.7711510235549,7.82276471303091e-15,95.6,0.85074989433633,0.372957361998234,"TCGA_LIHC; GSE14520_GPL3921; GSE14520_GPL571; GSE76427"
"HCC","KEGG_AMINOACYL_TRNA_BIOSYNTHESIS","A",4,11.1707894849203,0.0108373069767237,73.1,0.845752632970721,0.139503290995535,"TCGA_LIHC; GSE14520_GPL3921; GSE14520_GPL571; GSE76427"
"HCC","REACTOME_MITOCHONDRIAL_TRNA_AMINOACYLATION","A",4,13.7558176541603,0.00325709077939854,78.2,0.680589239321545,0.154976339227519,"TCGA_LIHC; GSE14520_GPL3921; GSE14520_GPL571; GSE76427"
"HCC","REACTOME_TRANSCRIPTIONAL_AND_POST_TRANSLATIONAL_REGULATION_OF_MITF_M_EXPRESSION_AND_ACTIVITY","C_v1",4,9.17045308851193,0.0271083986120352,67.3,0.677528869022264,0.126288734186504,"TCGA_LIHC; GSE14520_GPL3921; GSE14520_GPL571; GSE76427"
"HCC","REACTOME_SARS_COV_1_MODULATES_HOST_TRANSLATION_MACHINERY","C_v1",4,6.55926042835975,0.0873544890866199,54.3,0.600755394718085,0.114290224504622,"TCGA_LIHC; GSE14520_GPL3921; GSE14520_GPL571; GSE76427"
"HCC","REACTOME_TRNA_PROCESSING_IN_THE_MITOCHONDRION","B_extra",1,NA,NA,NA,-0.511675948224508,0.0802626829310103,"TCGA_LIHC"
"HCC","REACTOME_TRNA_MODIFICATION_IN_THE_MITOCHONDRION","B_extra",4,33.4141380659543,2.63375760866379e-07,91,0.502500582197996,0.228023421223616,"TCGA_LIHC; GSE14520_GPL3921; GSE14520_GPL571; GSE76427"
"HCC","REACTOME_REGULATION_OF_CDH1_MRNA_TRANSLATION_BY_MICRORNAS","C_v1",3,2.45883359494867,0.292463093168094,18.7,-0.467886058695411,0.10192947569599,"TCGA_LIHC; GSE14520_GPL571; GSE76427"
"HCC","REACTOME_REGULATION_OF_CDH1_POSTTRANSLATIONAL_PROCESSING_AND_TRAFFICKING_TO_PLASMA_MEMBRANE","C_v1",4,6.21553146035694,0.101582252629351,51.7,0.449777467644096,0.0985217407027392,"TCGA_LIHC; GSE14520_GPL3921; GSE14520_GPL571; GSE76427"
"HCC","REACTOME_TRANSLATION_OF_REPLICASE_AND_ASSEMBLY_OF_THE_REPLICATION_TRANSCRIPTION_COMPLEX","C_v1",4,87.5489425844856,7.36092599729249e-19,96.6,0.357288116808568,0.359000409156909,"TCGA_LIHC; GSE14520_GPL3921; GSE14520_GPL571; GSE76427"
"HCC","REACTOME_REGULATION_OF_CDH11_MRNA_TRANSLATION_BY_MICRORNAS","C_v1",1,NA,NA,NA,0.351989716953209,0.109716233158004,"TCGA_LIHC"
"HCC","REACTOME_RRNA_PROCESSING_IN_THE_MITOCHONDRION","A",4,16.7769667849518,0.000785444242491403,82.1,-0.211759634607925,0.155620203482556,"TCGA_LIHC; GSE14520_GPL3921; GSE14520_GPL571; GSE76427"
"HCC","REACTOME_REGULATION_OF_NPAS4_MRNA_TRANSLATION","C_v1",1,NA,NA,NA,0.156065099220077,0.119481798733393,"TCGA_LIHC"
"HCC","REACTOME_POST_TRANSLATIONAL_MODIFICATION_SYNTHESIS_OF_GPI_ANCHORED_PROTEINS","C_v1",4,10.8665638939866,0.0124697366446145,72.4,-0.0429571825322979,0.125586797020507,"TCGA_LIHC; GSE14520_GPL3921; GSE14520_GPL571; GSE76427"
"HCC","REACTOME_REGULATION_OF_PD_L1_CD274_TRANSLATION","C_v1",1,NA,NA,NA,-0.0329300972234152,0.116539787170233,"TCGA_LIHC"
"HCC","REACTOME_REGULATION_OF_PTEN_MRNA_TRANSLATION","C_v1",1,NA,NA,NA,-0.0213259418859418,0.118578916048238,"TCGA_LIHC"
"HCC","REACTOME_TRANSLATION_OF_SARS_COV_1_STRUCTURAL_PROTEINS","C_v1",4,12.9468824487202,0.00475289465840655,76.8,-0.0142933682856195,0.145018924503389,"TCGA_LIHC; GSE14520_GPL3921; GSE14520_GPL571; GSE76427"
"HF","REACTOME_TRANSCRIPTIONAL_AND_POST_TRANSLATIONAL_REGULATION_OF_MITF_M_EXPRESSION_AND_ACTIVITY","C_v1",3,15.7887213111304,0.000372840197309263,87.3,-1.26136360406879,0.273681798619362,"GSE57338; GSE116250; GSE141910"
"HF","REACTOME_CARBOXYTERMINAL_POST_TRANSLATIONAL_MODIFICATIONS_OF_TUBULIN","C_v1",3,8.02979560313874,0.0180447986066175,75.1,-0.944677418430381,0.187816099762971,"GSE57338; GSE116250; GSE141910"
"HF","REACTOME_TRANSLATION_OF_SARS_COV_2_STRUCTURAL_PROTEINS","C_v1",3,17.5932893786947,0.000151239680822561,88.6,-0.873482926513004,0.264448772199855,"GSE57338; GSE116250; GSE141910"
"HF","HALLMARK_MTORC1_SIGNALING","C_v1",3,8.60813823684578,0.0135134591187754,76.8,-0.787952290742364,0.177662998777045,"GSE57338; GSE116250; GSE141910"
"HF","REACTOME_CYTOSOLIC_TRNA_AMINOACYLATION","A",3,11.2965731182927,0.00352354899831078,82.3,-0.743618228709414,0.203732449044037,"GSE57338; GSE116250; GSE141910"
"HF","REACTOME_TRNA_MODIFICATION_IN_THE_MITOCHONDRION","B_extra",3,6.8835500483534,0.032007820219587,70.9,-0.714161090190943,0.16487437612023,"GSE57338; GSE116250; GSE141910"
"HF","REACTOME_TRANSLATION_OF_SARS_COV_1_STRUCTURAL_PROTEINS","C_v1",3,77.3237036552269,1.61946322749352e-17,97.4,-0.666593450569202,0.568836070153585,"GSE57338; GSE116250; GSE141910"
"HF","REACTOME_RESPIRATORY_SYNCYTIAL_VIRUS_RSV_GENOME_REPLICATION_TRANSCRIPTION_AND_TRANSLATION","C_v1",3,21.7556659269898,1.88719670186423e-05,90.8,-0.604234802172821,0.285320579627125,"GSE57338; GSE116250; GSE141910"
"HF","REACTOME_TRNA_PROCESSING","B_extra",3,2.34248954395918,0.309980845544027,14.6,-0.556149256685369,0.083260199501202,"GSE57338; GSE116250; GSE141910"
"HF","REACTOME_MITOCHONDRIAL_TRNA_AMINOACYLATION","A",3,0.226821536780005,0.892783857397969,0,0.524126998757989,0.0757184309422388,"GSE57338; GSE116250; GSE141910"
"HF","HALLMARK_MYC_TARGETS_V1","C_v1",3,21.0609868116524,2.67094424350028e-05,90.5,-0.459625726626797,0.25193942067264,"GSE57338; GSE116250; GSE141910"
"HF","HALLMARK_MYC_TARGETS_V2","C_v1",3,55.0994186151081,1.08470906521255e-12,96.4,-0.454234482598933,0.395967650890877,"GSE57338; GSE116250; GSE141910"
"HF","REACTOME_TRNA_PROCESSING_IN_THE_NUCLEUS","B_extra",3,5.04012047358189,0.0804547602669907,60.3,-0.42897915614963,0.132720923821279,"GSE57338; GSE116250; GSE141910"
"HF","REACTOME_TRNA_MODIFICATION_IN_THE_NUCLEUS_AND_CYTOSOL","B_extra",3,8.04835180378061,0.0178781514349205,75.2,-0.415040148491757,0.172539154064164,"GSE57338; GSE116250; GSE141910"
"HF","REACTOME_RRNA_MODIFICATION_IN_THE_NUCLEUS_AND_CYTOSOL","B_extra",3,23.3115262321588,8.66894796880394e-06,91.4,-0.410816544151562,0.264117050207278,"GSE57338; GSE116250; GSE141910"
"HF","REACTOME_DENGUE_VIRUS_GENOME_TRANSLATION_AND_REPLICATION","C_v1",3,13.1869563939676,0.00136926908380379,84.8,-0.397496342980655,0.221227110716336,"GSE57338; GSE116250; GSE141910"
"HF","REACTOME_POST_TRANSLATIONAL_MODIFICATION_SYNTHESIS_OF_GPI_ANCHORED_PROTEINS","C_v1",3,2.18473299932964,0.335421778204941,8.5,-0.381646187937404,0.0795574366348767,"GSE57338; GSE116250; GSE141910"
"HF","REACTOME_REGULATION_OF_CDH1_POSTTRANSLATIONAL_PROCESSING_AND_TRAFFICKING_TO_PLASMA_MEMBRANE","C_v1",3,62.8751259849673,2.22249026775398e-14,96.8,-0.347484112525469,0.479635339302914,"GSE57338; GSE116250; GSE141910"
"HF","REACTOME_TRNA_PROCESSING_IN_THE_MITOCHONDRION","B_extra",2,0.329028978404263,0.566231420935703,0,-0.321923566860527,0.0767106149243299,"GSE57338; GSE141910"
"HF","REACTOME_REGULATION_OF_PD_L1_CD274_POST_TRANSLATIONAL_MODIFICATION","C_v1",3,8.55856353046356,0.0138526079389757,76.6,-0.315060385008327,0.169005880071686,"GSE57338; GSE116250; GSE141910"
"HF","REACTOME_RRNA_PROCESSING","A",3,31.8388460522686,1.21978257399311e-07,93.7,-0.307358753333724,0.320065517527912,"GSE57338; GSE116250; GSE141910"
"HF","REACTOME_REGULATION_OF_CDH1_MRNA_TRANSLATION_BY_MICRORNAS","C_v1",3,1.14149993198177,0.565101472853388,0,-0.29126790720903,0.0721269427982584,"GSE57338; GSE116250; GSE141910"
"HF","REACTOME_REGULATION_OF_PD_L1_CD274_TRANSLATION","C_v1",3,8.21568363948642,0.0164432237004276,75.7,-0.287999801100889,0.168466246315025,"GSE57338; GSE116250; GSE141910"
"HF","REACTOME_RRNA_PROCESSING_IN_THE_MITOCHONDRION","A",3,6.47275370089826,0.039306049115048,69.1,-0.285639330226548,0.143225587490633,"GSE57338; GSE116250; GSE141910"
"HF","REACTOME_TRANSLATION","A",3,16.9793298406589,0.000205582134969677,88.2,-0.282596082401067,0.244482046022691,"GSE57338; GSE116250; GSE141910"
"HF","REACTOME_REGULATION_OF_PTEN_MRNA_TRANSLATION","C_v1",3,18.2945834906234,0.000106507862919327,89.1,-0.266774168128622,0.244972814470537,"GSE57338; GSE116250; GSE141910"
"HF","REACTOME_REGULATION_OF_NPAS4_MRNA_TRANSLATION","C_v1",3,20.3165209987641,3.87546232586154e-05,90.2,-0.235617901751019,0.258431232866426,"GSE57338; GSE116250; GSE141910"
"HF","REACTOME_TRANSLATION_OF_REPLICASE_AND_ASSEMBLY_OF_THE_REPLICATION_TRANSCRIPTION_COMPLEX","C_v1",3,21.730919740615,1.91069221888013e-05,90.8,-0.212236518186795,0.272192373540868,"GSE57338; GSE116250; GSE141910"
"HF","REACTOME_MITOCHONDRIAL_TRANSLATION","A",3,9.68168329977823,0.00790040188022002,79.3,-0.198225990472412,0.183825704641375,"GSE57338; GSE116250; GSE141910"
"HF","REACTOME_EUKARYOTIC_TRANSLATION_INITIATION","A",3,28.9534206872219,5.16231595530401e-07,93.1,-0.173877883049418,0.332546677308386,"GSE57338; GSE116250; GSE141910"
"HF","REACTOME_MITOCHONDRIAL_TRANSLATION_ELONGATION","A",3,8.33337705827342,0.0155035146501796,76,-0.13549502751824,0.169732234880856,"GSE57338; GSE116250; GSE141910"
"HF","REACTOME_RIBOSOME_QUALITY_CONTROL_RQC_COMPLEX_EXTRACTS_AND_DEGRADES_NASCENT_PEPTIDE","A",3,18.1783720223035,0.000112879914128603,89,-0.127683072411687,0.266847993017574,"GSE57338; GSE116250; GSE141910"
"HF","REACTOME_TRNA_AMINOACYLATION","A",3,7.22342367086219,0.0270055781699037,72.3,-0.11245463774238,0.156544222027541,"GSE57338; GSE116250; GSE141910"
"HF","REACTOME_SARS_COV_1_MODULATES_HOST_TRANSLATION_MACHINERY","C_v1",3,36.7316290166468,1.05639929663658e-08,94.6,0.110470059422212,0.382676589537248,"GSE57338; GSE116250; GSE141910"
"HF","REACTOME_RIBOSOME_ASSOCIATED_QUALITY_CONTROL","A",3,26.9537522739306,1.40303033301762e-06,92.6,-0.0760945231389284,0.323122666684784,"GSE57338; GSE116250; GSE141910"
"HF","REACTOME_REGULATION_OF_CDH11_MRNA_TRANSLATION_BY_MICRORNAS","C_v1",3,14.1869624245984,0.000830501176496851,85.9,-0.0593330392296873,0.222220122166894,"GSE57338; GSE116250; GSE141910"
"HF","REACTOME_EUKARYOTIC_TRANSLATION_ELONGATION","A",3,26.6197774216226,1.65801623262879e-06,92.5,0.0532988981304834,0.330332678813201,"GSE57338; GSE116250; GSE141910"
"HF","REACTOME_SRP_DEPENDENT_COTRANSLATIONAL_PROTEIN_TARGETING_TO_MEMBRANE","A",3,28.8287166492372,5.49444359614184e-07,93.1,-0.0459360789193794,0.343391996899833,"GSE57338; GSE116250; GSE141910"
"HF","KEGG_RIBOSOME","A",3,24.0259490280906,6.06500910674348e-06,91.7,0.0155180550760294,0.308991519997547,"GSE57338; GSE116250; GSE141910"
"HF","REACTOME_SARS_COV_2_MODULATES_HOST_TRANSLATION_MACHINERY","C_v1",3,36.4246855796088,1.23162933346477e-08,94.5,0.0136394156604357,0.37821373474173,"GSE57338; GSE116250; GSE141910"
"HF","KEGG_AMINOACYL_TRNA_BIOSYNTHESIS","A",3,4.97627036459771,0.0830647227996693,59.8,-0.00277064016059786,0.130103616579598,"GSE57338; GSE116250; GSE141910"
