"cohort","set","n_genes_in_cohort","scored"
"GSE57338","KEGG_RIBOSOME",81,TRUE
"GSE57338","KEGG_AMINOACYL_TRNA_BIOSYNTHESIS",40,TRUE
"GSE57338","REACTOME_TRANSLATION",342,TRUE
"GSE57338","REACTOME_EUKARYOTIC_TRANSLATION_INITIATION",112,TRUE
"GSE57338","REACTOME_EUKARYOTIC_TRANSLATION_ELONGATION",87,TRUE
"GSE57338","REACTOME_TRNA_AMINOACYLATION",41,TRUE
"GSE57338","REACTOME_CYTOSOLIC_TRNA_AMINOACYLATION",23,TRUE
"GSE57338","REACTOME_RRNA_PROCESSING",196,TRUE
"GSE57338","REACTOME_SRP_DEPENDENT_COTRANSLATIONAL_PROTEIN_TARGETING_TO_MEMBRANE",106,TRUE
"GSE57338","REACTOME_RIBOSOME_ASSOCIATED_QUALITY_CONTROL",138,TRUE
"GSE57338","REACTOME_RIBOSOME_QUALITY_CONTROL_RQC_COMPLEX_EXTRACTS_AND_DEGRADES_NASCENT_PEPTIDE",98,TRUE
"GSE57338","REACTOME_MITOCHONDRIAL_TRANSLATION",95,TRUE
"GSE57338","REACTOME_MITOCHONDRIAL_TRANSLATION_ELONGATION",83,TRUE
"GSE57338","REACTOME_MITOCHONDRIAL_TRNA_AMINOACYLATION",21,TRUE
"GSE57338","REACTOME_RRNA_PROCESSING_IN_THE_MITOCHONDRION",17,TRUE
"GSE57338","REACTOME_TRNA_PROCESSING",97,TRUE
"GSE57338","REACTOME_TRNA_PROCESSING_IN_THE_NUCLEUS",52,TRUE
"GSE57338","REACTOME_TRNA_MODIFICATION_IN_THE_NUCLEUS_AND_CYTOSOL",36,TRUE
"GSE57338","REACTOME_RRNA_MODIFICATION_IN_THE_NUCLEUS_AND_CYTOSOL",58,TRUE
"GSE57338","REACTOME_TRNA_MODIFICATION_IN_THE_MITOCHONDRION",11,TRUE
"GSE57338","REACTOME_TRNA_PROCESSING_IN_THE_MITOCHONDRION",5,TRUE
"GSE57338","REACTOME_CARBOXYTERMINAL_POST_TRANSLATIONAL_MODIFICATIONS_OF_TUBULIN",27,TRUE
"GSE57338","HALLMARK_MYC_TARGETS_V1",188,TRUE
"GSE57338","REACTOME_REGULATION_OF_PD_L1_CD274_POST_TRANSLATIONAL_MODIFICATION",82,TRUE
"GSE57338","REACTOME_DENGUE_VIRUS_GENOME_TRANSLATION_AND_REPLICATION",76,TRUE
"GSE57338","REACTOME_RESPIRATORY_SYNCYTIAL_VIRUS_RSV_GENOME_REPLICATION_TRANSCRIPTION_AND_TRANSLATION",17,TRUE
"GSE57338","HALLMARK_MYC_TARGETS_V2",53,TRUE
"GSE57338","REACTOME_SARS_COV_2_MODULATES_HOST_TRANSLATION_MACHINERY",44,TRUE
"GSE57338","REACTOME_REGULATION_OF_CDH1_POSTTRANSLATIONAL_PROCESSING_AND_TRAFFICKING_TO_PLASMA_MEMBRANE",30,TRUE
"GSE57338","REACTOME_TRANSLATION_OF_SARS_COV_2_STRUCTURAL_PROTEINS",58,TRUE
"GSE57338","REACTOME_SARS_COV_1_MODULATES_HOST_TRANSLATION_MACHINERY",35,TRUE
"GSE57338","HALLMARK_MTORC1_SIGNALING",180,TRUE
"GSE57338","REACTOME_TRANSLATION_OF_REPLICASE_AND_ASSEMBLY_OF_THE_REPLICATION_TRANSCRIPTION_COMPLEX",13,TRUE
"GSE57338","REACTOME_REGULATION_OF_CDH1_MRNA_TRANSLATION_BY_MICRORNAS",9,TRUE
"GSE57338","REACTOME_POST_TRANSLATIONAL_MODIFICATION_SYNTHESIS_OF_GPI_ANCHORED_PROTEINS",43,TRUE
"GSE57338","REACTOME_TRANSCRIPTIONAL_AND_POST_TRANSLATIONAL_REGULATION_OF_MITF_M_EXPRESSION_AND_ACTIVITY",43,TRUE
"GSE57338","REACTOME_REGULATION_OF_CDH11_MRNA_TRANSLATION_BY_MICRORNAS",9,TRUE
"GSE57338","REACTOME_TRANSLATION_OF_SARS_COV_1_STRUCTURAL_PROTEINS",29,TRUE
"GSE57338","REACTOME_REGULATION_OF_PTEN_MRNA_TRANSLATION",9,TRUE
"GSE57338","REACTOME_REGULATION_OF_NPAS4_MRNA_TRANSLATION",8,TRUE
"GSE57338","REACTOME_REGULATION_OF_PD_L1_CD274_TRANSLATION",9,TRUE
"GSE141198","KEGG_RIBOSOME",85,TRUE
"GSE141198","KEGG_AMINOACYL_TRNA_BIOSYNTHESIS",41,TRUE
"GSE141198","REACTOME_TRANSLATION",364,TRUE
"GSE141198","REACTOME_EUKARYOTIC_TRANSLATION_INITIATION",117,TRUE
"GSE141198","REACTOME_EUKARYOTIC_TRANSLATION_ELONGATION",90,TRUE
"GSE141198","REACTOME_TRNA_AMINOACYLATION",42,TRUE
"GSE141198","REACTOME_CYTOSOLIC_TRNA_AMINOACYLATION",24,TRUE
"GSE141198","REACTOME_RRNA_PROCESSING",205,TRUE
"GSE141198","REACTOME_SRP_DEPENDENT_COTRANSLATIONAL_PROTEIN_TARGETING_TO_MEMBRANE",110,TRUE
"GSE141198","REACTOME_RIBOSOME_ASSOCIATED_QUALITY_CONTROL",142,TRUE
"GSE141198","REACTOME_RIBOSOME_QUALITY_CONTROL_RQC_COMPLEX_EXTRACTS_AND_DEGRADES_NASCENT_PEPTIDE",101,TRUE
"GSE141198","REACTOME_MITOCHONDRIAL_TRANSLATION",112,TRUE
"GSE141198","REACTOME_MITOCHONDRIAL_TRANSLATION_ELONGATION",87,TRUE
"GSE141198","REACTOME_MITOCHONDRIAL_TRNA_AMINOACYLATION",21,TRUE
"GSE141198","REACTOME_RRNA_PROCESSING_IN_THE_MITOCHONDRION",17,TRUE
"GSE141198","REACTOME_TRNA_PROCESSING",110,TRUE
"GSE141198","REACTOME_TRNA_PROCESSING_IN_THE_NUCLEUS",58,TRUE
"GSE141198","REACTOME_TRNA_MODIFICATION_IN_THE_NUCLEUS_AND_CYTOSOL",43,TRUE
"GSE141198","REACTOME_RRNA_MODIFICATION_IN_THE_NUCLEUS_AND_CYTOSOL",58,TRUE
"GSE141198","REACTOME_TRNA_MODIFICATION_IN_THE_MITOCHONDRION",11,TRUE
"GSE141198","REACTOME_TRNA_PROCESSING_IN_THE_MITOCHONDRION",5,TRUE
"GSE141198","REACTOME_CARBOXYTERMINAL_POST_TRANSLATIONAL_MODIFICATIONS_OF_TUBULIN",24,TRUE
"GSE141198","HALLMARK_MYC_TARGETS_V1",199,TRUE
"GSE141198","REACTOME_REGULATION_OF_PD_L1_CD274_POST_TRANSLATIONAL_MODIFICATION",83,TRUE
"GSE141198","REACTOME_DENGUE_VIRUS_GENOME_TRANSLATION_AND_REPLICATION",78,TRUE
"GSE141198","REACTOME_RESPIRATORY_SYNCYTIAL_VIRUS_RSV_GENOME_REPLICATION_TRANSCRIPTION_AND_TRANSLATION",17,TRUE
"GSE141198","HALLMARK_MYC_TARGETS_V2",56,TRUE
"GSE141198","REACTOME_SARS_COV_2_MODULATES_HOST_TRANSLATION_MACHINERY",49,TRUE
"GSE141198","REACTOME_REGULATION_OF_CDH1_POSTTRANSLATIONAL_PROCESSING_AND_TRAFFICKING_TO_PLASMA_MEMBRANE",31,TRUE
"GSE141198","REACTOME_TRANSLATION_OF_SARS_COV_2_STRUCTURAL_PROTEINS",57,TRUE
"GSE141198","REACTOME_SARS_COV_1_MODULATES_HOST_TRANSLATION_MACHINERY",36,TRUE
"GSE141198","HALLMARK_MTORC1_SIGNALING",195,TRUE
"GSE141198","REACTOME_TRANSLATION_OF_REPLICASE_AND_ASSEMBLY_OF_THE_REPLICATION_TRANSCRIPTION_COMPLEX",13,TRUE
"GSE141198","REACTOME_REGULATION_OF_CDH1_MRNA_TRANSLATION_BY_MICRORNAS",10,TRUE
"GSE141198","REACTOME_POST_TRANSLATIONAL_MODIFICATION_SYNTHESIS_OF_GPI_ANCHORED_PROTEINS",47,TRUE
"GSE141198","REACTOME_TRANSCRIPTIONAL_AND_POST_TRANSLATIONAL_REGULATION_OF_MITF_M_EXPRESSION_AND_ACTIVITY",47,TRUE
"GSE141198","REACTOME_REGULATION_OF_CDH11_MRNA_TRANSLATION_BY_MICRORNAS",8,TRUE
"GSE141198","REACTOME_TRANSLATION_OF_SARS_COV_1_STRUCTURAL_PROTEINS",27,TRUE
"GSE141198","REACTOME_REGULATION_OF_PTEN_MRNA_TRANSLATION",9,TRUE
"GSE141198","REACTOME_REGULATION_OF_NPAS4_MRNA_TRANSLATION",8,TRUE
"GSE141198","REACTOME_REGULATION_OF_PD_L1_CD274_TRANSLATION",9,TRUE
"TCGA_LIHC","KEGG_RIBOSOME",86,TRUE
"TCGA_LIHC","KEGG_AMINOACYL_TRNA_BIOSYNTHESIS",40,TRUE
"TCGA_LIHC","REACTOME_TRANSLATION",361,TRUE
"TCGA_LIHC","REACTOME_EUKARYOTIC_TRANSLATION_INITIATION",118,TRUE
"TCGA_LIHC","REACTOME_EUKARYOTIC_TRANSLATION_ELONGATION",91,TRUE
"TCGA_LIHC","REACTOME_TRNA_AMINOACYLATION",41,TRUE
"TCGA_LIHC","REACTOME_CYTOSOLIC_TRNA_AMINOACYLATION",24,TRUE
"TCGA_LIHC","REACTOME_RRNA_PROCESSING",207,TRUE
"TCGA_LIHC","REACTOME_SRP_DEPENDENT_COTRANSLATIONAL_PROTEIN_TARGETING_TO_MEMBRANE",111,TRUE
"TCGA_LIHC","REACTOME_RIBOSOME_ASSOCIATED_QUALITY_CONTROL",143,TRUE
"TCGA_LIHC","REACTOME_RIBOSOME_QUALITY_CONTROL_RQC_COMPLEX_EXTRACTS_AND_DEGRADES_NASCENT_PEPTIDE",102,TRUE
"TCGA_LIHC","REACTOME_MITOCHONDRIAL_TRANSLATION",110,TRUE
"TCGA_LIHC","REACTOME_MITOCHONDRIAL_TRANSLATION_ELONGATION",86,TRUE
"TCGA_LIHC","REACTOME_MITOCHONDRIAL_TRNA_AMINOACYLATION",20,TRUE
"TCGA_LIHC","REACTOME_RRNA_PROCESSING_IN_THE_MITOCHONDRION",18,TRUE
"TCGA_LIHC","REACTOME_TRNA_PROCESSING",113,TRUE
"TCGA_LIHC","REACTOME_TRNA_PROCESSING_IN_THE_NUCLEUS",58,TRUE
"TCGA_LIHC","REACTOME_TRNA_MODIFICATION_IN_THE_NUCLEUS_AND_CYTOSOL",44,TRUE
"TCGA_LIHC","REACTOME_RRNA_MODIFICATION_IN_THE_NUCLEUS_AND_CYTOSOL",58,TRUE
"TCGA_LIHC","REACTOME_TRNA_MODIFICATION_IN_THE_MITOCHONDRION",11,TRUE
"TCGA_LIHC","REACTOME_TRNA_PROCESSING_IN_THE_MITOCHONDRION",7,TRUE
"TCGA_LIHC","REACTOME_CARBOXYTERMINAL_POST_TRANSLATIONAL_MODIFICATIONS_OF_TUBULIN",29,TRUE
"TCGA_LIHC","HALLMARK_MYC_TARGETS_V1",199,TRUE
"TCGA_LIHC","REACTOME_REGULATION_OF_PD_L1_CD274_POST_TRANSLATIONAL_MODIFICATION",85,TRUE
"TCGA_LIHC","REACTOME_DENGUE_VIRUS_GENOME_TRANSLATION_AND_REPLICATION",81,TRUE
"TCGA_LIHC","REACTOME_RESPIRATORY_SYNCYTIAL_VIRUS_RSV_GENOME_REPLICATION_TRANSCRIPTION_AND_TRANSLATION",17,TRUE
"TCGA_LIHC","HALLMARK_MYC_TARGETS_V2",55,TRUE
"TCGA_LIHC","REACTOME_SARS_COV_2_MODULATES_HOST_TRANSLATION_MACHINERY",50,TRUE
"TCGA_LIHC","REACTOME_REGULATION_OF_CDH1_POSTTRANSLATIONAL_PROCESSING_AND_TRAFFICKING_TO_PLASMA_MEMBRANE",31,TRUE
"TCGA_LIHC","REACTOME_TRANSLATION_OF_SARS_COV_2_STRUCTURAL_PROTEINS",60,TRUE
"TCGA_LIHC","REACTOME_SARS_COV_1_MODULATES_HOST_TRANSLATION_MACHINERY",36,TRUE
"TCGA_LIHC","HALLMARK_MTORC1_SIGNALING",196,TRUE
"TCGA_LIHC","REACTOME_TRANSLATION_OF_REPLICASE_AND_ASSEMBLY_OF_THE_REPLICATION_TRANSCRIPTION_COMPLEX",14,TRUE
"TCGA_LIHC","REACTOME_REGULATION_OF_CDH1_MRNA_TRANSLATION_BY_MICRORNAS",11,TRUE
"TCGA_LIHC","REACTOME_POST_TRANSLATIONAL_MODIFICATION_SYNTHESIS_OF_GPI_ANCHORED_PROTEINS",60,TRUE
"TCGA_LIHC","REACTOME_TRANSCRIPTIONAL_AND_POST_TRANSLATIONAL_REGULATION_OF_MITF_M_EXPRESSION_AND_ACTIVITY",51,TRUE
"TCGA_LIHC","REACTOME_REGULATION_OF_CDH11_MRNA_TRANSLATION_BY_MICRORNAS",9,TRUE
"TCGA_LIHC","REACTOME_TRANSLATION_OF_SARS_COV_1_STRUCTURAL_PROTEINS",29,TRUE
"TCGA_LIHC","REACTOME_REGULATION_OF_PTEN_MRNA_TRANSLATION",9,TRUE
"TCGA_LIHC","REACTOME_REGULATION_OF_NPAS4_MRNA_TRANSLATION",8,TRUE
"TCGA_LIHC","REACTOME_REGULATION_OF_PD_L1_CD274_TRANSLATION",9,TRUE
"GSE116250","KEGG_RIBOSOME",87,TRUE
"GSE116250","KEGG_AMINOACYL_TRNA_BIOSYNTHESIS",22,TRUE
"GSE116250","REACTOME_TRANSLATION",326,TRUE
"GSE116250","REACTOME_EUKARYOTIC_TRANSLATION_INITIATION",119,TRUE
"GSE116250","REACTOME_EUKARYOTIC_TRANSLATION_ELONGATION",93,TRUE
"GSE116250","REACTOME_TRNA_AMINOACYLATION",24,TRUE
"GSE116250","REACTOME_CYTOSOLIC_TRNA_AMINOACYLATION",6,TRUE
"GSE116250","REACTOME_RRNA_PROCESSING",197,TRUE
"GSE116250","REACTOME_SRP_DEPENDENT_COTRANSLATIONAL_PROTEIN_TARGETING_TO_MEMBRANE",111,TRUE
"GSE116250","REACTOME_RIBOSOME_ASSOCIATED_QUALITY_CONTROL",140,TRUE
"GSE116250","REACTOME_RIBOSOME_QUALITY_CONTROL_RQC_COMPLEX_EXTRACTS_AND_DEGRADES_NASCENT_PEPTIDE",98,TRUE
"GSE116250","REACTOME_MITOCHONDRIAL_TRANSLATION",95,TRUE
"GSE116250","REACTOME_MITOCHONDRIAL_TRANSLATION_ELONGATION",85,TRUE
"GSE116250","REACTOME_MITOCHONDRIAL_TRNA_AMINOACYLATION",18,TRUE
"GSE116250","REACTOME_RRNA_PROCESSING_IN_THE_MITOCHONDRION",11,TRUE
"GSE116250","REACTOME_TRNA_PROCESSING",104,TRUE
"GSE116250","REACTOME_TRNA_PROCESSING_IN_THE_NUCLEUS",56,TRUE
"GSE116250","REACTOME_TRNA_MODIFICATION_IN_THE_NUCLEUS_AND_CYTOSOL",40,TRUE
"GSE116250","REACTOME_RRNA_MODIFICATION_IN_THE_NUCLEUS_AND_CYTOSOL",55,TRUE
"GSE116250","REACTOME_TRNA_MODIFICATION_IN_THE_MITOCHONDRION",10,TRUE
"GSE116250","REACTOME_TRNA_PROCESSING_IN_THE_MITOCHONDRION",4,FALSE
"GSE116250","REACTOME_CARBOXYTERMINAL_POST_TRANSLATIONAL_MODIFICATIONS_OF_TUBULIN",41,TRUE
"GSE116250","HALLMARK_MYC_TARGETS_V1",193,TRUE
"GSE116250","REACTOME_REGULATION_OF_PD_L1_CD274_POST_TRANSLATIONAL_MODIFICATION",84,TRUE
"GSE116250","REACTOME_DENGUE_VIRUS_GENOME_TRANSLATION_AND_REPLICATION",80,TRUE
"GSE116250","REACTOME_RESPIRATORY_SYNCYTIAL_VIRUS_RSV_GENOME_REPLICATION_TRANSCRIPTION_AND_TRANSLATION",17,TRUE
"GSE116250","HALLMARK_MYC_TARGETS_V2",57,TRUE
"GSE116250","REACTOME_SARS_COV_2_MODULATES_HOST_TRANSLATION_MACHINERY",51,TRUE
"GSE116250","REACTOME_REGULATION_OF_CDH1_POSTTRANSLATIONAL_PROCESSING_AND_TRAFFICKING_TO_PLASMA_MEMBRANE",31,TRUE
"GSE116250","REACTOME_TRANSLATION_OF_SARS_COV_2_STRUCTURAL_PROTEINS",61,TRUE
"GSE116250","REACTOME_SARS_COV_1_MODULATES_HOST_TRANSLATION_MACHINERY",37,TRUE
"GSE116250","HALLMARK_MTORC1_SIGNALING",194,TRUE
"GSE116250","REACTOME_TRANSLATION_OF_REPLICASE_AND_ASSEMBLY_OF_THE_REPLICATION_TRANSCRIPTION_COMPLEX",14,TRUE
"GSE116250","REACTOME_REGULATION_OF_CDH1_MRNA_TRANSLATION_BY_MICRORNAS",10,TRUE
"GSE116250","REACTOME_POST_TRANSLATIONAL_MODIFICATION_SYNTHESIS_OF_GPI_ANCHORED_PROTEINS",73,TRUE
"GSE116250","REACTOME_TRANSCRIPTIONAL_AND_POST_TRANSLATIONAL_REGULATION_OF_MITF_M_EXPRESSION_AND_ACTIVITY",45,TRUE
"GSE116250","REACTOME_REGULATION_OF_CDH11_MRNA_TRANSLATION_BY_MICRORNAS",9,TRUE
"GSE116250","REACTOME_TRANSLATION_OF_SARS_COV_1_STRUCTURAL_PROTEINS",29,TRUE
"GSE116250","REACTOME_REGULATION_OF_PTEN_MRNA_TRANSLATION",9,TRUE
"GSE116250","REACTOME_REGULATION_OF_NPAS4_MRNA_TRANSLATION",9,TRUE
"GSE116250","REACTOME_REGULATION_OF_PD_L1_CD274_TRANSLATION",9,TRUE
"GSE14520_GPL3921","KEGG_RIBOSOME",74,TRUE
"GSE14520_GPL3921","KEGG_AMINOACYL_TRNA_BIOSYNTHESIS",7,TRUE
"GSE14520_GPL3921","REACTOME_TRANSLATION",230,TRUE
"GSE14520_GPL3921","REACTOME_EUKARYOTIC_TRANSLATION_INITIATION",93,TRUE
"GSE14520_GPL3921","REACTOME_EUKARYOTIC_TRANSLATION_ELONGATION",78,TRUE
"GSE14520_GPL3921","REACTOME_TRNA_AMINOACYLATION",9,TRUE
"GSE14520_GPL3921","REACTOME_CYTOSOLIC_TRNA_AMINOACYLATION",2,FALSE
"GSE14520_GPL3921","REACTOME_RRNA_PROCESSING",143,TRUE
"GSE14520_GPL3921","REACTOME_SRP_DEPENDENT_COTRANSLATIONAL_PROTEIN_TARGETING_TO_MEMBRANE",94,TRUE
"GSE14520_GPL3921","REACTOME_RIBOSOME_ASSOCIATED_QUALITY_CONTROL",121,TRUE
"GSE14520_GPL3921","REACTOME_RIBOSOME_QUALITY_CONTROL_RQC_COMPLEX_EXTRACTS_AND_DEGRADES_NASCENT_PEPTIDE",85,TRUE
"GSE14520_GPL3921","REACTOME_MITOCHONDRIAL_TRANSLATION",53,TRUE
"GSE14520_GPL3921","REACTOME_MITOCHONDRIAL_TRANSLATION_ELONGATION",50,TRUE
"GSE14520_GPL3921","REACTOME_MITOCHONDRIAL_TRNA_AMINOACYLATION",7,TRUE
"GSE14520_GPL3921","REACTOME_RRNA_PROCESSING_IN_THE_MITOCHONDRION",5,TRUE
"GSE14520_GPL3921","REACTOME_TRNA_PROCESSING",65,TRUE
"GSE14520_GPL3921","REACTOME_TRNA_PROCESSING_IN_THE_NUCLEUS",40,TRUE
"GSE14520_GPL3921","REACTOME_TRNA_MODIFICATION_IN_THE_NUCLEUS_AND_CYTOSOL",20,TRUE
"GSE14520_GPL3921","REACTOME_RRNA_MODIFICATION_IN_THE_NUCLEUS_AND_CYTOSOL",34,TRUE
"GSE14520_GPL3921","REACTOME_TRNA_MODIFICATION_IN_THE_MITOCHONDRION",7,TRUE
"GSE14520_GPL3921","REACTOME_TRNA_PROCESSING_IN_THE_MITOCHONDRION",2,FALSE
"GSE14520_GPL3921","REACTOME_CARBOXYTERMINAL_POST_TRANSLATIONAL_MODIFICATIONS_OF_TUBULIN",5,TRUE
"GSE14520_GPL3921","HALLMARK_MYC_TARGETS_V1",158,TRUE
"GSE14520_GPL3921","REACTOME_REGULATION_OF_PD_L1_CD274_POST_TRANSLATIONAL_MODIFICATION",63,TRUE
"GSE14520_GPL3921","REACTOME_DENGUE_VIRUS_GENOME_TRANSLATION_AND_REPLICATION",59,TRUE
"GSE14520_GPL3921","REACTOME_RESPIRATORY_SYNCYTIAL_VIRUS_RSV_GENOME_REPLICATION_TRANSCRIPTION_AND_TRANSLATION",15,TRUE
"GSE14520_GPL3921","HALLMARK_MYC_TARGETS_V2",39,TRUE
"GSE14520_GPL3921","REACTOME_SARS_COV_2_MODULATES_HOST_TRANSLATION_MACHINERY",39,TRUE
"GSE14520_GPL3921","REACTOME_REGULATION_OF_CDH1_POSTTRANSLATIONAL_PROCESSING_AND_TRAFFICKING_TO_PLASMA_MEMBRANE",23,TRUE
"GSE14520_GPL3921","REACTOME_TRANSLATION_OF_SARS_COV_2_STRUCTURAL_PROTEINS",38,TRUE
"GSE14520_GPL3921","REACTOME_SARS_COV_1_MODULATES_HOST_TRANSLATION_MACHINERY",31,TRUE
"GSE14520_GPL3921","HALLMARK_MTORC1_SIGNALING",160,TRUE
"GSE14520_GPL3921","REACTOME_TRANSLATION_OF_REPLICASE_AND_ASSEMBLY_OF_THE_REPLICATION_TRANSCRIPTION_COMPLEX",11,TRUE
"GSE14520_GPL3921","REACTOME_REGULATION_OF_CDH1_MRNA_TRANSLATION_BY_MICRORNAS",3,FALSE
"GSE14520_GPL3921","REACTOME_POST_TRANSLATIONAL_MODIFICATION_SYNTHESIS_OF_GPI_ANCHORED_PROTEINS",29,TRUE
"GSE14520_GPL3921","REACTOME_TRANSCRIPTIONAL_AND_POST_TRANSLATIONAL_REGULATION_OF_MITF_M_EXPRESSION_AND_ACTIVITY",32,TRUE
"GSE14520_GPL3921","REACTOME_REGULATION_OF_CDH11_MRNA_TRANSLATION_BY_MICRORNAS",1,FALSE
"GSE14520_GPL3921","REACTOME_TRANSLATION_OF_SARS_COV_1_STRUCTURAL_PROTEINS",20,TRUE
"GSE14520_GPL3921","REACTOME_REGULATION_OF_PTEN_MRNA_TRANSLATION",2,FALSE
"GSE14520_GPL3921","REACTOME_REGULATION_OF_NPAS4_MRNA_TRANSLATION",1,FALSE
"GSE14520_GPL3921","REACTOME_REGULATION_OF_PD_L1_CD274_TRANSLATION",1,FALSE
"GSE14520_GPL571","KEGG_RIBOSOME",63,TRUE
"GSE14520_GPL571","KEGG_AMINOACYL_TRNA_BIOSYNTHESIS",10,TRUE
"GSE14520_GPL571","REACTOME_TRANSLATION",243,TRUE
"GSE14520_GPL571","REACTOME_EUKARYOTIC_TRANSLATION_INITIATION",91,TRUE
"GSE14520_GPL571","REACTOME_EUKARYOTIC_TRANSLATION_ELONGATION",65,TRUE
"GSE14520_GPL571","REACTOME_TRNA_AMINOACYLATION",15,TRUE
"GSE14520_GPL571","REACTOME_CYTOSOLIC_TRNA_AMINOACYLATION",5,TRUE
"GSE14520_GPL571","REACTOME_RRNA_PROCESSING",141,TRUE
"GSE14520_GPL571","REACTOME_SRP_DEPENDENT_COTRANSLATIONAL_PROTEIN_TARGETING_TO_MEMBRANE",82,TRUE
"GSE14520_GPL571","REACTOME_RIBOSOME_ASSOCIATED_QUALITY_CONTROL",113,TRUE
"GSE14520_GPL571","REACTOME_RIBOSOME_QUALITY_CONTROL_RQC_COMPLEX_EXTRACTS_AND_DEGRADES_NASCENT_PEPTIDE",80,TRUE
"GSE14520_GPL571","REACTOME_MITOCHONDRIAL_TRANSLATION",58,TRUE
"GSE14520_GPL571","REACTOME_MITOCHONDRIAL_TRANSLATION_ELONGATION",54,TRUE
"GSE14520_GPL571","REACTOME_MITOCHONDRIAL_TRNA_AMINOACYLATION",10,TRUE
"GSE14520_GPL571","REACTOME_RRNA_PROCESSING_IN_THE_MITOCHONDRION",7,TRUE
"GSE14520_GPL571","REACTOME_TRNA_PROCESSING",70,TRUE
"GSE14520_GPL571","REACTOME_TRNA_PROCESSING_IN_THE_NUCLEUS",40,TRUE
"GSE14520_GPL571","REACTOME_TRNA_MODIFICATION_IN_THE_NUCLEUS_AND_CYTOSOL",23,TRUE
"GSE14520_GPL571","REACTOME_RRNA_MODIFICATION_IN_THE_NUCLEUS_AND_CYTOSOL",41,TRUE
"GSE14520_GPL571","REACTOME_TRNA_MODIFICATION_IN_THE_MITOCHONDRION",9,TRUE
"GSE14520_GPL571","REACTOME_TRNA_PROCESSING_IN_THE_MITOCHONDRION",2,FALSE
"GSE14520_GPL571","REACTOME_CARBOXYTERMINAL_POST_TRANSLATIONAL_MODIFICATIONS_OF_TUBULIN",13,TRUE
"GSE14520_GPL571","HALLMARK_MYC_TARGETS_V1",176,TRUE
"GSE14520_GPL571","REACTOME_REGULATION_OF_PD_L1_CD274_POST_TRANSLATIONAL_MODIFICATION",65,TRUE
"GSE14520_GPL571","REACTOME_DENGUE_VIRUS_GENOME_TRANSLATION_AND_REPLICATION",59,TRUE
"GSE14520_GPL571","REACTOME_RESPIRATORY_SYNCYTIAL_VIRUS_RSV_GENOME_REPLICATION_TRANSCRIPTION_AND_TRANSLATION",15,TRUE
"GSE14520_GPL571","HALLMARK_MYC_TARGETS_V2",44,TRUE
"GSE14520_GPL571","REACTOME_SARS_COV_2_MODULATES_HOST_TRANSLATION_MACHINERY",36,TRUE
"GSE14520_GPL571","REACTOME_REGULATION_OF_CDH1_POSTTRANSLATIONAL_PROCESSING_AND_TRAFFICKING_TO_PLASMA_MEMBRANE",27,TRUE
"GSE14520_GPL571","REACTOME_TRANSLATION_OF_SARS_COV_2_STRUCTURAL_PROTEINS",41,TRUE
"GSE14520_GPL571","REACTOME_SARS_COV_1_MODULATES_HOST_TRANSLATION_MACHINERY",29,TRUE
"GSE14520_GPL571","HALLMARK_MTORC1_SIGNALING",163,TRUE
"GSE14520_GPL571","REACTOME_TRANSLATION_OF_REPLICASE_AND_ASSEMBLY_OF_THE_REPLICATION_TRANSCRIPTION_COMPLEX",10,TRUE
"GSE14520_GPL571","REACTOME_REGULATION_OF_CDH1_MRNA_TRANSLATION_BY_MICRORNAS",5,TRUE
"GSE14520_GPL571","REACTOME_POST_TRANSLATIONAL_MODIFICATION_SYNTHESIS_OF_GPI_ANCHORED_PROTEINS",26,TRUE
"GSE14520_GPL571","REACTOME_TRANSCRIPTIONAL_AND_POST_TRANSLATIONAL_REGULATION_OF_MITF_M_EXPRESSION_AND_ACTIVITY",34,TRUE
"GSE14520_GPL571","REACTOME_REGULATION_OF_CDH11_MRNA_TRANSLATION_BY_MICRORNAS",3,FALSE
"GSE14520_GPL571","REACTOME_TRANSLATION_OF_SARS_COV_1_STRUCTURAL_PROTEINS",22,TRUE
"GSE14520_GPL571","REACTOME_REGULATION_OF_PTEN_MRNA_TRANSLATION",4,FALSE
"GSE14520_GPL571","REACTOME_REGULATION_OF_NPAS4_MRNA_TRANSLATION",3,FALSE
"GSE14520_GPL571","REACTOME_REGULATION_OF_PD_L1_CD274_TRANSLATION",3,FALSE
"GSE76427","KEGG_RIBOSOME",84,TRUE
"GSE76427","KEGG_AMINOACYL_TRNA_BIOSYNTHESIS",21,TRUE
"GSE76427","REACTOME_TRANSLATION",315,TRUE
"GSE76427","REACTOME_EUKARYOTIC_TRANSLATION_INITIATION",117,TRUE
"GSE76427","REACTOME_EUKARYOTIC_TRANSLATION_ELONGATION",91,TRUE
"GSE76427","REACTOME_TRNA_AMINOACYLATION",22,TRUE
"GSE76427","REACTOME_CYTOSOLIC_TRNA_AMINOACYLATION",4,FALSE
"GSE76427","REACTOME_RRNA_PROCESSING",185,TRUE
"GSE76427","REACTOME_SRP_DEPENDENT_COTRANSLATIONAL_PROTEIN_TARGETING_TO_MEMBRANE",109,TRUE
"GSE76427","REACTOME_RIBOSOME_ASSOCIATED_QUALITY_CONTROL",133,TRUE
"GSE76427","REACTOME_RIBOSOME_QUALITY_CONTROL_RQC_COMPLEX_EXTRACTS_AND_DEGRADES_NASCENT_PEPTIDE",92,TRUE
"GSE76427","REACTOME_MITOCHONDRIAL_TRANSLATION",93,TRUE
"GSE76427","REACTOME_MITOCHONDRIAL_TRANSLATION_ELONGATION",85,TRUE
"GSE76427","REACTOME_MITOCHONDRIAL_TRNA_AMINOACYLATION",18,TRUE
"GSE76427","REACTOME_RRNA_PROCESSING_IN_THE_MITOCHONDRION",10,TRUE
"GSE76427","REACTOME_TRNA_PROCESSING",89,TRUE
"GSE76427","REACTOME_TRNA_PROCESSING_IN_THE_NUCLEUS",51,TRUE
"GSE76427","REACTOME_TRNA_MODIFICATION_IN_THE_NUCLEUS_AND_CYTOSOL",32,TRUE
"GSE76427","REACTOME_RRNA_MODIFICATION_IN_THE_NUCLEUS_AND_CYTOSOL",49,TRUE
"GSE76427","REACTOME_TRNA_MODIFICATION_IN_THE_MITOCHONDRION",8,TRUE
"GSE76427","REACTOME_TRNA_PROCESSING_IN_THE_MITOCHONDRION",3,FALSE
"GSE76427","REACTOME_CARBOXYTERMINAL_POST_TRANSLATIONAL_MODIFICATIONS_OF_TUBULIN",19,TRUE
"GSE76427","HALLMARK_MYC_TARGETS_V1",183,TRUE
"GSE76427","REACTOME_REGULATION_OF_PD_L1_CD274_POST_TRANSLATIONAL_MODIFICATION",75,TRUE
"GSE76427","REACTOME_DENGUE_VIRUS_GENOME_TRANSLATION_AND_REPLICATION",72,TRUE
"GSE76427","REACTOME_RESPIRATORY_SYNCYTIAL_VIRUS_RSV_GENOME_REPLICATION_TRANSCRIPTION_AND_TRANSLATION",17,TRUE
"GSE76427","HALLMARK_MYC_TARGETS_V2",53,TRUE
"GSE76427","REACTOME_SARS_COV_2_MODULATES_HOST_TRANSLATION_MACHINERY",48,TRUE
"GSE76427","REACTOME_REGULATION_OF_CDH1_POSTTRANSLATIONAL_PROCESSING_AND_TRAFFICKING_TO_PLASMA_MEMBRANE",28,TRUE
"GSE76427","REACTOME_TRANSLATION_OF_SARS_COV_2_STRUCTURAL_PROTEINS",57,TRUE
"GSE76427","REACTOME_SARS_COV_1_MODULATES_HOST_TRANSLATION_MACHINERY",37,TRUE
"GSE76427","HALLMARK_MTORC1_SIGNALING",183,TRUE
"GSE76427","REACTOME_TRANSLATION_OF_REPLICASE_AND_ASSEMBLY_OF_THE_REPLICATION_TRANSCRIPTION_COMPLEX",13,TRUE
"GSE76427","REACTOME_REGULATION_OF_CDH1_MRNA_TRANSLATION_BY_MICRORNAS",6,TRUE
"GSE76427","REACTOME_POST_TRANSLATIONAL_MODIFICATION_SYNTHESIS_OF_GPI_ANCHORED_PROTEINS",53,TRUE
"GSE76427","REACTOME_TRANSCRIPTIONAL_AND_POST_TRANSLATIONAL_REGULATION_OF_MITF_M_EXPRESSION_AND_ACTIVITY",39,TRUE
"GSE76427","REACTOME_REGULATION_OF_CDH11_MRNA_TRANSLATION_BY_MICRORNAS",4,FALSE
"GSE76427","REACTOME_TRANSLATION_OF_SARS_COV_1_STRUCTURAL_PROTEINS",28,TRUE
"GSE76427","REACTOME_REGULATION_OF_PTEN_MRNA_TRANSLATION",4,FALSE
"GSE76427","REACTOME_REGULATION_OF_NPAS4_MRNA_TRANSLATION",3,FALSE
"GSE76427","REACTOME_REGULATION_OF_PD_L1_CD274_TRANSLATION",3,FALSE
"GSE141910","KEGG_RIBOSOME",86,TRUE
"GSE141910","KEGG_AMINOACYL_TRNA_BIOSYNTHESIS",41,TRUE
"GSE141910","REACTOME_TRANSLATION",362,TRUE
"GSE141910","REACTOME_EUKARYOTIC_TRANSLATION_INITIATION",118,TRUE
"GSE141910","REACTOME_EUKARYOTIC_TRANSLATION_ELONGATION",91,TRUE
"GSE141910","REACTOME_TRNA_AMINOACYLATION",42,TRUE
"GSE141910","REACTOME_CYTOSOLIC_TRNA_AMINOACYLATION",24,TRUE
"GSE141910","REACTOME_RRNA_PROCESSING",203,TRUE
"GSE141910","REACTOME_SRP_DEPENDENT_COTRANSLATIONAL_PROTEIN_TARGETING_TO_MEMBRANE",111,TRUE
"GSE141910","REACTOME_RIBOSOME_ASSOCIATED_QUALITY_CONTROL",142,TRUE
"GSE141910","REACTOME_RIBOSOME_QUALITY_CONTROL_RQC_COMPLEX_EXTRACTS_AND_DEGRADES_NASCENT_PEPTIDE",102,TRUE
"GSE141910","REACTOME_MITOCHONDRIAL_TRANSLATION",110,TRUE
"GSE141910","REACTOME_MITOCHONDRIAL_TRANSLATION_ELONGATION",85,TRUE
"GSE141910","REACTOME_MITOCHONDRIAL_TRNA_AMINOACYLATION",21,TRUE
"GSE141910","REACTOME_RRNA_PROCESSING_IN_THE_MITOCHONDRION",15,TRUE
"GSE141910","REACTOME_TRNA_PROCESSING",109,TRUE
"GSE141910","REACTOME_TRNA_PROCESSING_IN_THE_NUCLEUS",57,TRUE
"GSE141910","REACTOME_TRNA_MODIFICATION_IN_THE_NUCLEUS_AND_CYTOSOL",43,TRUE
"GSE141910","REACTOME_RRNA_MODIFICATION_IN_THE_NUCLEUS_AND_CYTOSOL",59,TRUE
"GSE141910","REACTOME_TRNA_MODIFICATION_IN_THE_MITOCHONDRION",11,TRUE
"GSE141910","REACTOME_TRNA_PROCESSING_IN_THE_MITOCHONDRION",5,TRUE
"GSE141910","REACTOME_CARBOXYTERMINAL_POST_TRANSLATIONAL_MODIFICATIONS_OF_TUBULIN",38,TRUE
"GSE141910","HALLMARK_MYC_TARGETS_V1",199,TRUE
"GSE141910","REACTOME_REGULATION_OF_PD_L1_CD274_POST_TRANSLATIONAL_MODIFICATION",84,TRUE
"GSE141910","REACTOME_DENGUE_VIRUS_GENOME_TRANSLATION_AND_REPLICATION",80,TRUE
"GSE141910","REACTOME_RESPIRATORY_SYNCYTIAL_VIRUS_RSV_GENOME_REPLICATION_TRANSCRIPTION_AND_TRANSLATION",17,TRUE
"GSE141910","HALLMARK_MYC_TARGETS_V2",58,TRUE
"GSE141910","REACTOME_SARS_COV_2_MODULATES_HOST_TRANSLATION_MACHINERY",48,TRUE
"GSE141910","REACTOME_REGULATION_OF_CDH1_POSTTRANSLATIONAL_PROCESSING_AND_TRAFFICKING_TO_PLASMA_MEMBRANE",31,TRUE
"GSE141910","REACTOME_TRANSLATION_OF_SARS_COV_2_STRUCTURAL_PROTEINS",61,TRUE
"GSE141910","REACTOME_SARS_COV_1_MODULATES_HOST_TRANSLATION_MACHINERY",35,TRUE
"GSE141910","HALLMARK_MTORC1_SIGNALING",198,TRUE
"GSE141910","REACTOME_TRANSLATION_OF_REPLICASE_AND_ASSEMBLY_OF_THE_REPLICATION_TRANSCRIPTION_COMPLEX",14,TRUE
"GSE141910","REACTOME_REGULATION_OF_CDH1_MRNA_TRANSLATION_BY_MICRORNAS",10,TRUE
"GSE141910","REACTOME_POST_TRANSLATIONAL_MODIFICATION_SYNTHESIS_OF_GPI_ANCHORED_PROTEINS",62,TRUE
"GSE141910","REACTOME_TRANSCRIPTIONAL_AND_POST_TRANSLATIONAL_REGULATION_OF_MITF_M_EXPRESSION_AND_ACTIVITY",51,TRUE
"GSE141910","REACTOME_REGULATION_OF_CDH11_MRNA_TRANSLATION_BY_MICRORNAS",9,TRUE
"GSE141910","REACTOME_TRANSLATION_OF_SARS_COV_1_STRUCTURAL_PROTEINS",29,TRUE
"GSE141910","REACTOME_REGULATION_OF_PTEN_MRNA_TRANSLATION",9,TRUE
"GSE141910","REACTOME_REGULATION_OF_NPAS4_MRNA_TRANSLATION",8,TRUE
"GSE141910","REACTOME_REGULATION_OF_PD_L1_CD274_TRANSLATION",9,TRUE
