"set","g_DCM_vs_NF","g_ICM_vs_NF","tier","same_direction"
"KEGG_RIBOSOME",-0.274582969868869,-0.556301056943638,"A",TRUE
"KEGG_AMINOACYL_TRNA_BIOSYNTHESIS",-0.207048097950562,-0.208200709806075,"A",TRUE
"REACTOME_TRANSLATION",-0.461851940842441,-0.602941794175249,"A",TRUE
"REACTOME_EUKARYOTIC_TRANSLATION_INITIATION",-0.47137834064691,-0.726854776792071,"A",TRUE
"REACTOME_EUKARYOTIC_TRANSLATION_ELONGATION",-0.292247087969127,-0.591391151648699,"A",TRUE
"REACTOME_TRNA_AMINOACYLATION",-0.356375740869958,-0.355702756244304,"A",TRUE
"REACTOME_CYTOSOLIC_TRNA_AMINOACYLATION",-0.810342603914782,-0.84609611248469,"A",TRUE
"REACTOME_RRNA_PROCESSING",-0.662640699859057,-0.758780596240106,"A",TRUE
"REACTOME_SRP_DEPENDENT_COTRANSLATIONAL_PROTEIN_TARGETING_TO_MEMBRANE",-0.456432313340878,-0.657792779082724,"A",TRUE
"REACTOME_RIBOSOME_ASSOCIATED_QUALITY_CONTROL",-0.378174274273897,-0.727481103239791,"A",TRUE
"REACTOME_RIBOSOME_QUALITY_CONTROL_RQC_COMPLEX_EXTRACTS_AND_DEGRADES_NASCENT_PEPTIDE",-0.35409970664936,-0.680099788566093,"A",TRUE
"REACTOME_MITOCHONDRIAL_TRANSLATION",-0.0585845895526456,-0.112314378498295,"A",TRUE
"REACTOME_MITOCHONDRIAL_TRANSLATION_ELONGATION",-0.0592318101932476,-0.09920431386048,"A",TRUE
"REACTOME_MITOCHONDRIAL_TRNA_AMINOACYLATION",0.598473544497538,0.550646366886286,"A",TRUE
"REACTOME_RRNA_PROCESSING_IN_THE_MITOCHONDRION",-0.122190653145575,-0.0926333735920689,"A",TRUE
"REACTOME_TRNA_PROCESSING",-0.404063933467384,-0.424873862800696,"B_extra",TRUE
"REACTOME_TRNA_PROCESSING_IN_THE_NUCLEUS",-0.482232103972137,-0.581349549392455,"B_extra",TRUE
"REACTOME_TRNA_MODIFICATION_IN_THE_NUCLEUS_AND_CYTOSOL",-0.184738849419202,-0.0859282868726733,"B_extra",TRUE
"REACTOME_RRNA_MODIFICATION_IN_THE_NUCLEUS_AND_CYTOSOL",-0.743493123467839,-0.760043873040929,"B_extra",TRUE
"REACTOME_TRNA_MODIFICATION_IN_THE_MITOCHONDRION",-0.476689130380746,-0.477256743182755,"B_extra",TRUE
"REACTOME_TRNA_PROCESSING_IN_THE_MITOCHONDRION",-0.330763340511041,-0.419487965141555,"B_extra",TRUE
"REACTOME_CARBOXYTERMINAL_POST_TRANSLATIONAL_MODIFICATIONS_OF_TUBULIN",-0.563113918965783,-0.658712957484959,"C_v1",TRUE
"HALLMARK_MYC_TARGETS_V1",-0.746391904227955,-0.76656117465268,"C_v1",TRUE
"REACTOME_REGULATION_OF_PD_L1_CD274_POST_TRANSLATIONAL_MODIFICATION",-0.509138725931649,-0.627781363364265,"C_v1",TRUE
"REACTOME_DENGUE_VIRUS_GENOME_TRANSLATION_AND_REPLICATION",-0.684137838008454,-0.733110663726185,"C_v1",TRUE
"REACTOME_RESPIRATORY_SYNCYTIAL_VIRUS_RSV_GENOME_REPLICATION_TRANSCRIPTION_AND_TRANSLATION",-0.932361653568107,-1.03063941215728,"C_v1",TRUE
"HALLMARK_MYC_TARGETS_V2",-1.09804360521061,-1.00990281310872,"C_v1",TRUE
"REACTOME_SARS_COV_2_MODULATES_HOST_TRANSLATION_MACHINERY",-0.466728408171284,-0.70819951003047,"C_v1",TRUE
"REACTOME_REGULATION_OF_CDH1_POSTTRANSLATIONAL_PROCESSING_AND_TRAFFICKING_TO_PLASMA_MEMBRANE",-1.01288654183658,-1.17946857446529,"C_v1",TRUE
"REACTOME_TRANSLATION_OF_SARS_COV_2_STRUCTURAL_PROTEINS",-1.12554074105454,-1.14204457892389,"C_v1",TRUE
"REACTOME_SARS_COV_1_MODULATES_HOST_TRANSLATION_MACHINERY",-0.361563523903838,-0.641067063100899,"C_v1",TRUE
"HALLMARK_MTORC1_SIGNALING",-1.06619393589126,-0.809783567532019,"C_v1",TRUE
"REACTOME_TRANSLATION_OF_REPLICASE_AND_ASSEMBLY_OF_THE_REPLICATION_TRANSCRIPTION_COMPLEX",-0.0626918669534296,0.135406225582669,"C_v1",FALSE
"REACTOME_REGULATION_OF_CDH1_MRNA_TRANSLATION_BY_MICRORNAS",-0.243073168671824,-0.330393940854864,"C_v1",TRUE
"REACTOME_POST_TRANSLATIONAL_MODIFICATION_SYNTHESIS_OF_GPI_ANCHORED_PROTEINS",-0.836131502489482,-0.34394351454651,"C_v1",TRUE
"REACTOME_TRANSCRIPTIONAL_AND_POST_TRANSLATIONAL_REGULATION_OF_MITF_M_EXPRESSION_AND_ACTIVITY",-1.54831147320486,-1.68255167587901,"C_v1",TRUE
"REACTOME_REGULATION_OF_CDH11_MRNA_TRANSLATION_BY_MICRORNAS",0.436771671925537,0.195124647980184,"C_v1",TRUE
"REACTOME_TRANSLATION_OF_SARS_COV_1_STRUCTURAL_PROTEINS",-1.1326021619925,-1.04103404756657,"C_v1",TRUE
"REACTOME_REGULATION_OF_PTEN_MRNA_TRANSLATION",0.268532737468041,0.0370349934785141,"C_v1",TRUE
"REACTOME_REGULATION_OF_NPAS4_MRNA_TRANSLATION",0.33035283630885,0.0748920111695672,"C_v1",TRUE
"REACTOME_REGULATION_OF_PD_L1_CD274_TRANSLATION",0.0691611733289399,-0.217026052870266,"C_v1",FALSE
