"cohort","panel","n_used","n_total","frac_used","mean_rank","mean_z","missing"
"GSE57338","immune_pan",10,24,0.417,4699.49201277955,1.83599073001072e-17,"CD3D,CD3E,CD3G,CD2,CD8A,CD19,MS4A1,GNLY,KLRD1,FCGR3A,CXCL9,CXCL10,FOXP3,CTLA4"
"GSE57338","myeloid",7,9,0.778,6444.94659972615,-2.78102187123412e-17,"FCGR3A,ITGAX"
"GSE57338","fibroblast",12,14,0.857,8480.3136315229,6.29809231701655e-16,"FAP,THY1"
"GSE57338","endothelial",8,8,1,8503.5303514377,-1.03539575520013e-16,""
"GSE57338","hepatocyte",3,14,0.214,3871.17891373802,-1.38192478183096e-16,"ALB,TTR,TF,CYP3A4,ASGR1,HP,FGA,FGB,FGG,APOC3,CYP2E1"
"GSE57338","cardiomyocyte",14,14,1,11206.7738475582,2.3480632263708e-16,""
"GSE141198","immune_pan",19,24,0.792,5035.68847795164,1.22328040386819e-17,"CD3G,CD19,MS4A1,CD68,IL2RA"
"GSE141198","myeloid",8,9,0.889,7613.08319256757,-1.1435768928098e-16,"CD68"
"GSE141198","lymphocyte",8,10,0.8,3770.87837837838,1.07035661771525e-16,"CD19,MS4A1"
"GSE141198","fibroblast",11,14,0.786,7926.80743243243,5.15699298204659e-17,"LUM,FAP,POSTN"
"GSE141198","endothelial",8,8,1,7502.45523648649,3.27742229353283e-17,""
"GSE141198","hepatocyte",14,14,1,12706.4442567568,-3.12366978865852e-17,""
"GSE141198","cardiomyocyte",3,14,0.214,5105.24887387387,-1.59446580844703e-16,"MYH7,MYH6,TNNT2,TNNI3,ACTC1,MYL2,MYL7,RYR2,NPPA,NPPB,MYBPC3"
"GSE141198","proliferation",11,11,1,5474.97205159705,-1.42665438807089e-16,""
"TCGA_LIHC","immune_pan",23,24,0.958,7512.42269957658,-7.40850023681158e-18,"CD68"
"TCGA_LIHC","myeloid",8,9,0.889,11244.4223574822,-8.18034402093422e-17,"CD68"
"TCGA_LIHC","lymphocyte",10,10,1,5991.41057007126,7.23929967152651e-17,""
"TCGA_LIHC","fibroblast",14,14,1,11999.525958602,1.31643261216734e-16,""
"TCGA_LIHC","endothelial",8,8,1,12017.2887470309,9.69601230263165e-18,""
"TCGA_LIHC","hepatocyte",14,14,1,16372.6931625382,-8.27859823325192e-17,""
"TCGA_LIHC","cardiomyocyte",4,14,0.286,6527.20813539192,-2.02660434991089e-16,"MYH7,MYH6,TNNT2,TNNI3,ACTC1,MYL2,MYL7,NPPA,NPPB,MYBPC3"
"TCGA_LIHC","proliferation",11,11,1,9213.01036493198,1.26073848572384e-16,""
"GSE116250","immune_pan",24,24,1,12154.6787109375,7.57120399903256e-18,""
"GSE116250","myeloid",9,9,1,18185.6223958333,1.30104260698261e-17,""
"GSE116250","lymphocyte",10,10,1,9689.27578125,-3.75256771457336e-18,""
"GSE116250","fibroblast",14,14,1,23164.6283482143,-2.03830008427275e-17,""
"GSE116250","endothelial",7,8,0.875,21667.5524553571,-1.49298027283043e-17,"PECAM1"
"GSE116250","hepatocyte",9,14,0.643,11225.3350694444,-4.85722573273506e-17,"CYP3A4,FGA,FGB,FGG,APOC3"
"GSE116250","cardiomyocyte",14,14,1,25944.3537946429,2.83545337884561e-17,""
"GSE116250","proliferation",11,11,1,10575.0056818182,3.52281002763064e-18,""
"GSE14520_GPL3921","immune_pan",11,24,0.458,3501.79959141982,1.66982118480432e-16,"CD3E,CD3G,CD19,MS4A1,NKG7,GNLY,KLRD1,CD68,FCGR3A,LYZ,IL2RA,FOXP3,CTLA4"
"GSE14520_GPL3921","myeloid",5,9,0.556,3817.23528089888,2.98431398974919e-16,"CD68,FCGR3A,LYZ,ITGAX"
"GSE14520_GPL3921","lymphocyte",4,10,0.4,2172.33904494382,6.28215975650618e-17,"CD3E,CD19,MS4A1,NKG7,GNLY,KLRD1"
"GSE14520_GPL3921","fibroblast",13,14,0.929,4270.71771823682,-5.47860758008495e-17,"FAP"
"GSE14520_GPL3921","endothelial",7,8,0.875,2139.25473515249,-1.1487731119828e-17,"TEK"
"GSE14520_GPL3921","hepatocyte",14,14,1,7378.88884430177,-1.54708097144615e-16,""
"GSE14520_GPL3921","proliferation",4,11,0.364,3759.04241573034,-2.15899980477821e-17,"MKI67,TOP2A,CCNB1,CDK1,BUB1,PLK1,CCNA2"
"GSE14520_GPL571","immune_pan",12,24,0.5,3479.65955284553,-4.64858292442017e-17,"CD3G,CD19,MS4A1,NKG7,GNLY,KLRD1,CD68,FCGR3A,ITGAM,IL2RA,FOXP3,CTLA4"
"GSE14520_GPL571","myeloid",5,9,0.556,4757.23902439024,1.23228832287377e-18,"CD68,FCGR3A,ITGAM,ITGAX"
"GSE14520_GPL571","lymphocyte",5,10,0.5,1870.77317073171,-2.37159308747919e-17,"CD19,MS4A1,NKG7,GNLY,KLRD1"
"GSE14520_GPL571","fibroblast",13,14,0.929,4435.25046904315,-5.56618817771887e-17,"FAP"
"GSE14520_GPL571","endothelial",7,8,0.875,2589.51045296167,6.36241567561006e-17,"TEK"
"GSE14520_GPL571","hepatocyte",14,14,1,7402.56445993031,-9.84125023174007e-17,""
"GSE14520_GPL571","proliferation",5,11,0.455,3510.30487804878,-9.90352574676942e-17,"MKI67,CCNB1,CDK1,BUB1,PLK1,CCNA2"
"GSE76427","immune_pan",20,24,0.833,8051.13862275449,-5.60168958374651e-17,"PTPRC,CD3E,CD19,KLRD1"
"GSE76427","myeloid",9,9,1,11104.1902860945,-5.7027735827022e-18,""
"GSE76427","lymphocyte",7,10,0.7,6696.49272882806,-5.19540591935045e-17,"CD3E,CD19,KLRD1"
"GSE76427","fibroblast",14,14,1,9007.3254918734,-6.83251873866067e-17,""
"GSE76427","endothelial",8,8,1,9291.80688622754,1.40058470165107e-17,""
"GSE76427","hepatocyte",14,14,1,16444.5765611634,-5.30285230231234e-18,""
"GSE76427","cardiomyocyte",7,14,0.5,4565.81993156544,3.05628152526513e-17,"MYH7,TNNI3,ACTC1,MYL7,RYR2,NPPB,MYBPC3"
"GSE76427","proliferation",8,11,0.727,8704.33121257485,-2.80574642444946e-17,"MKI67,CDK1,RRM2"
"GSE141910","immune_pan",21,24,0.875,5715.84406713505,1.99875780913771e-16,"CD19,CD68,FOXP3"
"GSE141910","myeloid",8,9,0.889,9415.4175204918,5.04232363067678e-16,"CD68"
"GSE141910","lymphocyte",9,10,0.9,3960.77580449302,5.459957715058e-17,"CD19"
"GSE141910","fibroblast",14,14,1,14320.1648126464,-3.23754358706903e-16,""
"GSE141910","endothelial",7,8,0.875,13782.0921155347,-2.85601356463226e-16,"PECAM1"
"GSE141910","hepatocyte",8,14,0.571,6099.06028005464,-1.76802862631903e-16,"TTR,CYP3A4,FGA,FGB,FGG,APOC3"
"GSE141910","cardiomyocyte",14,14,1,16575.5850897736,7.58346688381197e-16,""
"GSE141910","proliferation",11,11,1,5087.31656731247,1.82193361793848e-17,""
