"module","trait","r","p","fdr"
"MEpurple","ICM",-0.100200353922671,0.184516625216715,0.641037584181353
"MElightgreen","ICM",0.17651857935333,0.0187596065985602,0.595252250470814
"MEtan","ICM",0.203289174381233,0.00665120311269622,0.458933014776039
"MEgreen","ICM",0.0978459200144383,0.195098395185629,0.641037584181353
"MEblack","ICM",0.165940673248112,0.0272873819427908,0.595252250470814
"MEmidnightblue","ICM",0.0230322506643336,0.760904325159829,0.866855799007312
"MEroyalblue","ICM",0.0637275880288981,0.399401681758369,0.826581685754274
"MEbrown","ICM",0.0681681329203937,0.367300441112096,0.791991576147958
"MEmagenta","ICM",0.108051172993577,0.152276429740136,0.641037584181353
"MEdarkgreen","ICM",-0.100259688733828,0.18425550238258,0.641037584181353
"MEred","ICM",-0.148496555609143,0.0485444730348657,0.595252250470814
"MEsalmon","ICM",-0.0754135027383265,0.318461635221215,0.732461761008794
"MEblue","ICM",-0.037949974486573,0.616022776079493,0.857092546474342
"MElightcyan","ICM",0.131639959110802,0.0807144228532013,0.595252250470814
"MEpink","ICM",0.119825431404732,0.112148974726385,0.595252250470814
"MEturquoise","ICM",0.0365252182471805,0.629341024575086,0.857092546474342
"MEcyan","ICM",0.0314979252897351,0.677273270490194,0.857092546474342
"MEdarkturquoise","ICM",-0.0817486211778159,0.279385665355833,0.718468548093761
"MEgrey60","ICM",-0.0296116174064389,0.695611342066132,0.857092546474342
"MEyellow","ICM",-0.0336268767299991,0.656802246790357,0.857092546474342
"MEdarkred","ICM",-0.0296999706248186,0.694748347532024,0.857092546474342
"MEgreenyellow","ICM",-0.120174526341954,0.111099690620986,0.595252250470814
"MElightyellow","ICM",-0.0123446669279795,0.870457269196473,0.896441068276965
"MEpurple","male",-0.0626680943738973,0.407301120516599,0.826581685754274
"MElightgreen","male",-0.108524713726336,0.150477233052406,0.641037584181353
"MEtan","male",0.0270964943421208,0.720338090494083,0.857478196136563
"MEgreen","male",-0.0270519456941474,0.720778773564067,0.857478196136563
"MEblack","male",-0.087144233602211,0.248762746761272,0.715192896938657
"MEmidnightblue","male",0.0143252567798337,0.849901174974985,0.889595316236554
"MEroyalblue","male",-0.0514904612034618,0.496103045205855,0.857092546474342
"MEbrown","male",-0.049685005677759,0.511349168664754,0.857092546474342
"MEmagenta","male",0.0360784918695374,0.63354191261643,0.857092546474342
"MEdarkgreen","male",-0.0447563242740601,0.55417081944797,0.857092546474342
"MEred","male",0.040172204962656,0.595499116152294,0.857092546474342
"MEsalmon","male",0.000203371644946495,0.997856475005362,0.997856475005362
"MEblue","male",0.0246266571589224,0.7449053331506,0.866855799007312
"MElightcyan","male",0.0472840228528095,0.531993634335491,0.857092546474342
"MEpink","male",-0.0196059741701813,0.795621881879173,0.873450369005375
"MEturquoise","male",0.0159615267846177,0.832994049932688,0.889595316236554
"MEcyan","male",0.0224918142638828,0.766350778832551,0.866855799007312
"MEdarkturquoise","male",0.0449750533532025,0.55223417362343,0.857092546474342
"MEgrey60","male",0.0423485902879502,0.575704116183962,0.857092546474342
"MEyellow","male",0.0530532507791103,0.483102846909026,0.857092546474342
"MEdarkred","male",0.0387261866042687,0.608818977892833,0.857092546474342
"MEgreenyellow","male",0.0873966099947461,0.247389712551487,0.715192896938657
"MElightyellow","male",0.0780215104567669,0.30196504195245,0.718468548093761
"MEpurple","age",-0.0791374299247887,0.29508185274774,0.718468548093761
"MElightgreen","age",0.0995310035708174,0.187481157686988,0.641037584181353
"MEtan","age",0.00192238978299022,0.979740261129167,0.994148206145773
"MEgreen","age",-0.0400598441665173,0.596529381747584,0.857092546474342
"MEblack","age",0.125013385514073,0.0973333450149412,0.595252250470814
"MEmidnightblue","age",0.0823725012946984,0.275720325821758,0.718468548093761
"MEroyalblue","age",-0.0923740942495833,0.221380162365304,0.694328691054817
"MEbrown","age",-0.0302781217029099,0.689110948445602,0.857092546474342
"MEmagenta","age",-0.014227138893434,0.850917259008878,0.889595316236554
"MEdarkgreen","age",0.0493113177346287,0.514534789989594,0.857092546474342
"MEred","age",0.121627945748871,0.10681347565314,0.595252250470814
"MEsalmon","age",0.11237328455927,0.136445883147607,0.641037584181353
"MEblue","age",0.0591786450838124,0.433962855368546,0.855526772012276
"MElightcyan","age",0.0554772794527411,0.463306667234972,0.857092546474342
"MEpink","age",0.121666168178725,0.106702534198238,0.595252250470814
"MEturquoise","age",0.0344192620113771,0.649246758991539,0.857092546474342
"MEcyan","age",-0.146944995900484,0.0509699569469233,0.595252250470814
"MEdarkturquoise","age",-0.13447818904408,0.0743335844048256,0.595252250470814
"MEgrey60","age",-0.104022759512612,0.168243943056608,0.641037584181353
"MEyellow","age",-0.0194219956113591,0.797498163004908,0.873450369005375
"MEdarkred","age",0.123083871107613,0.102651210932319,0.595252250470814
"MEgreenyellow","age",0.0728460094726675,0.335262881001718,0.746230283519954
"MElightyellow","age",0.0805815341225682,0.286330220873306,0.718468548093761
